time,max_disp,max_vel,max_acc
0.004999999999999893,1.6058062793112743e-07,6.423225117245235e-05,0.025692900468981487
0.009999999999999787,8.637196437758828e-07,0.00021702335516545577,0.035423541128221187
0.01499999999999968,2.373711845809274e-06,0.0003869735256479135,0.03255652706476336
0.019999999999999574,4.6986590052461315e-06,0.0005430053381268494,0.029856197926812336
0.024999999999999467,7.766030770361087e-06,0.0006839433679191585,0.026519013990112493
0.02999999999999936,1.14929452583114e-05,0.0008068224272609984,0.022632609746624514
0.034999999999999254,1.5782616509100263e-05,0.0009090460730545835,0.01825684857081042
0.03999999999999915,2.052627125814612e-05,0.0009884158265637995,0.02480330236111323
0.04499999999999904,2.560537620017148e-05,0.001043226150246389,0.03131215760281332
0.049999999999998934,3.089431669051401e-05,0.0010723500458906666,0.03465152106828756
0.05499999999999883,3.626341450093613e-05,0.0010752890782782278,0.03448291703600944
0.05999999999999872,4.158210401295802e-05,0.0010521867265305736,0.031542143012469395
0.06499999999999861,4.6722082558837e-05,0.0010038046918210651,0.03406189950256759
0.06999999999999851,5.1560250607354145e-05,0.0009314625275858323,0.0346746132755049
0.0749999999999984,5.598150511128596e-05,0.0008370392739869317,0.03334064059405725
0.0799999999999983,5.98812685064946e-05,0.0007228660840965561,0.03217602896349634
0.08499999999999819,6.316721341367661e-05,0.0005915118787762765,0.03296743568794537
0.08999999999999808,6.576026878522507e-05,0.0006300498190705989,0.03367965851862615
0.09499999999999797,6.759567805892556e-05,0.000708212932606961,0.03411522760941181
0.09999999999999787,6.862445060761124e-05,0.0007490734165345654,0.03539446629391788
0.10499999999999776,6.881462342774653e-05,0.0007505681163995521,0.03453609764863632
0.10999999999999766,6.815230182063033e-05,0.0007126515760232353,0.034084954710093526
0.11499999999999755,6.664293944073174e-05,0.0007801029785815719,0.03305927322297177
0.11999999999999744,6.431190950239727e-05,0.000850921394994795,0.031263308193709566
0.12499999999999734,6.120349434768971e-05,0.0009093257302064287,0.02980689274012931
0.12999999999999723,5.737891743276613e-05,0.0009855261716693897,0.032988894829858915
0.13499999999999712,5.291430593660252e-05,0.001035222761056279,0.034309676023736004
0.13999999999999702,4.789855904513013e-05,0.001057356641254437,0.03366267286367432
0.1449999999999969,4.2430794505129295e-05,0.0011335777393526921,0.033934423361430155
0.1499999999999968,3.661766560668924e-05,0.0011916738200233809,0.03673607801542094
0.1549999999999967,3.0570722521232636e-05,0.0012271034141593115,0.0360374803136902
0.1599999999999966,2.440387021796845e-05,0.001239637507146416,0.0318857687385768
0.16499999999999648,1.82308525394707e-05,0.0012295695642527363,0.026150463831641456
0.16999999999999638,1.2162144070881959e-05,0.0011979138231828124,0.02623375647741403
0.17499999999999627,1.430505537713592e-05,0.0011460025224040028,0.02678862750957905
0.17999999999999616,1.7220864705819227e-05,0.0010748562101551124,0.028078736501594828
0.18499999999999606,1.9643948030878516e-05,0.0009851452181919534,0.02876263598845363
0.18999999999999595,2.14122245312855e-05,0.0008776696737475153,0.03153196803336429
0.19499999999999584,2.2404048184891093e-05,0.0007537133969578657,0.03456637147077883
0.19999999999999574,2.2544277595396e-05,0.0006151176519516223,0.037531341714378504
0.20499999999999563,2.180753538654224e-05,0.00046426823121519634,0.03750444108484908
0.20999999999999552,2.1176251241124397e-05,0.0004951449353476374,0.033875074660578305
0.21499999999999542,2.2278144630613098e-05,0.0005457933959475752,0.03393269646547938
0.2199999999999953,2.2534997081992168e-05,0.0006624699564580031,0.03445800205147903
0.2249999999999952,2.193338097008657e-05,0.0007425937962108883,0.03450626955711461
0.2299999999999951,2.047196599725563e-05,0.0007801257038339499,0.034097276582352634
0.234999999999995,1.81608428259429e-05,0.000771201964015423,0.03325248903527207
0.23999999999999488,1.85248548098597e-05,0.0007786178709366055,0.032053359391311625
0.24499999999999478,2.031830969000941e-05,0.0008658725462496715,0.03042507416814222
0.24999999999999467,2.1874435768949836e-05,0.0010123539925878983,0.03322206708295177
0.25499999999999456,2.3532247465380135e-05,0.0011452690288428673,0.03909615001218259
0.25999999999999446,2.7148290648368544e-05,0.0012597505272765464,0.04245590732497768
0.26499999999999435,3.052784619769955e-05,0.0013508350614708762,0.043109188059438475
0.26999999999999424,3.359638307061809e-05,0.0014143103617729224,0.04111552572796266
0.27499999999999414,3.628221242797523e-05,0.0014472290591731264,0.03673465677597815
0.27999999999999403,3.8521465845013354e-05,0.0014478580816431465,0.030248160812228007
0.2849999999999939,4.0261181495377266e-05,0.001415210953831571,0.021954090686701927
0.2899999999999938,4.6918546746820514e-05,0.0013486118374220009,0.023019737684382147
0.2949999999999937,5.3408510267113584e-05,0.0012473735706952827,0.02407624618154188
0.2999999999999936,5.930313025167906e-05,0.0011104744231309588,0.0310106220645943
0.3049999999999935,6.442010009287372e-05,0.0009363135133469444,0.03865374184901302
0.3099999999999934,6.856908860706622e-05,0.0007232818923300887,0.04655890655773112
0.3149999999999933,7.155599019770041e-05,0.0005013813942606241,0.054162352804864214
0.3199999999999932,7.319523471471314e-05,0.0006235046729401571,0.06074151961198146
0.32499999999999307,7.332726604817135e-05,0.0007792771076094116,0.06550871733990483
0.32999999999999297,7.183623761515308e-05,0.0009302339894512629,0.06793060834445759
0.33499999999999286,6.866162664981095e-05,0.0010684451273181533,0.06800327114300726
0.33999999999999275,6.380058636917329e-05,0.0012186536296265454,0.0658915398168249
0.34499999999999265,5.7304942830605796e-05,0.001458680845599714,0.06175017049212822
0.34999999999999254,4.927734470118615e-05,0.0017523584061682135,0.05572085373527405
0.35499999999999243,3.9867677107988896e-05,0.002011508631110767,0.04793923624174925
0.3599999999999923,2.927017491365324e-05,0.0022274922466235863,0.0384542099633804
0.3649999999999922,1.772269368124453e-05,0.0023915002463399965,0.027148989923184926
0.3699999999999921,2.2460895380789025e-05,0.0024948053779543455,0.03384306985537781
0.374999999999992,2.8345111659157568e-05,0.0025302077008066363,0.0496622615256849
0.3799999999999919,3.34801519554689e-05,0.002492642851878433,0.06353886755063554
0.3849999999999918,3.8143066154451604e-05,0.0023791593068995223,0.07461793387375693
0.3899999999999917,4.4481520677529375e-05,0.0021897039996903104,0.08195282728223433
0.3949999999999916,5.350796156832627e-05,0.0019277233790304356,0.0848073869911208
0.3999999999999915,6.232527134943645e-05,0.001599200533413708,0.0830338983122821
0.40499999999999137,6.935089985594499e-05,0.0012110508691897677,0.08324046482507351
0.40999999999999126,7.430500970928099e-05,0.0014941271315008272,0.09294265399296744
0.41499999999999115,7.694669663702761e-05,0.0017967965639657843,0.10086189528330756
0.41999999999999105,7.708067360725243e-05,0.002026619397344781,0.10656714864392446
0.42499999999999094,7.456682598307636e-05,0.0021710106926436153,0.10965574253300321
0.42999999999999083,6.932601164991581e-05,0.0022223401473940394,0.1104360397276053
0.4349999999999907,6.133677867513954e-05,0.0022446099359493977,0.10921916067031923
0.4399999999999906,5.0631770601285504e-05,0.0025755987911410204,0.10564965478421734
0.4449999999999905,5.0627428614996524e-05,0.0029213256648351095,0.09904555751422339
0.4499999999999904,5.9058217538393816e-05,0.003390168504412668,0.08849157831680414
0.4549999999999903,6.584766893209238e-05,0.0037942038175453096,0.07979291783536585
0.4599999999999902,7.064653994821164e-05,0.004107780501186433,0.09303128645239134
0.4649999999999901,7.852648892973353e-05,0.004301912213106025,0.10603392879737635
0.46999999999999,9.10891236364442e-05,0.004346168277173717,0.11857263848554901
0.4749999999999899,0.00010206133183354596,0.004214987641583131,0.12889858568073462
0.47999999999998977,0.00011078585806524271,0.003895451766429915,0.13407711326465394
0.48499999999998966,0.0001206272060439913,0.0033918867732768906,0.14473854679312803
0.48999999999998956,0.00013402010116674186,0.0028784260887840195,0.1639550853481702
0.49499999999998945,0.00014561594610171442,0.0034195422529821437,0.17926140390001058
0.49999999999998934,0.00015288086541957762,0.0038417975828490647,0.19514991037378487
0.5049999999999892,0.00015530015443003994,0.0041177765901317725,0.2105802536972973
0.5099999999999891,0.00015249540590349942,0.004225822553411511,0.21953558815210916
0.514999999999989,0.00014425021199592313,0.004465021475732645,0.22081983096424584
0.5199999999999889,0.00013053666396251675,0.005019388654744103,0.21376141005225205
0.5249999999999888,0.00011153258888544857,0.00562265492199825,0.19814167591717072
0.5299999999999887,0.00010817444129642716,0.00606114365181449,0.17425042135775465
0.5349999999999886,0.00011981050002122135,0.006305647766850662,0.18266412110558813
0.5399999999999885,0.00012692603752250967,0.006663409451622273,0.2071438914012237
0.5449999999999884,0.00012891463133900215,0.007087343203754894,0.2233590856593391
0.5499999999999883,0.00014966716050216706,0.007283105067755616,0.23170683316464077
0.5549999999999882,0.00016823036041585364,0.007222626716247213,0.23210922104780768
0.5599999999999881,0.0001864875365281969,0.00689054520181817,0.24264278877606768
0.564999999999988,0.00020387097874856604,0.006298437585798436,0.2695054516850135
0.5699999999999878,0.00021506644870748656,0.005483629668574069,0.2808090865471237
0.5749999999999877,0.00021945100030225262,0.006093082278677157,0.28732860461996756
0.5799999999999876,0.00022122484097651646,0.006401692107796231,0.2877775085053732
0.5849999999999875,0.00023501575661801803,0.0063761039878514674,0.27855175686728706
0.5899999999999874,0.00024253638202127164,0.006010548340642797,0.26196788416427247
0.5949999999999873,0.00024355391606496827,0.006484129692783367,0.2640405938502426
0.5999999999999872,0.00023801633752133309,0.007149956036646399,0.2587689421083738
0.6049999999999871,0.00022604846221446412,0.007560787471206143,0.2697325158259978
0.609999999999987,0.00020792825156065934,0.007876975192262249,0.2979699287102318
0.6149999999999869,0.00018405689354969516,0.008308796620318378,0.3087934605902864
0.6199999999999868,0.00015494509233449294,0.008500156137366417,0.3025563241553813
0.6249999999999867,0.00014151747904787404,0.008442788622240852,0.2810528844673304
0.6299999999999866,0.00015354572081221774,0.00812842091917714,0.24680292777101695
0.6349999999999865,0.0001798648514789251,0.008337117006167176,0.2287362504056034
0.6399999999999864,0.00020048838002084581,0.008584740156072041,0.26567975013271367
0.6449999999999863,0.00021450067715697043,0.008568304642497781,0.29770127425639115
0.6499999999999861,0.00023008435177811817,0.008269078938263962,0.32202933778445175
0.654999999999986,0.0002472784243025049,0.007687726347278912,0.33485326425562545
0.6599999999999859,0.00025618822093674125,0.006906440576712213,0.3592533771745252
0.6649999999999858,0.00025621958327536477,0.006313611357128661,0.3671894686934401
0.6699999999999857,0.0002471722580539628,0.005837716632297671,0.3589576950427394
0.6749999999999856,0.0002373668488778723,0.007098985962168785,0.3360360103576245
0.6799999999999855,0.00025003330080550234,0.00809337841107479,0.31370534049761006
0.6849999999999854,0.00025560386221649815,0.008780266469059076,0.34184880901163195
0.6899999999999853,0.00025402926569571436,0.00913537023405594,0.35211782613165443
0.6949999999999852,0.0002454419008078374,0.009417337015641201,0.34433448776095144
0.6999999999999851,0.00023016340363256097,0.009942989260266615,0.31996327859110085
0.704999999999985,0.00020872277148222427,0.010116172261808058,0.281354610812628
0.7099999999999849,0.0001818634547155308,0.009916048438857657,0.2360881655710291
0.7149999999999848,0.00019371596841666954,0.009338147133995984,0.2934290083741949
0.7199999999999847,0.00021867287283011328,0.008473052651521965,0.3397266198426987
0.7249999999999845,0.00023522734272138596,0.008742719543160573,0.37150727548783485
0.7299999999999844,0.00024259995063984392,0.008596166582089745,0.38635674483204996
0.7349999999999843,0.00025092103682308,0.008018992950771046,0.383685508643873
0.7399999999999842,0.00026537955610227013,0.007305834021177658,0.38639488847813386
0.7449999999999841,0.00027028727327956453,0.00686131020896422,0.387891117604597
0.749999999999984,0.00026562362734598185,0.006473496489329034,0.38413674774764556
0.7549999999999839,0.00025187824068346576,0.007620709967075128,0.44311741562635293
0.7599999999999838,0.0002301219804179456,0.008325979055403538,0.4930756979807407
0.7649999999999837,0.00020447119334311093,0.008512987503787617,0.5240246978035612
0.7699999999999836,0.00020643606927660558,0.00818039185549168,0.5187895159318614
0.7749999999999835,0.00022664625121820308,0.008153620783144388,0.467277076505106
0.7799999999999834,0.00024503870768684743,0.010253690360421197,0.3727507544056349
0.7849999999999833,0.0002612669391662626,0.011802288929505283,0.27364217342509567
0.7899999999999832,0.00027475852339329106,0.012676901188053194,0.290070252918868
0.794999999999983,0.0002848940847852284,0.01282174851556502,0.2969123515389786
0.799999999999983,0.0002911412116402242,0.012236377650493143,0.29558472718805456
0.8049999999999828,0.00029311209262144274,0.010960776499665793,0.32130941348862385
0.8099999999999827,0.0002905547370541943,0.009063252260892884,0.4377002820205565
0.8149999999999826,0.000288097742972723,0.006631934779038431,0.5348267107212468
0.8199999999999825,0.00031410420340567864,0.004411114036091135,0.609687443236538
0.8249999999999824,0.000325028132768144,0.005160448348469353,0.6590033740842165
0.8299999999999823,0.0003196705255941624,0.005581628100223006,0.6773516544266588
0.8349999999999822,0.0002976194287427414,0.006078473520133688,0.657251665452882
0.8399999999999821,0.000259407612610351,0.009206252932822807,0.5938600996227922
0.844999999999982,0.00020661245315402088,0.01191181084970968,0.48836306713198063
0.8499999999999819,0.0001418262057186037,0.01400268812445775,0.34798784276726397
0.8549999999999818,9.074905180741043e-05,0.01533021002251132,0.28293844551258723
0.8599999999999817,0.00010532312474315501,0.015800475952199602,0.34274720365763406
0.8649999999999816,0.0001152672038009529,0.01538047748157151,0.3682776562974299
0.8699999999999815,0.0001609891375522588,0.01410112227132498,0.35376650051544145
0.8749999999999813,0.0002263745275005011,0.012053033707972489,0.4805781849147749
0.8799999999999812,0.00027994209962145706,0.009373995140410362,0.591037242110099
0.8849999999999811,0.00031895859854218364,0.007349818105916489,0.6655190429018366
0.889999999999981,0.00034157062344279416,0.006689429166477146,0.7026405153049082
0.8949999999999809,0.0003468389099072158,0.005919671576319312,0.7041980762786815
0.8999999999999808,0.00033470477529128214,0.0050392842535054725,0.6733507049947004
0.9049999999999807,0.00032110476775034947,0.0073676654721619985,0.614210323958735
0.9099999999999806,0.0003301671663599326,0.01023616729048937,0.5331904033722371
0.9149999999999805,0.00033188338128763145,0.012659605871526118,0.43618502904248324
0.9199999999999804,0.0003255453226027504,0.014566053541678304,0.35319984335853466
0.9249999999999803,0.0003104075165432595,0.015889264981094022,0.38006827700278517
0.9299999999999802,0.00029328049377898605,0.016549001380703244,0.3916211279690306
0.9349999999999801,0.0002702572296943976,0.016447269117823373,0.3876221797625624
0.93999999999998,0.0002377513925204919,0.015486090818377747,0.35034620679666467
0.9449999999999799,0.00025564285538384464,0.013588052422568922,0.4764409667930392
0.9499999999999797,0.0003164113181136062,0.01181214010706633,0.6710469345000654
0.9549999999999796,0.00036054690123678865,0.012071959211692563,0.8427259012596109
0.9599999999999795,0.0003839547457905164,0.011682519879916265,0.959939434093602
0.9649999999999794,0.00038383883835927204,0.010735946559245488,1.0011955481488903
0.9699999999999793,0.00035917311468077514,0.009372258438516533,0.9656400691691792
0.9749999999999792,0.00031075682977935496,0.01197482470322148,0.8676141091806452
0.9799999999999791,0.0002409367256401057,0.015953216952478824,0.7237427905223268
0.984999999999979,0.00022503007619215098,0.019126821158190872,0.5456988917625194
0.9899999999999789,0.0002377481871143746,0.021344659084363803,0.47427576453408615
0.9949999999999788,0.0002386839535462524,0.022493864131181394,0.4943541578985359
0.9999999999999787,0.00022735516949468312,0.022503389455876557,0.49934399702046106
1.0049999999999786,0.0002796726847307803,0.021353079536654735,0.48741969555181114
1.0099999999999785,0.00038074128423379197,0.019074360264550793,0.5657993512951726
1.0149999999999784,0.0004677394797873893,0.01572491795688888,0.7739775717696221
1.0199999999999783,0.0005354194309629189,0.012162474606470082,0.9771646056565595
1.0249999999999782,0.0005787370605875549,0.013198929034963867,1.1696646650603788
1.029999999999978,0.0005930459434775903,0.013370099587191302,1.3249055417589948
1.034999999999978,0.0005746545153396227,0.012592329684328012,1.4125740159023161
1.0399999999999778,0.0005214687401396127,0.014174175005334324,1.4170419563634158
1.0449999999999777,0.000433412834325557,0.02104818732028869,1.3325629696183892
1.0499999999999776,0.0003156885600688741,0.02725917920166975,1.1518337829340866
1.0549999999999775,0.0002867939080113892,0.032327115166996254,0.875340603196554
1.0599999999999774,0.0002836436115796453,0.03581543943365156,0.8048036058698461
1.0649999999999773,0.0002606387893909718,0.03739628755398862,0.7848764398348936
1.0699999999999772,0.00037540550890882663,0.03688310726085933,0.7306597131388366
1.074999999999977,0.0005532168665442753,0.03424143579332165,0.7390463250941273
1.079999999999977,0.0007127910070215554,0.029588220397591743,1.1222398331978825
1.0849999999999769,0.0008446916778884479,0.025047270864629004,1.4442291461723173
1.0899999999999768,0.0009409445970152899,0.024892951097916626,1.692942152865811
1.0949999999999767,0.000995337250593382,0.023813243342358095,1.8675290358963226
1.0999999999999766,0.001003484949768595,0.02281946097232673,1.9711924798025315
1.1049999999999764,0.0009628716534679676,0.022184085168563898,1.9918452806334033
1.1099999999999763,0.0008731677975001988,0.022805085926437825,1.899606505673618
1.1149999999999762,0.0009009765990394904,0.03173771737094579,1.6734460721296407
1.1199999999999761,0.0009340478662274004,0.039228251447858985,1.3227675586357002
1.124999999999976,0.0009390495711828938,0.0447380424670394,1.1522829196546094
1.129999999999976,0.0009154808439121296,0.04790707424884817,1.1309683172148295
1.1349999999999758,0.000863842299767705,0.048547335057350954,1.0769511457015826
1.1399999999999757,0.0008589318671184931,0.04661151304689463,0.9895131245470502
1.1449999999999756,0.0008355794518040573,0.042178188034649684,1.129360741001373
1.1499999999999755,0.0007894448008599635,0.035453726007773696,1.5604240697490854
1.1549999999999754,0.0009327917245710154,0.03235201910898914,1.9110553176241925
1.1599999999999753,0.0010412290493598672,0.03319873463608702,2.1589947476317697
1.1649999999999752,0.0010964178083207562,0.03371099066201837,2.2907257195866992
1.169999999999975,0.0010950928233932568,0.033897879465201064,2.3017528353373633
1.174999999999975,0.0010369746438044444,0.033203550522815144,2.1926797555490483
1.1799999999999748,0.0009247705242387658,0.03151847595016178,1.966638049863493
1.1849999999999747,0.00079050140060003,0.03663494033080712,1.6313496144987267
1.1899999999999746,0.0008671390312176427,0.0437138042254502,1.2001959433585678
1.1949999999999745,0.0009216821247497563,0.048449196420384005,1.18800299832793
1.1999999999999744,0.0009935675490963408,0.05053649386664421,1.1925904249041634
1.2049999999999743,0.0010386466682271922,0.04982187245435637,1.1501330713172568
1.2099999999999742,0.0010560414156225845,0.04631692876040718,1.1160351767572434
1.214999999999974,0.0010457169988064101,0.040206663657506435,1.468935172384903
1.219999999999974,0.0010364726201855525,0.031848374559196965,1.8743804669389625
1.2249999999999739,0.001059769460636171,0.023648461887284155,2.163457120955357
1.2299999999999738,0.0011205829771404434,0.02657878999049818,2.3180468184464527
1.2349999999999737,0.0011580718764871898,0.028757619355676996,2.3307694787687083
1.2399999999999736,0.0011699501410991106,0.03020954012966015,2.2000267126655966
1.2449999999999735,0.0011540464725384833,0.031343745933385334,1.9282178018540734
1.2499999999999734,0.0011083003480109417,0.03430669640339188,1.5295050932118341
1.2549999999999732,0.0010308674713795393,0.037783139659600284,1.3296551780229269
1.2599999999999731,0.0009205097010528203,0.04165082341520356,1.3360769682617908
1.264999999999973,0.0007772556703364342,0.042922243378560654,1.261592547800444
1.269999999999973,0.0006925960028807714,0.04181946490207386,1.0861246576423653
1.2749999999999728,0.0008178362209376572,0.042487958203178654,0.8021842028441456
1.2799999999999727,0.0009229964369187032,0.04558158122972862,1.1923779634906568
1.2849999999999726,0.001007609806059611,0.04680099547527656,1.58211092257718
1.2899999999999725,0.0011439020123381915,0.04624209408797811,1.756019170844301
1.2949999999999724,0.0012444170150368381,0.04423384252316205,1.6814854349151216
1.2999999999999723,0.0013051264007571933,0.04110259966219619,1.6788325640923416
1.3049999999999722,0.001324207382621668,0.03703032978705431,1.7202558655911528
1.309999999999972,0.0013013022046055017,0.0320726208264512,1.6631030024966416
1.314999999999972,0.0012370216050920557,0.02854495642430266,1.6059364274147845
1.3199999999999719,0.0013494284752159215,0.03323382408340346,1.5060324010462725
1.3249999999999718,0.0014294613838619348,0.036876449012056625,1.5063129479128425
1.3299999999999716,0.001472127908426266,0.039319208372256116,1.5691222914422187
1.3349999999999715,0.001475872893182539,0.04324602016573151,1.6991436540175278
1.3399999999999714,0.0014403506373544246,0.04700181780454135,1.7804536662579318
1.3449999999999713,0.0013664240951890487,0.04923004141635374,1.6926302647518905
1.3499999999999712,0.0012561111523520085,0.04981949303617606,1.441541356806903
1.3549999999999711,0.0011124779412473246,0.048725602549168044,1.1815515339979055
1.359999999999971,0.0009394611498984801,0.04598449277462908,1.3151611049295626
1.364999999999971,0.0009855573066905716,0.041822234292043556,1.483566363624813
1.3699999999999708,0.0010626262631503228,0.04536044717230303,1.6002458216462692
1.3749999999999707,0.001162958669762601,0.047998838763885464,1.6668389035809583
1.3799999999999706,0.0012939309467000669,0.049851916034746944,1.6981078402635574
1.3849999999999705,0.001389242940897366,0.05104002390674815,2.0522930464951874
1.3899999999999704,0.0014487624219406386,0.05158160036419765,2.196119651540403
1.3949999999999703,0.0014733558176256891,0.051341432492270946,2.0836299768913915
1.3999999999999702,0.0014642168319516844,0.05011134402972117,1.7208325008373697
1.40499999999997,0.0014226509172999423,0.047726082757686306,1.2392761668689989
1.40999999999997,0.0014483063669517063,0.04411328937647528,1.1562915108679912
1.4149999999999698,0.0016567985484982266,0.042413354981480994,1.0853696488760547
1.4199999999999697,0.0018382541050607783,0.0386070598336731,1.3086078948227602
1.4249999999999696,0.001987117383630185,0.03253913714879582,1.671558119416445
1.4299999999999695,0.002098352416822617,0.035429361732204186,2.154939749272428
1.4349999999999694,0.0021676421308367737,0.03792292829973582,2.4250978784833372
1.4399999999999693,0.002191622849370573,0.03945830643625631,2.4512682691831738
1.4449999999999692,0.002168038223386377,0.03999181164302485,2.252897810922768
1.449999999999969,0.002095676058465436,0.03956480921991711,2.1879948592538123
1.454999999999969,0.0019740254220989564,0.03835225837397747,2.0470253070389277
1.4599999999999689,0.0018029110412949786,0.04148752067361693,1.9789236540870618
1.4649999999999688,0.001582653265777683,0.04893033989717639,1.9241041808860437
1.4699999999999687,0.0013148772425649285,0.058180069387927726,1.7757876154145606
1.4749999999999686,0.0010113290801154061,0.06645112077627176,1.564927134398102
1.4799999999999685,0.000984773704919204,0.07333979675863618,2.1463161214889634
1.4849999999999683,0.0011003893826760681,0.07859215810470832,2.5172127859539732
1.4899999999999682,0.001193787282980755,0.08208001178757031,2.6304370205136403
1.4949999999999681,0.0012633987623238147,0.08372777563073759,2.4808092337813856
1.499999999999968,0.001308425947729959,0.08345113240444273,2.159014664428048
1.504999999999968,0.0014293494825615984,0.08114310879818477,2.4872639122798583
1.5099999999999678,0.0017662473171886502,0.07669954599242669,2.7148770308288612
1.5149999999999677,0.002133146784835268,0.07006024106622362,2.8268107292950884
1.5199999999999676,0.002461457405014608,0.061264007005515216,2.801528355024785
1.5249999999999675,0.0027408778360936956,0.051449792260618195,2.615193913104449
1.5299999999999674,0.002962465919536846,0.04378129091160045,2.615018131884146
1.5349999999999673,0.003119240248028593,0.05381647120302565,2.8059436703478347
1.5399999999999672,0.003206372694367949,0.06105483726100544,2.915795671803231
1.544999999999967,0.003221049737443806,0.06506978365840019,2.9553295082060567
1.549999999999967,0.0031622335955791116,0.06566516583222909,2.932454902273356
1.5549999999999669,0.003030479687854806,0.06285783650095711,2.8498032247854903
1.5599999999999667,0.0028278823893272487,0.056838618987437466,2.702881176676498
1.5649999999999666,0.002558151939765211,0.06043186461747768,2.485738587378785
1.5699999999999665,0.0022318288747039295,0.07213289095818104,2.4914264465850766
1.5749999999999664,0.0019217535978642301,0.08219289293313882,2.8181002880667303
1.5799999999999663,0.001564977906955757,0.09025880213914984,3.0139873953918843
1.5849999999999662,0.001371032782229839,0.09603208648330115,3.0641983654503173
1.589999999999966,0.0013010155622955092,0.0992893253753848,2.961909022304308
1.594999999999966,0.0011578974875486895,0.09988818750363349,2.708120359939948
1.599999999999966,0.0009727813110061869,0.09777288309378396,2.311684757472954
1.6049999999999658,0.001156953109485815,0.09296668137117642,1.7930916919035824
1.6099999999999657,0.0014594926232484868,0.08555846087253673,1.8251079067916933
1.6149999999999656,0.0018626631114660845,0.07570973441450574,2.2036331180571476
1.6199999999999655,0.0022111358210131693,0.07089176329602485,2.608520886012742
1.6249999999999654,0.002494954701504366,0.06798975581112639,2.9239377588599202
1.6299999999999653,0.0027064255114071945,0.06141866803775846,3.1192948904068922
1.6349999999999651,0.00284079591086358,0.05123867412576713,3.1735381317576823
1.639999999999965,0.002896579952468297,0.03772212914642007,3.1074461023451723
1.644999999999965,0.0028750564295889343,0.03819855942920921,3.463340276204324
1.6499999999999648,0.002779127055528131,0.04265870784760184,3.669710472799653
1.6549999999999647,0.0026124517394785925,0.045652202869294514,3.6325914171130744
1.6599999999999646,0.002379448404373313,0.052987970066558296,3.387206167342122
1.6649999999999645,0.002113178972934199,0.06445174969068741,2.974288671606548
1.6699999999999644,0.00185489064390299,0.07421628149068989,2.4238929909121447
1.6749999999999643,0.0015513619490326426,0.08194202892416397,1.753992558571818
1.6799999999999642,0.0012108372664708814,0.08740907693423089,1.6897578740371018
1.684999999999964,0.0008983649386070854,0.09050914112617565,1.8712602509790308
1.689999999999964,0.0009151451073699512,0.09118688317850007,1.8618812130803275
1.6949999999999639,0.0010353642430242953,0.08939923493976332,1.6733844665380504
1.6999999999999638,0.0011634726811329244,0.08513056206478417,2.2139389283823503
1.7049999999999637,0.0014594696137702793,0.07843682045170412,2.80446239525874
1.7099999999999635,0.001686260152214186,0.06947412612192308,3.250159352052341
1.7149999999999634,0.001960049071357325,0.06062169838537167,3.5347756722814805
1.7199999999999633,0.0022209204757779686,0.05130621666918886,3.6464479430424714
1.7249999999999632,0.002415343277470952,0.040632562657100246,3.5809951359003214
1.7299999999999631,0.002538063554531815,0.04054855763960364,3.350932346696296
1.734999999999963,0.0025863850659933775,0.0483825661722405,2.99554908363056
1.739999999999963,0.002560753608798574,0.06223101137526618,2.8336945073009514
1.7449999999999628,0.0024651255219102666,0.07366467671715676,2.536522652728672
1.7499999999999627,0.0023066464887616226,0.08228273982341718,2.149411588895984
1.7549999999999626,0.0020946988967897014,0.0876420596164737,2.0825677110876395
1.7599999999999625,0.001922509888858297,0.08931683401985041,2.309666125807803
1.7649999999999624,0.0017438620671066877,0.08699411479160175,2.409785528883398
1.7699999999999623,0.0015404362171845206,0.08054993264283555,2.378980590828976
1.7749999999999622,0.0015698016879272113,0.07005421736175624,2.49652285245021
1.779999999999962,0.0018841697386497984,0.06445864160245669,3.2479629213398704
1.784999999999962,0.002117743418632211,0.0631110633551452,3.9346506232985368
1.7899999999999618,0.002253766945674182,0.06114526454342152,4.490760302534358
1.7949999999999617,0.0022789182098009405,0.059188737158823716,4.823390838067532
1.7999999999999616,0.0021854343282318276,0.05793894195643363,4.8440813326708065
1.8049999999999615,0.001973122641264735,0.05414355825959335,4.500895360268473
1.8099999999999614,0.0016504157885359211,0.07493918283193489,3.817354468668317
1.8149999999999613,0.0013683798259585757,0.09168578934183494,2.881288135291839
1.8199999999999612,0.0015633513141325608,0.10338158090498945,1.8879035075739623
1.824999999999961,0.0017205039073689033,0.10952335567599995,2.172576631208786
1.829999999999961,0.0018362829094354608,0.11003053978815766,3.004198857516448
1.8349999999999609,0.0019095265980333786,0.10510964167740702,3.4988505982222
1.8399999999999608,0.0019410768190841427,0.09510431319066187,3.649351857416458
1.8449999999999607,0.0019328709838129833,0.08043089455899596,3.477757048725262
1.8499999999999606,0.002167357123868364,0.061637751853717844,4.138469553413846
1.8549999999999605,0.0024202225555453494,0.04648928822742695,4.713262861242075
1.8599999999999604,0.0025567392412171376,0.054657725671226357,5.050804084934377
1.8649999999999602,0.0025686385526573438,0.06072396359511263,5.123908845943156
1.8699999999999601,0.0024540240407289254,0.06442330538603104,4.943589962160061
1.87499999999996,0.002217096579922948,0.0654361303683715,4.558983050146958
1.87999999999996,0.0018671959119098498,0.0806965587786624,4.014157090686201
1.8849999999999598,0.0014991018580803447,0.09895324313520365,3.2885166519304505
1.8899999999999597,0.0012683687122147875,0.11297396431014507,2.9972630871812123
1.8949999999999596,0.0013180496704054288,0.1215099870168426,3.0119120285120315
1.8999999999999595,0.0014841526781571846,0.12344303626878003,2.8559905604863984
1.9049999999999594,0.0015909617333047029,0.11810269384607314,2.5079685716876767
1.9099999999999593,0.001639280465194564,0.10546144013757704,3.2417820781735758
1.9149999999999592,0.0019523199465345863,0.0862210551699016,4.454371908896763
1.919999999999959,0.002322146153587473,0.06451673482364273,5.3502790985616615
1.924999999999959,0.00256037999486773,0.05872726182077623,5.899848417601421
1.9299999999999589,0.002653190545474348,0.051315210090214614,6.11775057401878
1.9349999999999588,0.002595031566581718,0.0424711622535081,6.01977515424181
1.9399999999999586,0.0023883364895149334,0.05587432788786385,5.608474825363281
1.9449999999999585,0.0020433591773451436,0.08211659698005498,4.888432811513393
1.9499999999999584,0.0018818964239507177,0.10404856173737048,3.884353091412979
1.9549999999999583,0.0018990005127997311,0.12037759072435743,2.8385386523025797
1.9599999999999582,0.0018563259808575786,0.13011959553924576,2.3377025965447737
1.9649999999999581,0.001755666639702866,0.13267239244024095,2.1909763190660443
1.969999999999958,0.0016006639300038086,0.12783520477488994,1.9752837324186452
1.974999999999958,0.0015267172282234108,0.1158072748151882,3.1047215799157426
1.9799999999999578,0.002059195345743784,0.09718397219296561,4.344599468973445
1.9849999999999577,0.0024845124544011226,0.07294287126997351,5.35184090022362
1.9899999999999576,0.0027778702159611383,0.06294244816467533,6.065214266151915
1.9949999999999575,0.002921663205441423,0.064968394946446,6.448094100230545
1.9999999999999574,0.0029063844623102176,0.06495438787276114,6.490074751226499
2.0049999999999573,0.0027309434321700584,0.06284278279273603,6.197722318750154
2.009999999999957,0.0024025676273646992,0.08040236955664345,5.584044557706258
2.014999999999957,0.0019364976715318374,0.1060256127765053,4.665252730238678
2.019999999999957,0.0014440376732797334,0.1263687104210924,3.471986327596326
2.024999999999957,0.001479951097558172,0.1402053121866955,2.163561703685503
2.0299999999999567,0.0015654361293839965,0.14666642055803575,2.2222865081637058
2.0349999999999566,0.0016573681914582136,0.1453376788684297,2.402352116745829
2.0399999999999565,0.0016910243812307353,0.1362845438139421,2.847951206865472
2.0449999999999564,0.002102914226531899,0.12001381475263291,3.940323248462276
2.0499999999999563,0.0026464567207024584,0.0974031829155954,5.1039294863529205
2.054999999999956,0.003064035926056783,0.06962849922613805,6.0059439894302535
2.059999999999956,0.0033333572587602805,0.060121587000303206,6.605442158919939
2.064999999999956,0.0034396122403589223,0.06413357904719984,6.8737878695078845
2.069999999999956,0.003376191579275281,0.06624365106168854,6.795084931230769
2.0749999999999558,0.0031450315475799323,0.06848834012358553,6.374341565904952
2.0799999999999557,0.0027564705395685925,0.09273061374404916,5.640388147518923
2.0849999999999556,0.002228625630396077,0.11840734992496155,4.63030632484625
2.0899999999999554,0.0015865510876665045,0.13842246716687298,3.3757405719185045
2.0949999999999553,0.0017898704539017203,0.1516409297533713,3.400460742390454
2.0999999999999552,0.001988150001171349,0.1571727521984657,3.119636003434661
2.104999999999955,0.0021331491995130736,0.15452538451474943,2.493191864064675
2.109999999999955,0.0022203816256951645,0.14370920584342717,2.966439879685565
2.114999999999955,0.0022473479798249276,0.12523351934332405,4.423834720355843
2.119999999999955,0.0026710059691654985,0.10003677225928927,5.654864113258285
2.1249999999999547,0.003094637952133507,0.06941602092791777,6.593436419290579
2.1299999999999546,0.0033556259786800165,0.03850484375729627,7.1812960756015
2.1349999999999545,0.0034395292586610537,0.045571936385521566,7.377530879983195
2.1399999999999544,0.0033415335829291974,0.05431310207322845,7.167475078496336
2.1449999999999543,0.0030667840656044944,0.07211941433541282,6.568133617880804
2.149999999999954,0.0026299987290898143,0.10259472027046294,5.621988756139496
2.154999999999954,0.0020545023989676,0.12760381177842775,4.381647847046616
2.159999999999954,0.001370953073810779,0.14581591828430657,2.9031947553050506
2.164999999999954,0.0008395484208082662,0.1562075041311299,1.253439583424369
2.1699999999999537,0.0005571120880964487,0.1581395722351216,0.7577309367546278
2.1749999999999536,0.0009439369316843586,0.15144593118126515,2.196844079714952
2.1799999999999535,0.0016637658439959205,0.13648563374336575,3.787274895444955
2.1849999999999534,0.0022903521966853007,0.11414890733239161,5.147415668944904
2.1899999999999533,0.0027902252177355647,0.08580030108771829,6.19202682892468
2.194999999999953,0.003137591222587369,0.06997168014116881,6.869653264960341
2.199999999999953,0.0033155832564938617,0.061777304749507087,7.16850199240566
2.204999999999953,0.0033166136707127275,0.05158144355835621,7.107201900249858
2.209999999999953,0.003142036948258351,0.05219214195970618,6.71423607481456
2.214999999999953,0.002801531533407591,0.08401002398060077,6.012916733543534
2.2199999999999527,0.0026073825452270563,0.11159979237977076,5.022990626124692
2.2249999999999526,0.0026434874591623045,0.1335958962399332,3.775450917940468
2.2299999999999525,0.002614283989341778,0.14883775222942983,2.526216334141201
2.2349999999999524,0.002522271566232709,0.15647145974278298,2.936747091429461
2.2399999999999523,0.002371384926799421,0.1560430042173774,3.1456636495622696
2.244999999999952,0.0021669219944637228,0.1475471894569449,3.0443750182351867
2.249999999999952,0.0020075093951196724,0.13141615889786729,3.9576600571033493
2.254999999999952,0.0026072330622278735,0.1084733079454183,5.219480323876435
2.259999999999952,0.0030780907422378657,0.07986976405858263,6.221937230858078
2.2649999999999517,0.00339525556661722,0.07055868370651161,6.927502115310521
2.2699999999999516,0.0035411077343919153,0.07256011914489219,7.333083595267548
2.2749999999999515,0.003505432535686622,0.07338202240970927,7.450709330953786
2.2799999999999514,0.0032855393923150564,0.07344628826007922,7.240368889429685
2.2849999999999513,0.002887268330665255,0.09696594821013094,6.609019814705782
2.289999999999951,0.002326684443602156,0.1272676066151134,5.511643547287461
2.294999999999951,0.0016308087785107668,0.1510826594214482,4.014377575246653
2.299999999999951,0.0016126982490830574,0.16675589085943676,2.3908960831608264
2.304999999999951,0.0018336368559121162,0.17332569456722424,2.054335201973623
2.3099999999999508,0.002096360368057753,0.17045963868266323,1.78627077022381
2.3149999999999507,0.002314717650082292,0.15833226027189207,3.3315225273180196
2.3199999999999505,0.0024825778203225518,0.1375418093526903,4.984657840362866
2.3249999999999504,0.0030515967902455844,0.10904898061331916,6.41247365538583
2.3299999999999503,0.0035095136242354373,0.07411775298262588,7.560017396891811
2.3349999999999502,0.003780658362497699,0.05225912845656238,8.351026867246453
2.33999999999995,0.0038459458353408875,0.0453715114255379,8.6750913356684
2.34499999999995,0.00369775549402899,0.05105098333975503,8.455240726231908
2.34999999999995,0.0033414931903605234,0.09145393812763461,7.70594118892027
2.35499999999995,0.002795356928901222,0.12700056645609056,6.512710142462416
2.3599999999999497,0.0020885205662187255,0.1557339786169142,4.980654721867283
2.3649999999999496,0.0018637502475019098,0.17620431836655676,3.2074811779898913
2.3699999999999495,0.0017798947893256536,0.1874362371163855,2.5577818384435043
2.3749999999999494,0.0016324691441508294,0.18891442293137597,2.512654058002134
2.3799999999999493,0.001515056655941391,0.1805869534185266,2.6369758091943165
2.384999999999949,0.0023737281260773693,0.16288163463587213,4.445151703867615
2.389999999999949,0.0031227030318327943,0.13670832766630417,6.024171083959806
2.394999999999949,0.0037229824957247895,0.10340345789049891,7.297776826362595
2.399999999999949,0.004143055256896731,0.0879871831652475,8.213347698524792
2.4049999999999487,0.0043601689304994876,0.08992104229804139,8.748981787658833
2.4099999999999486,0.004360970132191178,0.09139796769183278,8.898684231929629
2.4149999999999485,0.004141840570509238,0.08946306220028231,8.642571888264206
2.4199999999999484,0.003709351327959191,0.1072432145333916,7.953720930440495
2.4249999999999483,0.0036631016688094004,0.14421105258267627,6.833414289273663
2.429999999999948,0.003728112981892204,0.17458592071943219,5.316532965428957
2.434999999999948,0.003693718142632374,0.19651469257518175,4.122424266853141
2.439999999999948,0.0035573855723892663,0.20847503999773015,4.049411178435189
2.444999999999948,0.0033208740353030492,0.20945145932068757,3.807388071174586
2.4499999999999478,0.003038200791895677,0.1990923115544511,3.811389069645815
2.4549999999999477,0.0029504756990767107,0.17775101914009508,5.3314533222133145
2.4599999999999476,0.0034753390621208155,0.14646994971816404,7.180974446559391
2.4649999999999475,0.004108933703921184,0.1145275837156001,8.619842639911132
2.4699999999999473,0.004530242755444012,0.12177646474326002,9.545034718026098
2.4749999999999472,0.004716525256376727,0.12615337929586154,9.894336018456514
2.479999999999947,0.004659223472511046,0.1279103995554208,9.63977881280597
2.484999999999947,0.004364559417296431,0.12736571643184721,8.804069771762421
2.489999999999947,0.0038528149177914153,0.12473953191444401,7.484952730134938
2.494999999999947,0.0031560052584041712,0.15601368572652688,5.836450349125422
2.4999999999999467,0.002768517302426804,0.1806456541398476,4.016337016203054
2.5049999999999466,0.003305544229946492,0.19604440993110794,2.4313781020969825
2.5099999999999465,0.0037814469239107764,0.2020797945281761,3.1682534318732403
2.5149999999999464,0.004178431623857394,0.1988006982025177,3.858994076983717
2.5199999999999463,0.004479818656029446,0.18635377345719584,4.40938525809049
2.524999999999946,0.004672323672532475,0.1650245227076979,5.135557470460019
2.529999999999946,0.004747747136524184,0.13537501886622708,6.72424406612859
2.534999999999946,0.004703513621522918,0.0984691802034973,8.03809139896363
2.539999999999946,0.0045420249700438235,0.05597826822903912,8.958273390820013
2.5449999999999458,0.0043530380599807374,0.06519236005718601,9.40863346204103
2.5499999999999456,0.004286058256330724,0.08446250226117606,9.356935999471796
2.5549999999999455,0.003988299473283114,0.10114840984174572,8.802131242632356
2.5599999999999454,0.0034929194025157275,0.12366456269123759,7.7634575690018135
2.5649999999999453,0.0030329538132469135,0.15876772277712578,6.277806465353759
2.569999999999945,0.0024957214485725075,0.18547388559676975,4.404658662504041
2.574999999999945,0.0018952860870158478,0.20208136037546223,2.238331248973092
2.579999999999945,0.0012462796437573338,0.20747812304483837,1.5024681428819806
2.584999999999945,0.001107986813338135,0.20133261501552266,2.3785770305037275
2.589999999999945,0.0020716525986419123,0.1841336991059965,4.500989333306907
2.5949999999999447,0.0029246479024271957,0.15706442240812413,6.326721345842284
2.5999999999999446,0.0036218148418749522,0.1320911607720684,7.778106269013896
2.6049999999999445,0.0041271296206536546,0.12197444423310301,8.813411823179864
2.6099999999999444,0.0044148914045872,0.10829347974143348,9.40354925985298
2.6149999999999443,0.004470558264608849,0.09154778847362657,9.51467748301936
2.619999999999944,0.004291520358192831,0.07226328333330913,9.119858404136432
2.624999999999944,0.004187049483358337,0.10245573669875596,8.222135818506905
2.629999999999944,0.004266816844460474,0.140189151600262,6.871230142095841
2.634999999999944,0.004240114117304293,0.17027383746252486,5.16264420280956
2.6399999999999437,0.004176149168626747,0.1912443956914718,4.7445758365343185
2.6449999999999436,0.004020640343405852,0.20227324120821238,4.479409648446383
2.6499999999999435,0.003754135274041056,0.20303660829987807,4.05600392959787
2.6549999999999434,0.0033867338275595594,0.1935126810154818,3.5520028310306078
2.6599999999999433,0.0029335306335690125,0.17397919721364524,4.884434888236823
2.664999999999943,0.0031040564765504,0.14520028437474283,6.627130247324396
2.669999999999943,0.003738450913926961,0.12378099617767238,8.029987272218241
2.674999999999943,0.004174837222522468,0.13125643987993196,8.99419581320912
2.679999999999943,0.004389476952399624,0.13524753873727985,9.461073696301145
2.6849999999999428,0.004370801370707364,0.135597484854778,9.414106645296958
2.6899999999999427,0.004119924221249322,0.13228796518818842,8.862963855631468
2.6949999999999426,0.0036504757888203335,0.1254031947721365,7.831370918793116
2.6999999999999424,0.0029879812542570904,0.15024020887147277,6.361670648264275
2.7049999999999423,0.002630146554122125,0.17745826133849643,4.52555033854541
2.7099999999999422,0.003096097427521951,0.19485347818339233,3.5996105385671346
2.714999999999942,0.003472729702554063,0.2014815297558147,4.056635718578695
2.719999999999942,0.0037488432810757113,0.19709483430923536,4.3701094659503665
2.724999999999942,0.003916739530677506,0.18213109817123316,4.517917976697764
2.729999999999942,0.003972746762545313,0.15763038160028922,5.788154581364463
2.7349999999999417,0.003976842122772691,0.12513177603478018,7.211287644839444
2.7399999999999416,0.0039943893112379955,0.08655328909416013,8.220107131408907
2.7449999999999415,0.004109363438673167,0.0839209096512273,8.789859975900479
2.7499999999999414,0.004218792304086968,0.08737090072394744,8.924218618601369
2.7549999999999413,0.004107769474444834,0.09219860436670729,8.633973995847951
2.759999999999941,0.0037834484935418563,0.10359981984686611,7.93553759143918
2.764999999999941,0.003263089478243119,0.12256752045479405,6.86103632459659
2.769999999999941,0.0025733540027863,0.15332666972793943,5.442623384661813
2.774999999999941,0.0017494711023864446,0.17622649043200989,3.717304896966549
2.7799999999999407,0.0018043593528628513,0.18988435799144276,2.28013037404974
2.7849999999999406,0.0020476230031939895,0.19330517152331053,2.6239245173707615
2.7899999999999405,0.002225503865965219,0.18604718840960358,2.9332666007945356
2.7949999999999404,0.002330534216520388,0.1683556519632736,4.550938047108903
2.7999999999999403,0.002732081579735438,0.1412098426415203,6.307385681592643
2.80499999999994,0.003350698916598181,0.11218185199472334,7.681714533582915
2.80999999999994,0.003780093374356785,0.10086941224251167,8.604845907905036
2.81499999999994,0.003997408230089715,0.08701033673431383,9.041329974716461
2.81999999999994,0.003991845289115764,0.07101711092692313,8.97294161576423
2.82499999999994,0.003765204832497902,0.07281936037061669,8.385189296782503
2.8299999999999397,0.0038337301330178125,0.10621892105284912,7.292077138654942
2.8349999999999396,0.003960348525913094,0.1389044483200968,5.7821337682443845
2.8399999999999395,0.003992538006993524,0.163360410621842,4.000251152453891
2.8449999999999394,0.003931284347664107,0.17855570729490186,3.673894638419212
2.8499999999999392,0.003778399010685029,0.1840124513330071,3.570338575947502
2.854999999999939,0.0035366684251491322,0.17966124258969143,3.400667978777315
2.859999999999939,0.0032104924683274685,0.16580814091094506,3.6959270757004097
2.864999999999939,0.0028064554543566233,0.14316277220110504,5.362220408235802
2.869999999999939,0.002982938678988975,0.11286346098167543,6.7575040795363055
2.8749999999999387,0.0034562234206520384,0.11120355916858451,7.807706039712599
2.8799999999999386,0.003736844598831883,0.11857470955063083,8.453253998354855
2.8849999999999385,0.003808918924596729,0.12277657227747002,8.653282349978832
2.8899999999999384,0.0036675620096373257,0.1236355996307205,8.389179817568856
2.8949999999999383,0.0033193395023862937,0.12110465906937777,7.666852781545432
2.899999999999938,0.0027820806671276215,0.12518899190437313,6.5229271005640115
2.904999999999938,0.0023218514513173535,0.15404113440209988,5.017929898526925
2.909999999999938,0.0024879915502387996,0.1746664008907186,3.2494755379999414
2.914999999999938,0.0026839043851089083,0.18589971340342865,3.305520789567847
2.9199999999999378,0.0030414115959977108,0.18707244427591055,3.5231894889364685
2.9249999999999376,0.0033114714973957187,0.1780525673323051,3.808110545766947
2.9299999999999375,0.0034869726964876797,0.15927601834089283,4.694724778293417
2.9349999999999374,0.0035633846653035702,0.131729103364802,6.324041212143149
2.9399999999999373,0.0036267800783396685,0.09688054226228246,7.615383228864983
2.9449999999999372,0.004010462620517216,0.07308522771142043,8.49984383255243
2.949999999999937,0.00418437590663158,0.08026988247540184,8.948010076140903
2.954999999999937,0.004137261864960132,0.08468145822035282,8.968508460897334
2.959999999999937,0.0038685764973780453,0.08593977516605171,8.56638514776803
2.964999999999937,0.0033885297803082745,0.11636299630066274,7.716537161597506
2.9699999999999367,0.0027184843797656965,0.15165516391637426,6.400329884687398
2.9749999999999366,0.0025561628546927704,0.1793263515900257,4.668145184773386
2.9799999999999365,0.0023413575933799286,0.19760171632496665,3.6277552641066717
2.9849999999999364,0.0020366551789277655,0.2053649000771008,3.24591160793519
2.9899999999999363,0.0017496559753303609,0.20216178283960148,2.755468612527969
2.994999999999936,0.002053173680536323,0.18809855854108526,3.8807700327563417
2.999999999999936,0.002932874408130678,0.16378173249666414,5.845960385012338
3.004999999999936,0.0036682140653610616,0.13035413039549568,7.5250804554553365
3.009999999999936,0.004218005904639799,0.11242103881391809,8.791529576341697
3.0149999999999357,0.00455124286152537,0.109904781609293,9.540641574769479
3.0199999999999356,0.004649465475331064,0.10385596822139755,9.729482166901214
3.0249999999999355,0.004507868048374418,0.0946545092903308,9.371600613403993
3.0299999999999354,0.004135044318570988,0.0969336530546645,8.52352506177792
3.0349999999999353,0.0035516926508981817,0.1364070140144631,7.265819322141851
3.039999999999935,0.003113584557350069,0.16874290713641443,5.668537926638945
3.044999999999935,0.0033217297681836793,0.1923661619580026,3.9492877624728715
3.049999999999935,0.003432200513971439,0.2059429407079368,4.118229508363442
3.054999999999935,0.00344100053376747,0.20846660254494073,4.081569379477498
3.0599999999999348,0.0033489716436782653,0.19947318265897213,3.851257314319948
3.0649999999999347,0.0031615503245218794,0.17925334136108792,5.131051327942073
3.0699999999999346,0.002932896441250666,0.14893835011042217,6.9949451723245035
3.0749999999999345,0.0035811967744212875,0.11976648994901794,8.427681608711936
3.0799999999999343,0.004021888317992597,0.12050913321818985,9.367097946142934
3.0849999999999342,0.004231644332514947,0.11785502775295129,9.787807146837386
3.089999999999934,0.00419999677871716,0.11181867678166364,9.681858691405619
3.094999999999934,0.003929557257900417,0.10448363830047906,9.055190193386037
3.099999999999934,0.00343586578039063,0.1199673757345804,7.928073992710975
3.104999999999934,0.0035501317521588254,0.15561224773079355,6.32987480577457
3.1099999999999337,0.003880539720724969,0.18222367908498735,4.31469773590317
3.1149999999999336,0.004114504381430844,0.19799844841181713,4.385785083938216
3.1199999999999335,0.00423932326340748,0.2018192468032339,4.826778409446795
3.1249999999999334,0.004244275225863475,0.19339655398880953,5.139365220471676
3.1299999999999333,0.004121736012426053,0.17324786103448944,5.29307929255745
3.134999999999933,0.0038680519196001356,0.14264307788168454,7.084622566901671
3.139999999999933,0.0036185023742122814,0.10358938538254897,8.536854432752891
3.144999999999933,0.0037635445735286267,0.11318406742524612,9.404593641685148
3.149999999999933,0.003938147115747122,0.13360765713413061,9.647611760519336
3.1549999999999327,0.00387525495450493,0.1497925688657506,9.299335390987794
3.1599999999999326,0.0035830693378777895,0.1610945874429455,8.440670319098277
3.1649999999999325,0.0030823916200295293,0.16729947779202478,7.178060166196232
3.1699999999999324,0.00286197703574437,0.16856842975492714,5.6172177408986705
3.1749999999999323,0.0029554405613500213,0.17525913645337432,3.827576262847872
3.179999999999932,0.002970353433321844,0.18948912256947395,3.1085327967665046
3.184999999999932,0.0031869669647331665,0.19365493772801892,2.945513754793436
3.189999999999932,0.003879027217572473,0.18751806612047203,3.424096724120387
3.194999999999932,0.0044860016032520385,0.17138233975127856,4.197634024832761
3.199999999999932,0.00499211372488829,0.14609115251925356,5.918840867977481
3.2049999999999317,0.005384022000485323,0.11421382871573224,7.329289283668788
3.2099999999999316,0.005651070127061341,0.09763822375429294,8.366726538042347
3.2149999999999315,0.005785307218335082,0.07813061657747233,8.990765018968155
3.2199999999999314,0.005781473196219274,0.07988052660752899,9.161374152896842
3.2249999999999313,0.005637285512583994,0.08002254674011614,8.84500348805105
3.229999999999931,0.005550482739208463,0.10224230411035244,8.028224820612696
3.234999999999931,0.005510928563231571,0.13914359724440042,6.732292433006802
3.239999999999931,0.005337483017473876,0.16852335516019318,5.284433626688692
3.244999999999931,0.005033134411737823,0.18852053339891048,4.972384416534154
3.2499999999999307,0.004605630283952592,0.19778018001231157,4.475681068112461
3.2549999999999306,0.004067183254955967,0.19559137967557233,3.8271176410643886
3.2599999999999305,0.00343378148669125,0.18197232113637984,3.847505197797443
3.2649999999999304,0.002724337151534826,0.17254664330124225,5.882485727370906
3.2699999999999303,0.002965431641614393,0.16745604311678472,7.580831383032775
3.27499999999993,0.0034827602095097625,0.1615946629980855,8.837838591667483
3.27999999999993,0.0037823653524480987,0.1613410635136986,9.579239426759196
3.28499999999993,0.0038459278120046435,0.15665466660642213,9.770511895902333
3.28999999999993,0.003668678431053898,0.14772108740708315,9.409631262604204
3.2949999999999298,0.003579987683038246,0.13480942445735852,8.518252631051363
3.2999999999999297,0.00388926122008537,0.14340666107081265,7.14650584830581
3.3049999999999295,0.004059165995118627,0.17470503631798168,5.769730430803162
3.3099999999999294,0.004085854831634773,0.19638301445722717,5.759027168295461
3.3149999999999293,0.003969536588974053,0.20723967598466908,5.593347900905603
3.3199999999999292,0.004032985174156553,0.20669437071131902,5.319175811575758
3.324999999999929,0.004094750968116753,0.19479856737475376,5.4379480946193395
3.329999999999929,0.004021355424112145,0.17223604417979033,5.529127658539897
3.334999999999929,0.0038291582156140137,0.14029333359099777,7.247956576977399
3.339999999999929,0.004431835415440356,0.14860213904836922,8.558358323604313
3.3449999999999287,0.004823554727453906,0.16095651942522923,9.388588825862243
3.3499999999999286,0.004983817188901804,0.1692282299894513,9.697560115177032
3.3549999999999285,0.004904928688229829,0.17325018941651327,9.48044488296489
3.3599999999999284,0.004592204902033712,0.1729261785583226,8.755195802757557
3.3649999999999283,0.004063511795239151,0.17553608579036808,7.564254807272619
3.369999999999928,0.003486911155828828,0.18374670352826242,5.983598942014824
3.374999999999928,0.004250814908566922,0.18733769568741016,4.106129596006931
3.379999999999928,0.004939637430470254,0.20059134790071906,3.7702041853454893
3.384999999999928,0.005534663817144134,0.20540798873718105,4.450449920533804
3.3899999999999277,0.006019042993603324,0.19955214117895095,5.032449607937951
3.3949999999999276,0.006378396505664788,0.18341907125247464,5.488757167227371
3.3999999999999275,0.006601563167243764,0.15785548073043304,6.003550167711633
3.4049999999999274,0.006681516947968618,0.12406142408588944,7.514072490106097
3.4099999999999273,0.006963694779471,0.08353362600773591,8.69704674115566
3.414999999999927,0.007270077213399197,0.0551697616041701,9.496078538119779
3.419999999999927,0.007423208615749458,0.08042294329089947,9.838144665484116
3.424999999999927,0.007421261005916424,0.10250005379547403,9.64740162712545
3.429999999999927,0.007266410063225358,0.12096396961736074,8.886549950333775
3.434999999999927,0.006963812795424731,0.1465073363573359,7.582988642748775
3.4399999999999267,0.006521271723517404,0.1800577102656616,5.8371609205818
3.4449999999999266,0.005949634313487574,0.2041024026728328,4.624751531925548
3.4499999999999265,0.005263287798755825,0.21738650045956742,3.902603262903276
3.4549999999999264,0.004480127660330425,0.2192357572942078,3.060221733252544
3.4599999999999262,0.0036210243786013,0.20954812703205092,3.081831766311932
3.464999999999926,0.003288875569533695,0.1887967882404533,5.218703750327322
3.469999999999926,0.00415594836667001,0.18960547894571125,7.08707930022212
3.474999999999926,0.004848210001987902,0.18758709088615705,8.57692354017746
3.479999999999926,0.005328959414737368,0.1803907339309652,9.601029230372697
3.4849999999999257,0.005573008185570119,0.16808671735437153,10.093120705753014
3.4899999999999256,0.00556824428894502,0.15084874847298502,10.022756151378896
3.4949999999999255,0.005316331369630937,0.12900813567979838,9.405210621728383
3.4999999999999254,0.004832398848710071,0.11890546603914899,8.289958862251074
3.5049999999999253,0.0041438886276128194,0.1564986223997575,6.7473036819926255
3.509999999999925,0.004312625771064309,0.18555743634702263,6.544012199431328
3.514999999999925,0.004539270279631288,0.20476584085277705,6.703411767553126
3.519999999999925,0.004687837677363856,0.2134590313886523,6.60025912972302
3.524999999999925,0.004749933785275195,0.21155857236716935,6.244686426757687
3.5299999999999248,0.004718093745047661,0.19943465554791542,5.681147022754292
3.5349999999999246,0.00458680814571747,0.17781827614013698,5.227304952964943
3.5399999999999245,0.004353468649764851,0.14783801531638355,6.764799376536687
3.5449999999999244,0.004018725732601691,0.1535332007156703,7.937621732308621
3.5499999999999243,0.0036787604817391027,0.16645392533234102,8.68178715243155
3.554999999999924,0.003916065181555876,0.1738347708760468,8.976213142821441
3.559999999999924,0.003931679337812437,0.1755573100619003,8.836273531561083
3.564999999999924,0.00420861029798099,0.17173361179830188,8.270261091915922
3.569999999999924,0.004552383809781591,0.1624765287645534,7.248414349745881
3.574999999999924,0.004778971212525723,0.15272093042710627,5.764404914099621
3.5799999999999237,0.004877598286696109,0.15737637379144356,5.509789372809171
3.5849999999999236,0.004839135561847457,0.17153334191447045,5.782954175847193
3.5899999999999235,0.005232547237506369,0.17488052953706282,6.52566172219846
3.5949999999999234,0.005503758186093712,0.16731421754382955,7.222331640511246
3.5999999999999233,0.00559564664593118,0.149320237401933,7.7212731967601025
3.604999999999923,0.005495786464691844,0.13643723823499604,8.014904538258461
3.609999999999923,0.00519702602983086,0.1616507890073062,8.072958306188037
3.614999999999923,0.004938911887948662,0.1838951983495094,8.656408566609391
3.619999999999923,0.00530222082217908,0.20221321665712835,8.992515971258092
3.6249999999999227,0.00556656511803951,0.21574732372680544,8.769390243699934
3.6299999999999226,0.005724987322408842,0.22389922603557547,8.030651339046289
3.6349999999999225,0.005772693813113002,0.24568604230420618,6.826582911285138
3.6399999999999224,0.0057074734135352115,0.26312073672901787,5.215552129529558
3.6449999999999223,0.005529704405109954,0.27320968974637144,4.411560046529278
3.649999999999922,0.00584263801601433,0.2754305631821005,4.185975184139941
3.654999999999922,0.0067780841786937085,0.2695569535190336,4.770958159890303
3.659999999999922,0.00759505449502623,0.2556602854673956,5.724262005512577
3.664999999999922,0.008270029351484675,0.23413167640089136,6.499791408937727
3.6699999999999218,0.008783794366056401,0.20566456833201527,7.0697298784880385
3.6749999999999217,0.009122019883227344,0.17110614845852215,7.949279535714174
3.6799999999999216,0.00975220895244562,0.14585152577747879,8.751789751592936
3.6849999999999214,0.010298623641793125,0.14590487992821072,9.209132609709053
3.6899999999999213,0.01061600706642344,0.14219627666798343,9.79496820600266
3.6949999999999212,0.010690087546198579,0.13501596856318498,10.1294021551156
3.699999999999921,0.010513034882302263,0.13841273633010936,10.127530471200377
3.704999999999921,0.010085206450455837,0.17089042032536142,9.739659774503366
3.709999999999921,0.009416216502681195,0.19878846772413847,8.978992528308936
3.714999999999921,0.00852461928201702,0.22103206675675333,7.919518831205406
3.7199999999999207,0.007436390165202077,0.2369641047119865,6.643073193404446
3.7249999999999206,0.006183105112714609,0.2654649576012429,5.373927589556772
3.7299999999999205,0.004800603556401621,0.2875356649239644,5.521377528740381
3.7349999999999204,0.00332813913562525,0.30145010338659645,7.21414141972871
3.7399999999999203,0.0030389134209818807,0.30683375696260773,8.628215163611225
3.74499999999992,0.0034023835222550232,0.30365546614302674,9.52511132034884
3.74999999999992,0.0035313569502198106,0.29222264194279945,9.841029925029574
3.75499999999992,0.0038412769645114106,0.2730737638808806,9.569432534891822
3.75999999999992,0.004601440605766319,0.24690843714324992,8.733142514392641
3.7649999999999197,0.0052009051749418835,0.21457621233772456,7.386849398350403
3.7699999999999196,0.00605440051995143,0.17702520202357722,7.983222541142853
3.7749999999999195,0.006835106399964483,0.18849401618318526,8.723998275628079
3.7799999999999194,0.007399125688062754,0.2006695708847983,9.238635613967778
3.7849999999999193,0.0077337380631573365,0.20137321171065325,9.503836577027807
3.789999999999919,0.007832378520354287,0.19049742216777205,9.50919809559978
3.794999999999919,0.007694882888717842,0.16855062512355,9.25954144511724
3.799999999999919,0.007327358739854676,0.13670780032251906,8.776281770442624
3.804999999999919,0.006741661048625494,0.15980723374027214,8.679079204662914
3.809999999999919,0.005954699471724017,0.18017802530583188,9.570483632884677
3.8149999999999187,0.005337018334466914,0.2101458523049383,9.920974931056186
3.8199999999999186,0.005226522610406536,0.2381609559407157,9.730211325895272
3.8249999999999185,0.004974471650477121,0.25983383588791625,9.01730605858872
3.8299999999999184,0.0045889904416296584,0.2745584933098017,7.813344542327368
3.8349999999999183,0.004082233203470969,0.2819259753712182,6.184427071088384
3.839999999999918,0.004091379552851813,0.2817117153094425,4.220815412244305
3.844999999999918,0.00420381231019924,0.27388691983348934,4.044303052042061
3.849999999999918,0.005073399718770861,0.25861516197895057,4.373254156368417
3.854999999999918,0.005834209152619344,0.23623799713692706,5.183861608830261
3.8599999999999177,0.006580249907632882,0.2072707745350634,6.422411806033444
3.8649999999999176,0.007529428431387745,0.1724006349668902,7.525644021236172
3.8699999999999175,0.008291684581886035,0.15480134990996167,8.433879872547537
3.8749999999999174,0.008844500933502678,0.1428919790611413,9.116964054733684
3.8799999999999173,0.009170919705022467,0.12718623569167703,9.698485857020701
3.884999999999917,0.009260077394400464,0.1260203198825455,9.796510648924793
3.889999999999917,0.009107582513277411,0.12500826420854363,9.642207604709164
3.894999999999917,0.008715707057436352,0.12818261673656856,9.283277324476025
3.899999999999917,0.008093369538737162,0.15861244824954535,8.665167803641337
3.9049999999999168,0.007255895681340943,0.18808648280850768,7.808201259767311
3.9099999999999167,0.006224498165716628,0.22447252344122703,6.746214993320697
3.9149999999999165,0.005025511479054231,0.2551221512237418,5.51363611968548
3.9199999999999164,0.004028389484229354,0.2792762308912207,4.614547301595499
3.9249999999999163,0.003641629733438935,0.29638036587243755,4.047370620503073
3.9299999999999162,0.0035028970986357324,0.3060954220946086,5.426028465268914
3.934999999999916,0.0035319201320824726,0.30831450378646486,7.272080115404597
3.939999999999916,0.0037867962381675276,0.30320233475468744,8.78229268041257
3.944999999999916,0.004492782347723408,0.29114848086754025,9.867832846040315
3.949999999999916,0.005526348987415767,0.2726579737843274,10.445014339017455
3.9549999999999157,0.0065184314112458185,0.24830438079380282,10.460365968071628
3.9599999999999156,0.007685962416468009,0.21870802129508324,9.888930541065287
3.9649999999999155,0.008693963675070578,0.1844924821459532,8.737015774357415
3.9699999999999154,0.009520867223153765,0.18276664001454457,8.01510629126801
3.9749999999999153,0.010148306368268672,0.21271729965062297,8.609780160207762
3.979999999999915,0.010561461619394866,0.2312597683405225,9.050756426511933
3.984999999999915,0.010748932187660456,0.23690007518095046,9.398256244466825
3.989999999999915,0.01070150018528932,0.2283975527301551,9.737142386432064
3.994999999999915,0.010410862109030203,0.2050872662996846,10.040430804747372
3.9999999999999147,0.0098702381615447,0.16745628133094193,10.17973540029682
4.004999999999915,0.009076790907337526,0.18397890442946815,11.155163819406717
4.0099999999999145,0.008033857806311651,0.2331943359808908,12.773945474131645
4.014999999999914,0.006751636847519456,0.27969404753599847,13.692580475722536
4.019999999999914,0.005246499765372445,0.3223607853228187,13.897580769478928
4.024999999999914,0.004466013893328089,0.36031673088579264,13.393432828670797
4.029999999999914,0.003576722488224133,0.3928294947235556,12.197120231257301
4.034999999999914,0.002546987955039921,0.4192290769655043,10.347862887592518
4.039999999999914,0.0032549283130880718,0.43877748500861274,8.386623027582374
4.044999999999914,0.0052003151017568534,0.4503694236373232,8.014202395700455
4.049999999999914,0.00717737895557465,0.4524154644522702,7.05486421763193
4.054999999999914,0.009237456550304652,0.4433463896020266,5.570923069865117
4.0599999999999135,0.011401757094499665,0.4223738280759972,7.076546880669045
4.064999999999913,0.013432164515072193,0.3897891401530308,10.722268221637625
4.069999999999913,0.015273188015962481,0.3466202602031006,13.732390658059206
4.074999999999913,0.01687502415992369,0.31053603608047636,15.987458552894982
4.079999999999913,0.01819412945675221,0.2960427366635626,17.412970977426838
4.084999999999913,0.019193335242830376,0.27203736498052095,17.955838178164257
4.089999999999913,0.01984227883573808,0.23882780159681324,17.571158232874932
4.094999999999913,0.02011833359285173,0.197562323529764,16.247728606806024
4.099999999999913,0.020007671743501983,0.2732889917737569,15.7405396888052
4.1049999999999125,0.01950590338041634,0.33608292286423375,15.53151960207836
4.109999999999912,0.018618138875026873,0.3825516258614087,14.955803875652562
4.114999999999912,0.017358595749330224,0.4102349253927379,14.041451895768493
4.119999999999912,0.015749991746221912,0.417706310608028,13.214941096796098
4.124999999999912,0.01382288063953029,0.41555803628693694,13.072599228009095
4.129999999999912,0.012689779037654524,0.46765182761432195,12.589636041057728
4.134999999999912,0.011401667201910841,0.5104334451526978,11.85120507574564
4.139999999999912,0.00982142843328359,0.5429779178191427,14.574512586790801
4.144999999999912,0.007977538777431969,0.5646193790678337,16.506974815538822
4.1499999999999115,0.008317108511560254,0.5749614894114768,17.545460717268867
4.154999999999911,0.008557308455478307,0.5738774357832305,17.633412643405762
4.159999999999911,0.008362610557789639,0.5614963845020274,16.771368652998035
4.164999999999911,0.007754198762469722,0.5381628098453434,15.018073671600625
4.169999999999911,0.01014778179688915,0.5043455598888936,12.504994544590682
4.174999999999911,0.01256004107016486,0.4924091374579744,9.727993985861863
4.179999999999911,0.01473005121425274,0.46972989657647995,11.516902497199137
4.184999999999911,0.016613543105635616,0.435433123159919,13.08112145254244
4.189999999999911,0.018171838563479554,0.3901856316477033,14.352283963947867
4.194999999999911,0.019373427665391647,0.33505451514865153,15.287327568659748
4.1999999999999105,0.020195024103191406,0.2897353461317015,15.871887156708523
4.20499999999991,0.020622004639114348,0.23743686755507268,16.107442418216763
4.20999999999991,0.020648536412266,0.17201727835257133,15.985030050266877
4.21499999999991,0.02027772859664975,0.11351389029123168,16.119286103226802
4.21999999999991,0.01952179944089733,0.18885777200974288,16.44425575427913
4.22499999999991,0.018402176156178052,0.2589915418779765,16.285418399505595
4.22999999999991,0.017595260866521367,0.32209506982635394,15.302538012997577
4.23499999999991,0.01645940270249549,0.3764879584555798,13.546593324366459
4.23999999999991,0.014988390316749601,0.42077290842770826,11.760186263599127
4.2449999999999095,0.01322535877056388,0.4539356429041698,9.698349108996858
4.249999999999909,0.011221435424332573,0.4753280085036284,7.385803525702515
4.254999999999909,0.00903391798833686,0.48465687240577127,6.91150463281086
4.259999999999909,0.007085236915149841,0.48203897527174083,8.122780015632712
4.264999999999909,0.0054876697800839225,0.4764790883723011,8.436012054564594
4.269999999999909,0.007056616442689875,0.4694838051540307,10.535852950524964
4.274999999999909,0.00837803701581141,0.45060466014572925,13.571931611691275
4.279999999999909,0.009363964384775714,0.420841672725385,15.999196491251912
4.284999999999909,0.009954481948283864,0.3815982188439948,17.69524427879191
4.2899999999999086,0.010108042155260817,0.3344329693873836,18.52349199615883
4.2949999999999084,0.009804629607347104,0.28083259079251843,18.373412511400325
4.299999999999908,0.010052277577307471,0.2221913990266713,17.214663242119403
4.304999999999908,0.01063333976837318,0.2765880254421933,15.111015094362827
4.309999999999908,0.010914992386119109,0.34484526193326587,12.97363001202762
4.314999999999908,0.010991486909274506,0.3968855390436839,12.863446512803055
4.319999999999908,0.010988943364514973,0.42993729263021085,12.409506179274661
4.324999999999908,0.010678245705670154,0.44222423396799293,11.622199382295474
4.329999999999908,0.010078910967870728,0.4330549217146845,10.528027688873346
4.334999999999908,0.009218085705204477,0.4028670079998808,9.160229218651889
4.3399999999999075,0.008129665288757665,0.3531905707117808,11.781440773244864
4.344999999999907,0.007555399416818006,0.28647460335963537,14.90494616761392
4.349999999999907,0.00878619540450559,0.29681177167309175,17.347378490077457
4.354999999999907,0.009588362291958918,0.3127013378016026,18.980952889714924
4.359999999999907,0.009922045724005393,0.3197718036149944,19.64806859559259
4.364999999999907,0.009771381077501787,0.31786849560882335,19.21860248711622
4.369999999999907,0.009147254590014533,0.30672830314185384,17.66862098756185
4.374999999999907,0.008087556607840763,0.28635816996719743,15.135594687605202
4.379999999999907,0.006654110734950915,0.3204334831272352,11.859852151802995
4.3849999999999065,0.00492728756211478,0.37029578600723345,8.08506900019672
4.389999999999906,0.005870303608343762,0.40063980579845276,8.791322708848044
4.394999999999906,0.006654940629497885,0.4107435652098659,9.271039817406484
4.399999999999906,0.007210124838374282,0.40083997893975226,9.379047620776856
4.404999999999906,0.007532582542293855,0.3718458808698462,9.207105734133274
4.409999999999906,0.007626247980201098,0.32533801982042854,10.955904548124362
4.414999999999906,0.00750079419364714,0.2636566699061256,13.71663541759737
4.419999999999906,0.007338391487176163,0.18984799262030574,15.806835496731217
4.424999999999906,0.008081539420525552,0.12100586477863562,17.167889263608945
4.429999999999906,0.008400337980755611,0.1521596696309692,17.75328567514699
4.4349999999999055,0.008280633750011833,0.1789038534213475,17.485985941913775
4.439999999999905,0.007729480995026216,0.2008442121827721,16.306506319722704
4.444999999999905,0.006776228624771095,0.22882978177788646,14.236939861764377
4.449999999999905,0.005471934389652942,0.2928879122693854,11.386312334835742
4.454999999999905,0.003886887500482039,0.34113084339898947,7.910860117006291
4.459999999999905,0.0023427018780685428,0.3709082627347829,7.4989652225204315
4.464999999999905,0.0024535193031533634,0.3805678822922205,7.611856685549576
4.469999999999905,0.002483660955376628,0.36951666972831265,6.983510044948476
4.474999999999905,0.0034714368398550194,0.33824030505086483,8.226320639752341
4.4799999999999045,0.004982889055524143,0.2883135393911975,11.74438562411503
4.484999999999904,0.006259614760228796,0.2223767424906744,14.630333136094777
4.489999999999904,0.007175619054528671,0.14402497522928343,16.710373768462276
4.494999999999904,0.007679641501020149,0.11259525042243017,17.86601497632701
4.499999999999904,0.007743204345883777,0.11462432006863905,18.031132539342742
4.504999999999904,0.007362275898142361,0.12163580143977834,17.19032676179758
4.509999999999904,0.0065575614058587875,0.20167328323872719,15.393981063810264
4.514999999999904,0.005618527567796016,0.27198759745566714,12.731744622966293
4.519999999999904,0.005050451543257063,0.32713241710121777,9.326183235254422
4.5249999999999035,0.004425077483655836,0.3638283139962654,6.1719575166651905
4.529999999999903,0.0041738644588164495,0.3798113574511272,4.9974366414033815
4.534999999999903,0.0038126757540287407,0.3740580017841434,4.562212669412272
4.539999999999903,0.003680325479566822,0.34684524547971585,7.542718395797643
4.544999999999903,0.00501410486774774,0.2996673596677088,11.328435929005575
4.549999999999903,0.006350987376243466,0.2350856437305928,14.504250445841416
4.554999999999903,0.007330100263958987,0.19947081192179317,16.906202504146837
4.559999999999903,0.007892282762049091,0.18183628911068633,18.392206885934502
4.564999999999903,0.008000965856148106,0.17275113676802706,18.86928836256135
4.569999999999903,0.007644339124472357,0.1686866065009825,18.31878851290836
4.5749999999999025,0.00683584763201161,0.20558615455481824,16.79149633722467
4.579999999999902,0.005613092538220666,0.2835158829615697,14.380395025476554
4.584999999999902,0.005319118387094058,0.3474869393937539,11.208027547397649
4.589999999999902,0.005301027041402365,0.3941013615279589,8.502040671289237
4.594999999999902,0.005158639353291137,0.4208732166065609,8.501044825899266
4.599999999999902,0.005567996844535849,0.42638079318427236,8.271661594703065
4.604999999999902,0.005867286720991865,0.410340993105471,7.8189832526429734
4.609999999999902,0.006056280947505543,0.3736443903843893,9.330691150984029
4.614999999999902,0.00775573732513087,0.31836067397434625,12.782795413033728
4.6199999999999015,0.009170610312892622,0.2581898149325488,15.526065724558784
4.624999999999901,0.010202340584630747,0.27385808924453936,17.467907701631656
4.629999999999901,0.010802654217369272,0.2916897934055482,18.564781112117075
4.634999999999901,0.010944251493129496,0.30227528022786515,18.79714719066529
4.639999999999901,0.010621036334210097,0.30454492338857164,18.210914055295092
4.644999999999901,0.009846974405581502,0.29731789153323285,16.916507852219052
4.649999999999901,0.009439146742060138,0.27950039130366716,14.975413048622432
4.654999999999901,0.01040344118616054,0.34680181191285664,12.364725571634292
4.659999999999901,0.0111417657266351,0.4004634593777496,10.819921685505735
4.664999999999901,0.011611880512781886,0.43649343634229565,12.166971122402183
4.6699999999999005,0.011802283614252137,0.4528438863300588,13.133164890839078
4.6749999999999,0.012171334098828649,0.4485966727671723,13.693094095450519
4.6799999999999,0.012213241482912366,0.4236820623171871,13.844504189883507
4.6849999999999,0.01191300131203846,0.37851482196961583,13.851513175968185
4.6899999999999,0.011759761017432032,0.3142165168703075,14.691262031924667
4.6949999999999,0.011674371068426627,0.3167506582111475,17.734785098230528
4.6999999999999,0.011287982472592812,0.3607379505207118,19.924605866002008
4.7049999999999,0.010606889865215213,0.39283951827336894,21.10427817855329
4.7099999999999,0.00992027037953689,0.4120770267110476,21.116838417008545
4.7149999999998995,0.009318578664780976,0.418397069933263,19.85617197118338
4.719999999999899,0.008228210996409814,0.4124968611096328,17.358970219067814
4.724999999999899,0.006710630510141071,0.41456316031108614,13.77993845429684
4.729999999999899,0.007301767949665029,0.41064990869158596,9.35924243303675
4.734999999999899,0.008021689310951359,0.4346951732856014,7.960959638165496
4.739999999999899,0.009296205939059414,0.44382531264614117,9.362852211843919
4.744999999999899,0.01061877455954336,0.43887155137962636,10.550775880123727
4.749999999999899,0.011678984907865285,0.43919892328345017,11.512919573834267
4.754999999999899,0.012453138816890698,0.4292470519942848,14.344435291260396
4.7599999999998985,0.01292466776300966,0.40874181772248014,17.506027258930775
4.764999999999898,0.013179203018405248,0.37786558485959315,19.717815163600594
4.769999999999898,0.013804571199023952,0.33712965929662736,20.859069524145717
4.774999999999898,0.014567506814491486,0.28728846529718144,20.858562286504306
4.779999999999898,0.015859040109086467,0.22932485254082247,19.71043863430801
4.784999999999898,0.016843569497509762,0.24751854209186167,17.47770535887026
4.789999999999898,0.017490640595538214,0.32693207951930575,14.472854051595206
4.794999999999898,0.01777835731233119,0.3884458432073855,14.965700367834405
4.799999999999898,0.01769438793258598,0.42869567964845223,15.06552065884836
4.804999999999898,0.01723609258562568,0.4454634982917634,14.795413068885273
4.8099999999998975,0.01641011162526235,0.4378066625224754,14.173351347868723
4.814999999999897,0.015231825640026307,0.4060937725002924,13.226688215013557
4.819999999999897,0.01372468788048657,0.3631792587305232,12.960513840780767
4.824999999999897,0.01191953798755346,0.38911209985816747,16.564280068074886
4.829999999999897,0.009853902728875949,0.4371420036128553,19.347315561839878
4.834999999999897,0.010266754553072042,0.4760242170853925,21.16672987176056
4.839999999999897,0.010433075047355689,0.5048740835188151,21.880245502519983
4.844999999999897,0.010060041099027727,0.5227474604787219,21.36948994106053
4.849999999999897,0.009160521521880965,0.5286756266760854,19.618475226370705
4.8549999999998965,0.007777504018723708,0.5219841358315505,16.753227767880606
4.859999999999896,0.007820303895104798,0.5025800640207054,13.766712440400234
4.864999999999896,0.008707551918025637,0.47099269658510373,12.784047527243066
4.869999999999896,0.009948943300425232,0.4807467773385227,10.50106387804003
4.874999999999896,0.011958552026734308,0.48637651286094596,11.448044876938491
4.879999999999896,0.013683608342504677,0.4666216400668228,13.02586524668673
4.884999999999896,0.015084636581054113,0.42217115129514815,14.344716985039804
4.889999999999896,0.016128749342458653,0.35496813998889354,15.58658713144478
4.894999999999896,0.01678999591520304,0.2682289944792378,19.109071072418292
4.8999999999998956,0.017050222203342832,0.204558178069892,21.62493930466946
4.904999999999895,0.016900317420661597,0.21093273060178266,22.950104737702535
4.909999999999895,0.01634136294981682,0.23590670939107672,22.98661999220728
4.914999999999895,0.015385119261744655,0.2591208748555713,21.738729984416047
4.919999999999895,0.01405389990495014,0.3023655719546154,19.297403327182177
4.924999999999895,0.012821420064229663,0.36712050740017055,15.80791988224755
4.929999999999895,0.011312313745037083,0.4302366493099393,11.46575198640839
4.934999999999895,0.009527010214901342,0.475132640041484,9.480396643525335
4.939999999999895,0.007506527138651594,0.49981545104427355,7.545707138903264
4.944999999999895,0.005299153405784221,0.5189852693024255,8.21003453991041
4.9499999999998945,0.004875550549057744,0.5239432192083168,10.624783006652006
4.954999999999894,0.006233646967455603,0.5144191178821943,14.561027841246084
4.959999999999894,0.007977229655750984,0.4909965162701556,18.527836687644363
4.964999999999894,0.009264589962083866,0.46454901891626127,21.37887989746798
4.969999999999894,0.010025366446593983,0.4363264532875571,22.967815009065575
4.974999999999894,0.010922816893636717,0.3978616923484057,23.210473606213604
4.979999999999894,0.012524987734968593,0.35051073698239954,22.102816990107353
4.984999999999894,0.01379909863129077,0.29576487829177045,19.74464365137222
4.989999999999894,0.014724529683358502,0.32676288831495154,16.310243129076646
4.9949999999998935,0.015289603436341611,0.3975587315873501,14.625879510164534
4.999999999999893,0.015491134797120326,0.4452435192234597,14.417146628491073
5.004999999999893,0.015419095896399873,0.4672531595382513,13.86841327189522
5.009999999999893,0.015414637872324539,0.46241649821763975,13.568655168149679
5.014999999999893,0.015072567631521943,0.43117516516348237,13.057140342043388
5.019999999999893,0.014405263370159533,0.3756532711311522,13.384924170869953
5.024999999999893,0.01343020329750034,0.3012561832163932,17.103795644363164
5.029999999999893,0.012169662537099706,0.34238036954422046,19.826038285135894
5.034999999999893,0.01065132054526232,0.3747830957020326,21.44963420098477
5.039999999999893,0.009241103814180477,0.39778340425648956,21.894060177910134
5.0449999999998925,0.00894998579147775,0.4110047724988856,21.131599139961036
5.049999999999892,0.008137825241847214,0.42597535739631454,19.20954585062065
5.054999999999892,0.006852013050722118,0.44016570303772623,16.233571797930338
5.059999999999892,0.005166070139743107,0.4443545174716348,12.344225730147825
5.064999999999892,0.003881084571858216,0.43861934729506713,9.956274807145602
5.069999999999892,0.005652288625416305,0.4488931239642193,8.340498078794665
5.074999999999892,0.007256327639162429,0.4487216045791382,7.809808359965854
5.079999999999892,0.008666376999052684,0.4224815717048009,8.676147161936974
5.084999999999892,0.009860783221223959,0.3716277254139226,12.523373006999257
5.0899999999998915,0.011060666113712044,0.29894391051665553,16.55015295190822
5.094999999999891,0.01234039390959286,0.23034342562142082,19.68601318326508
5.099999999999891,0.013354149539867676,0.17515882648851402,21.768691890250082
5.104999999999891,0.014085259809906858,0.11728528152716507,22.658423871478
5.109999999999891,0.014523061070701634,0.1185999167102139,22.241120048856803
5.114999999999891,0.01466197341444447,0.22548848228733773,20.514306181993625
5.119999999999891,0.014501172210632384,0.32078508443904913,17.60433467869173
5.124999999999891,0.014045397846555417,0.3990796184201803,13.713478913761412
5.129999999999891,0.013306210965959507,0.4560963491712974,10.647495358874139
5.1349999999998905,0.012302758671452023,0.4888406950340346,9.572709491285806
5.13999999999989,0.011061618520397611,0.49560486390213165,8.237142706064343
5.14499999999989,0.009615865064819139,0.4759888864570758,7.705524478368095
5.14999999999989,0.00800378699679323,0.43093171698948596,11.475334220184136
5.15499999999989,0.008595105678070052,0.3626094491807614,15.85357290330627
5.15999999999989,0.010187156228055426,0.3693906123984635,19.505898443638223
5.16499999999989,0.011297151788060171,0.37291233617061664,22.26342860632151
5.16999999999989,0.011857378796709835,0.3687489844624909,23.93021256053524
5.17499999999989,0.0118272327145289,0.3574108132777057,24.335840805508152
5.17999999999989,0.011196995963226057,0.3392720482426514,23.412612887957426
5.1849999999998895,0.009989395684401487,0.3147670396808837,21.2170978220574
5.189999999999889,0.009002349615255116,0.395066961526467,17.88680912755559
5.194999999999889,0.008664243922114004,0.47381847366781316,13.613795728983506
5.199999999999889,0.008435108998539732,0.5294172711606099,10.661983214783492
5.204999999999889,0.009382623588315793,0.5588543023045387,10.392603760177947
5.209999999999889,0.010115322121566196,0.5602685154431994,10.728662516605253
5.214999999999889,0.010624194593484555,0.533098758944252,10.098715884910506
5.219999999999889,0.010903958625681486,0.47839657471591956,13.596375025725882
5.224999999999889,0.010954323749006194,0.3989766871184589,18.171580013259092
5.2299999999998885,0.011141249543484392,0.3710024567732872,21.756771938294385
5.234999999999888,0.012349894467548769,0.37855998290735665,24.184686003063934
5.239999999999888,0.012961779059304344,0.37579351015533935,25.355509224990538
5.244999999999888,0.012947963053259525,0.3624950251723407,25.21639119502211
5.249999999999888,0.012311993281520552,0.3387938844827618,23.75631089603403
5.254999999999888,0.011090020504334896,0.3052365583893868,21.03146788438322
5.259999999999888,0.010733655734741552,0.39589064451008965,17.173078354590753
5.264999999999888,0.011922194018369118,0.4697753077176141,12.38078692841959
5.269999999999888,0.012844865155850304,0.5180173710936242,11.777664416519192
5.274999999999888,0.01347535766135833,0.5379786016878246,12.47755267127386
5.2799999999998875,0.013796450292018378,0.5284781084197044,12.77121021661155
5.284999999999887,0.01380090945881059,0.4898499628040607,12.641381114358861
5.289999999999887,0.013491964024125004,0.42397921651979775,15.765691390391602
5.294999999999887,0.012883083269841668,0.3342973262226008,20.107064728487995
5.299999999999887,0.011996739584073995,0.22578031811755817,23.299738513530045
5.304999999999887,0.010862368717950092,0.2500589057868667,25.129447530521805
5.309999999999887,0.009750253914915543,0.2891689118813243,25.464666237617152
5.314999999999887,0.009330775527512778,0.32067904891473026,24.22953061649716
5.319999999999887,0.008314950210263765,0.34462314119622295,21.49178130479196
5.3249999999998865,0.006769748118612263,0.3610437037541812,17.487190678320513
5.329999999999886,0.004793332963787817,0.4328019286205987,12.527927446241064
5.334999999999886,0.002800539053181331,0.48141824429447694,6.91859882331062
5.339999999999886,0.0027105687582082536,0.5010827444648364,2.4484878296426844
5.344999999999886,0.0027267266876116847,0.49073444127926685,5.08652251906133
5.349999999999886,0.004781941031393096,0.45083680937468723,10.872530242770928
5.354999999999886,0.00686757255013394,0.383415798121668,16.095874258437377
5.359999999999886,0.008556302189140304,0.29207605748089205,20.44002199787379
5.364999999999886,0.009741512719775273,0.25386102898792834,23.587139085241528
5.3699999999998855,0.010346160746952104,0.22349485348016213,25.27570038494918
5.374999999999885,0.01037142542471308,0.18828554043428664,25.41044410812858
5.379999999999885,0.010915128896930104,0.19058203484825997,24.076647777152537
5.384999999999885,0.011205789305204368,0.3043850515569768,21.44455890633514
5.389999999999885,0.011238992967250064,0.40223515782726166,17.695483601779618
5.394999999999885,0.011074474193670218,0.4790401162166165,13.026499753962979
5.399999999999885,0.01101976401880935,0.5307983366198952,9.071108281321479
5.404999999999885,0.010740160249633207,0.5548431802850746,8.478257603872253
5.409999999999885,0.01025043977241765,0.5500483533618581,9.578452231872907
5.414999999999885,0.009572519552251663,0.5168417177660625,9.971275750727637
5.4199999999998845,0.008734506856176816,0.45709815676941074,14.47384998835253
5.424999999999884,0.01070298032103347,0.3740346625190899,18.751547711776542
5.429999999999884,0.012318162404943066,0.2720381710447619,22.047048877955568
5.434999999999884,0.01338909570746836,0.2664421329309207,24.234159553804115
5.439999999999884,0.0138611250427293,0.25719229421145123,25.309266776737147
5.444999999999884,0.013707033881529055,0.23971622691223526,25.326586326515454
5.449999999999884,0.012926539830244903,0.21808457189455285,24.262022983661087
5.454999999999884,0.011546799228949179,0.33381166862374856,22.02881570801815
5.459999999999884,0.01222118378149966,0.43540998058620356,18.610509076964718
5.4649999999998835,0.012747202567198527,0.5172882462848951,14.140797202512548
5.469999999999883,0.01299363887703685,0.5748645987051729,12.338827777417634
5.474999999999883,0.012933431186279105,0.6050304866489031,13.126341170910822
5.479999999999883,0.012547323776833243,0.6061224855624373,13.552444870861729
5.484999999999883,0.011825767344869717,0.5775489241087268,13.44061269019418
5.489999999999883,0.010772434430422034,0.5196102571588967,14.485854044927832
5.494999999999883,0.009551724664703025,0.43384793072684136,19.819076527895124
5.499999999999883,0.011445275554250916,0.35397320179737474,24.29112572590972
5.504999999999883,0.012739335181318603,0.3943980248195777,27.517274017122265
5.5099999999998825,0.013355130524235415,0.4230305738319161,29.196611703990623
5.514999999999882,0.013251746041599484,0.4395518645602451,29.158274663340187
5.519999999999882,0.012430108449855861,0.44416406387041535,27.407336426564648
5.524999999999882,0.010932960120139652,0.43721938858406767,24.10877055914892
5.529999999999882,0.008841174488176715,0.472889453109804,19.517090814617998
5.534999999999882,0.007974663548086607,0.5564664523739946,13.91370889105891
5.539999999999882,0.00873550746189533,0.610221670579408,8.93798154441397
5.544999999999882,0.010364314719690473,0.6313503309054992,10.63780105337064
5.549999999999882,0.011731039750083012,0.6187185297186,12.13466559002343
5.554999999999882,0.012796366892424941,0.5729498382366277,14.516666821631482
5.5599999999998815,0.01353093752131549,0.49642526469190185,18.218159039191207
5.564999999999881,0.013913981157789116,0.3931678099410466,23.084822861151835
5.569999999999881,0.013933924403633018,0.26861433093895726,26.736568739684994
5.574999999999881,0.013588861083561924,0.18625961042077022,28.98499271229604
5.579999999999881,0.013683610074875367,0.2299015833565721,29.709153122854396
5.584999999999881,0.01323035567635743,0.25121576115305055,28.871600816925945
5.589999999999881,0.012064776215978278,0.30235496202335743,26.51965514109298
5.594999999999881,0.010244912934691406,0.42559035049140737,22.77450024612806
5.599999999999881,0.007863220001846062,0.5270868226467508,17.82408861601011
5.6049999999998805,0.0050419956175479855,0.6014029310725038,14.13444937104157
5.60999999999988,0.004034420457504549,0.6443518274296546,15.462003941407266
5.61499999999988,0.00402076060602252,0.6532590927595925,15.326522679684466
5.61999999999988,0.0045177602312476296,0.6272775680673296,13.723815032411503
5.62499999999988,0.007504703204663776,0.5674996212991542,15.232866486958912
5.62999999999988,0.010115434668099603,0.47679296407519833,21.04979640262422
5.63499999999988,0.012206294684770328,0.35955104259310944,25.8469721902124
5.63999999999988,0.013659083694740783,0.30538622933875786,29.347620288998705
5.64499999999988,0.01438782163076462,0.25378483495244375,31.30595906325388
5.64999999999988,0.014344467432026227,0.19729018835984738,31.575203146455433
5.6549999999998795,0.01352254526718001,0.2414965734286801,30.11450922109252
5.659999999999879,0.013034379175550361,0.3841915968128464,26.963500132575252
5.664999999999879,0.01324969843650654,0.5072714777151814,22.268452228359806
5.669999999999879,0.013147382400699553,0.6037069843076855,16.305750408642584
5.674999999999879,0.012731279683992769,0.6680656939925337,12.173322581995908
5.679999999999879,0.012012934718596777,0.696811020770329,11.381025323331079
5.684999999999879,0.011012074332411505,0.6884040500910228,10.26709409762879
5.689999999999879,0.009756350618130133,0.6433143348887943,12.612700563347964
5.694999999999879,0.009449942712533353,0.5639683013000745,19.125712872140728
5.6999999999998785,0.011996423457533089,0.4546239966998413,24.612008967953457
5.704999999999878,0.013935900466653838,0.3684390470131002,28.770866932594377
5.709999999999878,0.015165760035460763,0.37997622563791844,31.385047617074502
5.714999999999878,0.015621416316155549,0.3810514525864652,32.331563931204016
5.719999999999878,0.015279312860367175,0.3718757907060964,31.59338235782873
5.724999999999878,0.014157283376714055,0.35317463201143523,29.269835811502784
5.729999999999878,0.012312394768247597,0.4374705239443079,25.524405989305006
5.734999999999878,0.009837199373409947,0.5526076339907733,20.530438029282106
5.739999999999878,0.007237639006564854,0.6401315071119725,14.479111219198307
5.7449999999998775,0.008392116176135469,0.6954058947194357,9.16956023377382
5.749999999999877,0.009318539424695424,0.7152911605798868,11.9465145038994
5.754999999999877,0.010001781016371999,0.6983736097142197,14.407538969899543
5.759999999999877,0.010430872287523707,0.6450464822948541,15.314272419414346
5.764999999999877,0.010599031054231822,0.5576804544719102,20.706043028091756
5.769999999999877,0.012405754357876556,0.4407156407394598,26.079882464889426
5.774999999999877,0.014258637793826674,0.30043773364060283,30.031280374654592
5.779999999999877,0.015370978487223711,0.23183851167814426,32.34439559429931
5.784999999999877,0.01568558383686559,0.24366625862128932,32.91758343757776
5.789999999999877,0.015188241800523241,0.23169776621310723,31.73201928802672
5.7949999999998765,0.01390822281668231,0.33172718286090747,28.84668958614736
5.799999999999876,0.011916755178032071,0.4648598725992054,24.406386309172916
5.804999999999876,0.00932347046697019,0.5724540118255692,18.63126938137352
5.809999999999876,0.006270964563088511,0.6485483497271286,15.18661360844817
5.814999999999876,0.00483708932637181,0.6887965599813769,14.232431806539472
5.819999999999876,0.005191437115234027,0.6908139913197294,11.823430566880006
5.824999999999876,0.006030556853751619,0.6543891923876949,11.084073785706506
5.829999999999876,0.006974129714858589,0.5814898740742219,18.075653539683245
5.834999999999876,0.009618110404870272,0.47610240193047426,24.079335317816756
5.8399999999998755,0.01166836413716611,0.34399909098787934,28.76198905922235
5.844999999999875,0.013009528845302988,0.19246679226688354,31.850930429177303
5.849999999999875,0.013565514328734908,0.11450450351154882,33.164826035222106
5.854999999999875,0.013303875815883114,0.13458280624660787,32.63925690577785
5.859999999999875,0.01223747717324095,0.29197665081026747,30.318280919687332
5.864999999999875,0.010423538335611281,0.43359888424161513,26.330612452852893
5.869999999999875,0.009763260231516207,0.5516177811909866,20.87694632689672
5.874999999999875,0.009341661932230357,0.6393821387858878,14.22879671106448
5.879999999999875,0.008721508539826938,0.6917989183687693,7.5292947092071785
5.8849999999998746,0.007914333210869031,0.705730252624704,6.87840784724655
5.8899999999998744,0.006936550724684226,0.6802780319583316,9.015506846834654
5.894999999999874,0.00854653871829712,0.6168176914645486,16.368629350679118
5.899999999999874,0.011385661075322144,0.5188312513454849,22.825946696947213
5.904999999999874,0.01366195209201252,0.39168515533068565,28.032491708973588
5.909999999999874,0.015247097282915146,0.2827283238225013,31.692402011150694
5.914999999999874,0.016050856705633984,0.2822517523481169,33.60442717813648
5.919999999999874,0.016025948479827485,0.27367429188426523,33.685567396636124
5.924999999999874,0.015170158467576243,0.25718220670893505,31.965523859755493
5.929999999999874,0.01352580607045065,0.40451909232951144,28.553366463754504
5.9349999999998735,0.011177097324867541,0.5349644059037524,23.62475896594298
5.939999999999873,0.010700975219216285,0.637591690589,17.42615490815686
5.944999999999873,0.010643429329898245,0.7068437470050298,11.438988805961968
5.949999999999873,0.010312020660055788,0.7389032445465694,13.991964812925403
5.954999999999873,0.009710943783491136,0.7319448977077543,15.166449291464714
5.959999999999873,0.008852328238472018,0.6862757676482372,14.834005959540065
5.964999999999873,0.009178920278371428,0.6043239403988279,19.845548969843897
5.969999999999873,0.011915894565319803,0.49046577438054534,25.69771743747016
5.974999999999873,0.01401901379012288,0.350781915540704,30.175826098467585
5.9799999999998725,0.015377926537384285,0.33813529906000983,33.02366677226781
5.984999999999872,0.015922541612860528,0.35412252480435874,34.0644678426279
5.989999999999872,0.015627281140916566,0.36148168639029865,33.22748512971536
5.994999999999872,0.014512714458717548,0.36029840679464387,30.569555538755534
5.999999999999872,0.012644203644370243,0.4447446884635432,26.264464936504886
6.004999999999872,0.01012775622068825,0.5618342810092751,20.571372081788823
6.009999999999872,0.00710367456180219,0.6477983825451751,14.987672091944257
6.014999999999872,0.008543631725271972,0.6982150427108943,12.937630224068174
6.019999999999872,0.0098242623886385,0.7105000855888564,9.583404227038159
6.024999999999872,0.01089691216175962,0.6840056866372126,9.351213434386068
6.0299999999998715,0.011737397152595547,0.6200947892259095,16.404977766395334
6.034999999999871,0.012327962588944537,0.5220952275875747,22.79484688893951
6.039999999999871,0.012658087596762528,0.39512227585797227,27.994333802902556
6.044999999999871,0.01328059168990635,0.2458419029215757,31.71781537165738
6.049999999999871,0.014100638167072658,0.1458039180096237,33.74827061899244
6.054999999999871,0.014088331397236396,0.14598919517872114,33.96216291077455
6.059999999999871,0.013238546892013932,0.25281440620953355,32.323841221256586
6.064999999999871,0.011591845025570088,0.40586634036801755,28.896932442138304
6.069999999999871,0.009540279943454168,0.537748700475778,23.856011600967044
6.0749999999998705,0.008366264566596407,0.6410814117674697,17.477072915710483
6.07999999999987,0.007094031691964271,0.7100457900699028,10.108678405263387
6.08499999999987,0.007494866600404266,0.740609235989584,4.770964620285171
6.08999999999987,0.0077766288664988,0.7306331426401247,8.156354134261548
6.09499999999987,0.007923647297624958,0.6800940270244483,14.108508943877858
6.09999999999987,0.011102157861529249,0.5913101985372953,21.405022450984163
6.10499999999987,0.013752712285151684,0.4689115709117012,27.554428599254592
6.10999999999987,0.015723740328634675,0.31949964648151247,32.210341172822204
6.11499999999987,0.01690032648364713,0.21499699171864917,35.13559121039198
6.1199999999998695,0.017210243596983543,0.18924293687273736,36.18552307456696
6.124999999999869,0.016627571151447283,0.2059010080255958,35.3076920601077
6.129999999999869,0.015174000213579421,0.37552736712156093,32.54285157827977
6.134999999999869,0.01291789400008299,0.5269151182770307,28.012248883909372
6.139999999999869,0.009971347472519456,0.6517034927484083,21.903100904642734
6.144999999999869,0.007879957872353285,0.7427069459875865,14.498280391029198
6.149999999999869,0.006606811174885005,0.7944811301258626,12.868068804122103
6.154999999999869,0.005978551880424436,0.8038629520679033,13.059304376860036
6.159999999999869,0.005783345698687838,0.7702127120638687,11.941169521419017
6.164999999999869,0.008952580007647065,0.6953400188279193,18.947645780231365
6.1699999999998685,0.012149099547340133,0.583267797049335,25.881242931203367
6.174999999999868,0.01470721348819975,0.4399777792945335,31.434764170718477
6.179999999999868,0.016489979446008773,0.3462233402371991,35.30490601545946
6.184999999999868,0.017401991676176492,0.3199158817183501,37.2760202209779
6.189999999999868,0.01739463590514595,0.28405318961465253,37.241933734312745
6.194999999999868,0.01646873965059383,0.2757399051706365,35.20658967385541
6.199999999999868,0.01467448548169113,0.4419617623904579,31.282153214074565
6.204999999999868,0.012108601281083405,0.5843919178526539,25.68990897080497
6.209999999999868,0.010561410331721657,0.6954637295904448,18.738815724312193
6.2149999999998675,0.010765397222158338,0.7693234941296234,12.523912296205744
6.219999999999867,0.01065850552542241,0.8021397292551681,12.369371990308116
6.224999999999867,0.010244413689651061,0.7923543510309723,11.889365968847576
6.229999999999867,0.009534790770028868,0.7408350675711398,14.37215813539681
6.234999999999867,0.009979950079668518,0.6507958832936067,21.643515575617194
6.239999999999867,0.012925478601006882,0.5274155252417644,27.70862764512075
6.244999999999867,0.015187344466468964,0.37733082094308756,32.325254074351214
6.249999999999867,0.016651306419020375,0.3444721966525625,35.30549027188939
6.254999999999867,0.017243893678376195,0.3669080334493857,36.483716293170886
6.259999999999867,0.016936375158638172,0.3786324836303611,35.744001796789306
6.2649999999998665,0.015747219980648344,0.37929220467813857,33.09014543354548
6.269999999999866,0.013741836146692683,0.4782798139463938,28.672292290658437
6.274999999999866,0.011028957739197197,0.6068715490518238,22.764401751514693
6.279999999999866,0.008951472132584928,0.703139110687835,15.742622902890579
6.284999999999866,0.009564775799494786,0.7625244903833917,10.151632430779015
6.289999999999866,0.009925507476789849,0.7824088682323088,10.999259231504523
6.294999999999866,0.010353182546975561,0.7620204922922439,12.42563674107266
6.299999999999866,0.011020001654631824,0.7024908860320526,15.71426996381647
6.304999999999866,0.011352869638436824,0.6069632635545501,22.49677902718535
6.3099999999998655,0.013287382528331067,0.4805703355949261,28.060392156665355
6.314999999999865,0.015314270294511368,0.3301847708772118,32.09383373042171
6.319999999999865,0.01654974487188809,0.28247704500745113,34.378050591068835
6.324999999999865,0.016937388147013163,0.3244272800107525,34.803073447710865
6.329999999999865,0.0164665545241708,0.35905854142335347,33.37210618830516
6.334999999999865,0.015172218641975906,0.3851507510476805,30.21307567208894
6.339999999999865,0.013131974996385345,0.47774880447176704,25.5469846108291
6.344999999999865,0.010460965520474092,0.5906549858927569,19.615487957567797
6.349999999999865,0.007305797942646125,0.6714120452384565,12.687335780712754
6.3549999999998645,0.006826349787389457,0.7158556176670864,10.262610448531483
6.359999999999864,0.008679397687124137,0.7216244870954568,9.010333163592943
6.364999999999864,0.010369779015673345,0.6884383024701124,10.491928430746562
6.369999999999864,0.01185081241057127,0.6182254858430453,17.59319822008081
6.374999999999864,0.013080908262971869,0.5150686163764838,23.669549566544696
6.379999999999864,0.014023847800291983,0.4318026937348012,28.37715867988605
6.384999999999864,0.014649329533913744,0.38564306477438376,31.480630552731355
6.389999999999864,0.01493413962132753,0.3269096448492829,32.85945416003481
6.394999999999864,0.015499108552255525,0.2571678171441375,32.47981091486186
6.399999999999864,0.016358938477169908,0.24607585853223665,30.394131781921907
6.4049999999998635,0.017038119205833285,0.3889038073371356,26.737047740038875
6.409999999999863,0.01728149112185314,0.5099902839016692,21.697542885775597
6.414999999999863,0.017076930184158522,0.6030369992008444,17.98128568351284
6.419999999999863,0.01642623634558085,0.6631359912248046,17.36140535553244
6.424999999999863,0.015344794543758854,0.6870953316946885,16.215577724516404
6.429999999999863,0.01386108572701396,0.6736841621697797,14.570161583101319
6.434999999999863,0.012015949443153809,0.6237114735366504,13.559325031023919
6.439999999999863,0.009861405698634666,0.5399658102175573,19.93894029661409
6.444999999999863,0.01204767044226986,0.5019935162677456,25.23243040899415
6.4499999999998625,0.01384289234049233,0.5306203418094257,29.161972638237003
6.454999999999862,0.014918875715413874,0.5441265356612692,31.52178804268498
6.459999999999862,0.01521739583479314,0.5422438042217452,32.188572163162526
6.464999999999862,0.014721981486555858,0.5251471681870629,31.130582449643214
6.469999999999862,0.013458707163678337,0.4934259496248926,28.407858879994652
6.474999999999862,0.01149472325417541,0.4585156475636325,24.16723365043721
6.479999999999862,0.011505268438411124,0.565550472023479,18.64669613350231
6.484999999999862,0.012388503352522697,0.6425743569208984,15.283174620447406
6.489999999999862,0.013390169580008257,0.6857371549912706,16.04039910833163
6.4949999999998616,0.014411745185037348,0.6931714382427343,16.892571038053386
6.4999999999998614,0.015014549829212057,0.6649099760488615,17.17781255226563
6.504999999999861,0.01519111055858045,0.6026606827259624,16.950830226428472
6.509999999999861,0.01494690211517117,0.5097278689473835,21.44944495772366
6.514999999999861,0.014299436221122798,0.3909728476831471,26.052563547971967
6.519999999999861,0.014059499454657606,0.3377827624846422,29.31103920436043
6.524999999999861,0.014944865440170464,0.35812249037429145,31.08147575543613
6.529999999999861,0.015063159366818459,0.3837105418973303,31.257538703150306
6.534999999999861,0.014410310033838976,0.3988041499017732,29.786368378665276
6.539999999999861,0.013022813418320652,0.42916488392256946,26.71328974573853
6.5449999999998605,0.010976468953262958,0.47041389026392116,22.202708056161352
6.54999999999986,0.010250709269419773,0.567229660672581,16.52360010730339
6.55499999999986,0.009388152676442614,0.6335432837981863,12.465095821504159
6.55999999999986,0.008324018987551545,0.6660400019835843,10.42855665703204
6.56499999999986,0.007691177770425067,0.6632633257689006,10.843748411127414
6.56999999999986,0.008441609508163419,0.6256588446225396,11.707974315670752
6.57499999999986,0.009233159961155197,0.5554449989095708,17.151254443737248
6.57999999999986,0.009896315223977697,0.4563395491217929,22.490925471374773
6.58499999999986,0.011870448892171462,0.342614890212526,26.719326915051305
6.5899999999998595,0.013184979882910852,0.34309078128806736,29.606849091227236
6.594999999999859,0.013768920164658206,0.3344625157363797,30.96148834122508
6.599999999999859,0.013589114900885959,0.31651313082281973,30.669461509463837
6.604999999999859,0.012652927096299369,0.2894639326626641,28.720795170147518
6.609999999999859,0.011008503654132458,0.3962939950999439,25.206650163097283
6.614999999999859,0.009469594608618707,0.5100801316506136,20.30780445717158
6.619999999999859,0.009170438708738007,0.5965664575306348,14.286725894837527
6.624999999999859,0.009842600659096007,0.6509639622078087,11.237538469190476
6.629999999999859,0.010235816471279665,0.670243184744312,11.728973204977882
6.634999999999859,0.010337780460790086,0.6533116788567641,11.904806748573343
6.6399999999998585,0.010144020811085213,0.6010775184848278,13.881648755186694
6.644999999999858,0.00968441404439364,0.51638721736075,19.9944716944452
6.649999999999858,0.011985015483420087,0.40385335824984836,25.019071949916412
6.654999999999858,0.013668625586319027,0.3819596487115357,28.685998186127534
6.659999999999858,0.014644800861357598,0.3498796152101888,30.798504135492298
6.664999999999858,0.0148614561143626,0.3173530713901311,31.240197068264145
6.669999999999858,0.014307707624152352,0.3493785686059553,29.9857006424242
6.674999999999858,0.013014429582280267,0.3731247392871754,27.11312991278683
6.679999999999858,0.012079554042144612,0.45478003986596405,22.78722740622595
6.6849999999998575,0.012605930279345666,0.5548724244963935,17.24972644594671
6.689999999999857,0.012801793529008709,0.6250217283063589,13.374266562144653
6.694999999999857,0.012665659391181605,0.66156804017873,13.663473182615006
6.699999999999857,0.012205428285595154,0.6626131928601937,13.873971898936226
6.704999999999857,0.011438043434072481,0.6281194554104221,12.69799027414807
6.709999999999857,0.010955091179777708,0.5599377095560029,16.865671960182713
6.714999999999857,0.012158665243106416,0.46173329777748556,22.41609275122503
6.719999999999857,0.013091513500852662,0.3388114832298237,26.752633067840794
6.724999999999857,0.013727842659268274,0.349519090501317,29.6321368051333
6.7299999999998565,0.014049288968466172,0.3684447786624234,30.894296810604136
6.734999999999856,0.014045021744732182,0.3772061316634902,30.466975239101206
6.739999999999856,0.01371168984474877,0.37574284564459903,28.36376642585413
6.744999999999856,0.013053171414175972,0.3865805349003883,24.68982362286462
6.749999999999856,0.012080309667985392,0.49744731916178064,19.65689008169324
6.754999999999856,0.010810934543163312,0.5805179959409541,13.5713806299768
6.759999999999856,0.009270144848570921,0.6314136882181319,10.416799804113555
6.764999999999856,0.007970921127591363,0.6475498576615062,10.082634190470742
6.769999999999856,0.008665996035856457,0.6281633638334566,10.588492080539012
6.774999999999856,0.00943157453623442,0.5742932483913555,14.125877149165833
6.7799999999998555,0.00991973420378345,0.48874662532179586,20.09277207865877
6.784999999999855,0.011147970313096275,0.4575715416329671,24.97849776201507
6.789999999999855,0.012694164680229684,0.4501262749837882,28.48516407272643
6.794999999999855,0.013538176470451552,0.43136338517233197,30.40038639838361
6.799999999999855,0.013632769798444523,0.40158651565641657,30.62101708713486
6.804999999999855,0.012972361278556103,0.3614832414169517,29.157875088374347
6.809999999999855,0.011592916069875087,0.34497276427534707,26.10910294293699
6.814999999999855,0.012691379323546548,0.4643598036481527,21.645712806186225
6.819999999999855,0.013805672404781085,0.5585110999784639,16.014805725938977
6.8249999999998545,0.014588851020123146,0.6223572891154249,14.125261393741967
6.829999999999854,0.015021134866008394,0.6524852050550369,14.563165486424229
6.834999999999854,0.015091655767919694,0.6473292403127535,14.630478669243443
6.839999999999854,0.014798689020419097,0.6072299595743632,14.333901080994814
6.844999999999854,0.014149587417090582,0.5343977048794294,17.683071926530044
6.849999999999854,0.013160521395615177,0.43281068757395885,22.951734995659084
6.854999999999854,0.01263695265577803,0.30801274571093934,26.967441749549824
6.859999999999854,0.013824126101318933,0.3435022449596139,29.495003532654245
6.864999999999854,0.014284210617312658,0.38674648617294427,30.37677991269524
6.869999999999854,0.013995611092203295,0.4190242971026349,29.540883218454407
6.8749999999998535,0.012978917016325654,0.4389617562250912,27.036581773325455
6.879999999999853,0.011295619587932347,0.44568469053653853,23.042489637405733
6.884999999999853,0.009044023211376857,0.5013802256801335,17.806270657815997
6.889999999999853,0.006421072079922131,0.5749531754810255,12.247817897711423
6.894999999999853,0.005608425928143016,0.6160603868085995,13.68135569904415
6.899999999999853,0.006121762033986137,0.6224881103272981,13.741591004479446
6.904999999999853,0.007702247115275971,0.5939048580800923,12.441620157413467
6.909999999999853,0.008992510782560876,0.5320259631930454,15.567142916945874
6.914999999999853,0.009955423089583039,0.4405722305802958,21.01435012815476
6.9199999999998525,0.01056458067341909,0.3278707252561919,25.228918451614078
6.924999999999852,0.011214079471698423,0.3301918555336739,27.987393061663532
6.929999999999852,0.011816811724708836,0.3219848096137284,29.114070734817663
6.934999999999852,0.011702335286717942,0.3028719024639586,28.5378560289153
6.939999999999852,0.010884563193639419,0.2728813774712078,26.337522021377143
6.944999999999852,0.00941735009357743,0.35473659884623543,22.6976610456891
6.949999999999852,0.009771272247122632,0.45609412700029306,17.845350215934843
6.954999999999852,0.010547473317575943,0.5307953694119272,12.035146748719427
6.959999999999852,0.011028582907187978,0.5748002416541828,12.752383808233075
6.9649999999998515,0.011193421114343032,0.5856673412354453,13.19504427879246
6.969999999999851,0.011031061079277494,0.5627781798376447,13.20924638947891
6.974999999999851,0.010541468007928004,0.5075731661487075,14.146303232132965
6.979999999999851,0.009736345342683412,0.42354083769587475,19.466628149000833
6.984999999999851,0.010465232886057685,0.33188018394918894,23.630480113418233
6.989999999999851,0.011731068965307618,0.2950079167209604,26.474200838452887
6.994999999999851,0.012343981766887467,0.33382941163238883,27.888842636893894
6.999999999999851,0.012269050296278061,0.3626907994257717,27.80319743804467
7.004999999999851,0.011508480748130984,0.38087439985502564,26.206854893048998
7.009999999999851,0.011312167349160216,0.38787583833802747,23.171398472645823
7.0149999999998505,0.01144019557334305,0.44814782046002616,18.85888632835802
7.01999999999985,0.011240532386746363,0.529075835814091,13.512319813268507
7.02499999999985,0.010719351069168749,0.5814397547842188,12.36472222918079
7.02999999999985,0.009890916967626442,0.6024143003705813,11.489304159588006
7.03499999999985,0.008961693872380178,0.5909063995657496,10.349049344682408
7.03999999999985,0.009575663978260608,0.5476298972590641,11.750870140979638
7.04499999999985,0.010461941716173512,0.47505747055708436,17.278100539812886
7.04999999999985,0.011049694804993135,0.3772684682047703,21.837500401113626
7.05499999999985,0.012164946364560131,0.3939087303164483,25.181783245933843
7.0599999999998495,0.013136419213157452,0.4065674944374828,27.158768248215726
7.064999999999849,0.013437886943973514,0.408805852039839,27.70149910264075
7.069999999999849,0.013055804777974762,0.4004460507307719,26.806217036877598
7.074999999999849,0.01201225211607316,0.3816262869848462,24.52134616806459
7.079999999999849,0.010363675298931516,0.386560740470171,20.95495546540435
7.084999999999849,0.009400327770362251,0.47965372108078935,16.28223677884379
7.089999999999849,0.010860171738490635,0.5472135954692774,10.741712976552037
7.094999999999849,0.012073384795030132,0.5856581102374695,11.152089562181754
7.099999999999849,0.013009571415446088,0.5929857238311335,12.088352708471337
7.1049999999998485,0.013645411300941311,0.568871461143189,12.726682608194876
7.109999999999848,0.013964977994645794,0.5146883709791916,13.732578483680793
7.114999999999848,0.013960001339508822,0.4333931669005627,18.785503147771475
7.119999999999848,0.01363021305693417,0.32931238504708626,22.84680959362
7.124999999999848,0.012983622261664846,0.2156008851045074,25.708053418511703
7.129999999999848,0.012090266094934363,0.21847394395754696,27.217120522011342
7.134999999999848,0.012127652361926245,0.27085511969511805,27.290910891652505
7.139999999999848,0.011660215635478154,0.3158945130786095,25.92628216208553
7.144999999999848,0.011271654788362355,0.3521475583742548,23.19776813701736
7.149999999999848,0.01061939168964078,0.42263161291142015,19.250519327232
7.1549999999998475,0.009718452719759177,0.5064808292172037,14.289167195082184
7.159999999999847,0.008591421132917137,0.5636221393891006,8.567356873676987
7.164999999999847,0.007267514234609523,0.5909867098320922,7.437863468607715
7.169999999999847,0.005781279961289355,0.587021257793905,6.301021465285499
7.174999999999847,0.005308181187623572,0.5517672101562449,10.136966936269495
7.179999999999847,0.007904838607873185,0.4868957579436225,15.811613948779959
7.184999999999847,0.010111176733237812,0.3956394922022471,20.69089234777098
7.189999999999847,0.011806842620903741,0.3453169300593666,24.51415938747334
7.194999999999847,0.012897694038914442,0.33338770175665083,27.051104022123067
7.1999999999998465,0.013321425962888364,0.3137392122278031,28.122751614169704
7.204999999999846,0.013051753898052944,0.28662793434256884,27.64803095903709
7.209999999999846,0.01210034400864591,0.2569160645792293,25.6592383992188
7.214999999999846,0.010516113375615328,0.37677618863301676,22.284811222297225
7.219999999999846,0.009652611097642145,0.4767990957216062,17.72435161313941
7.224999999999846,0.009965137572770514,0.5516881430863424,12.23126733275562
7.229999999999846,0.01040713813007926,0.597513573595976,10.968295576785945
7.234999999999846,0.01057685726252394,0.611894731756843,11.149329525248634
7.239999999999846,0.010469941456061442,0.5941502205790353,10.994635597867397
7.244999999999846,0.010090303145649791,0.5453596314526761,12.764872786172129
7.2499999999998455,0.009450246556263076,0.4682624537627291,18.073998289807257
7.254999999999845,0.01057171011784632,0.3670175088414053,22.423979678723114
7.259999999999845,0.012106587913611773,0.30120364254554555,25.6095800719243
7.264999999999845,0.013009548230670477,0.2874387671093922,27.463656770512667
7.269999999999845,0.013234958667435608,0.2973343572556103,27.871087234026508
7.274999999999845,0.012772854681354008,0.31501475937351603,26.796476416916203
7.279999999999845,0.011649740612734636,0.32438294674804824,24.29757313818911
7.284999999999845,0.009927216686125926,0.4005191949757392,20.51395458500364
7.289999999999845,0.0076986259909494386,0.49091708309487475,15.645200662651327
7.2949999999998445,0.0075097998017187445,0.554888845922123,10.03228032832653
7.299999999999844,0.008293609203555813,0.5890188467075576,9.411449632738485
7.304999999999844,0.008860131663809162,0.59146439440139,9.43518140717916
7.309999999999844,0.009192478517052526,0.5620660728003822,9.843125002569218
7.314999999999844,0.009280508916919773,0.5023751060930656,14.847334810916447
7.319999999999844,0.009121100757426275,0.41558013268252686,19.870654553299797
7.324999999999844,0.010371493544456059,0.3063439338533877,23.823824978356857
7.329999999999844,0.011588772308600911,0.22032309331166597,26.48671984117399
7.334999999999844,0.012152837712984258,0.24322359121796377,27.716872901140373
7.3399999999998435,0.012033352301054205,0.25919226637712844,27.447664966693942
7.344999999999843,0.011236943957630812,0.26785431322020786,25.695466204410668
7.349999999999843,0.00980677982377308,0.3463550708945432,22.562329093983067
7.354999999999843,0.007820118743959822,0.44830936103077745,18.219386960511496
7.359999999999843,0.005384090871911845,0.526101787788434,12.897583742551758
7.364999999999843,0.004561666034788462,0.5755476433210095,6.880758470478824
7.369999999999843,0.005654023520934945,0.5939776932964524,5.491560359640129
7.374999999999843,0.006610165405599525,0.5803779474561753,6.361466298285973
7.379999999999843,0.007408403053930478,0.5354415646993375,12.04339324692616
7.384999999999843,0.00851170649613019,0.46152746188254934,17.522247879789813
7.3899999999998425,0.010571855836143602,0.36253227412283273,22.075827224097686
7.394999999999842,0.012087379272338444,0.3045394643111918,25.466242282989796
7.399999999999842,0.012974552412321294,0.2715822945365568,27.52773560384584
7.404999999999842,0.013182521521889926,0.23051992616310454,28.150931375598002
7.409999999999842,0.012696001246633165,0.18214445274635807,27.28870321702539
7.414999999999842,0.011536392098820018,0.2972400608331369,24.96588179937777
7.419999999999842,0.011781571428209915,0.4128799382582452,21.290069170666484
7.424999999999842,0.011965074674217138,0.5072491367908811,16.457610242388665
7.429999999999842,0.011831616580993388,0.5752258180955868,12.862936611949376
7.4349999999998415,0.011378936259123971,0.6131101751555256,12.578429655782772
7.439999999999841,0.010614081847586835,0.6187993248096241,11.928058423322165
7.444999999999841,0.009553105753743966,0.5919146218845475,10.944922666491891
7.449999999999841,0.008220326583232627,0.5338378666982672,14.621841587324129
7.454999999999841,0.009590892949774887,0.44764019521965087,19.857227004123196
7.459999999999841,0.011554840889958217,0.37329628701594275,24.023258742259188
7.464999999999841,0.012926365032682009,0.4007732229744416,26.884063104888483
7.469999999999841,0.013634859816247935,0.41868378461790756,28.293312513226677
7.474999999999841,0.013645451555634219,0.42656834028888513,28.19379893740603
7.4799999999998406,0.012960528030289766,0.4241242098104973,26.601531968883503
7.4849999999998404,0.011619320063660982,0.41124843055385696,23.608647730324567
7.48999999999984,0.009695672234904609,0.43845481355279475,19.371550510885736
7.49499999999984,0.009296376821563982,0.5221595135017915,14.11032946871358
7.49999999999984,0.01096623527642473,0.57770862100309,9.312520377612156
7.50499999999984,0.012404548299812784,0.6022233685184866,10.861004036187486
7.50999999999984,0.013572806031373244,0.5945294696539071,12.1743182424297
7.51499999999984,0.014438449118817268,0.5552169127143773,13.208702537585332
7.51999999999984,0.014976004838510163,0.4865707034602657,16.507605946017588
7.52499999999984,0.015168364015135376,0.392391039109651,21.164259794229157
7.5299999999998395,0.015007803041820615,0.2791544927416654,24.69504429445575
7.534999999999839,0.014496547587239079,0.2816218620152012,26.91976999379939
7.539999999999839,0.013646728212387054,0.2750047499598808,27.715648635916686
7.544999999999839,0.012479729105560802,0.26382846100969337,27.027962820953906
7.549999999999839,0.011025188873289333,0.31798763189890605,24.889189971877208
7.554999999999839,0.00942517959914768,0.3702916809906195,21.41359681187966
7.559999999999839,0.008012523348009878,0.46577579077817827,16.78004710314471
7.564999999999839,0.008730604640644901,0.535823235205718,11.238930667871788
7.569999999999839,0.009218171396004891,0.5766537446945164,10.018617700010248
7.5749999999998385,0.009457068193469089,0.5860780070236412,10.462257050179746
7.579999999999838,0.00943625667292971,0.5635997576716528,10.610199080204193
7.584999999999838,0.009152046514133304,0.5104227502416423,13.603071427206906
7.589999999999838,0.008765768718167454,0.4293810747048915,18.813598787494175
7.594999999999838,0.0106511831778051,0.3651676485262137,23.024947434390285
7.599999999999838,0.01196860732589246,0.319712141085613,26.014956191774836
7.604999999999838,0.012644302009967596,0.2666985373407925,27.621854424020377
7.609999999999838,0.012638613213067936,0.29818024903837487,27.762691916156424
7.614999999999838,0.012749791239783361,0.32322944956419375,26.433970403093323
7.619999999999838,0.013306164535770599,0.3400983739245409,23.70630431471735
7.6249999999998375,0.013532156784639251,0.4397701145597789,19.71742755007626
7.629999999999837,0.013429867003884119,0.525704648716138,14.656386112468097
7.634999999999837,0.013009965524096239,0.5842751800016031,12.040969971994747
7.639999999999837,0.012290701094359643,0.6121436316304295,11.0363493553073
7.644999999999837,0.011297011274537387,0.6076323797075682,9.794393731098177
7.649999999999837,0.010059765212138085,0.5708496281836647,10.533045590604674
7.654999999999837,0.009878728354545141,0.5036593616385648,16.343061027435866
7.659999999999837,0.010792152928885364,0.4095522073552877,21.299800685875788
7.664999999999837,0.012224285961342646,0.3573378033846904,25.131019107807205
7.6699999999998365,0.013361941452610378,0.36829575896840056,27.62422858621888
7.674999999999836,0.013818223371884904,0.36974865831572906,28.640295238673122
7.679999999999836,0.013568111615142911,0.3617268403759041,28.118169099082447
7.684999999999836,0.012624504398867947,0.3444717336682397,26.082640088442005
7.689999999999836,0.011037573993445352,0.37829970742965074,22.648260987659032
7.694999999999836,0.009273979929211976,0.479936566069947,18.006482468460266
7.699999999999836,0.007969896734082207,0.5559869099709616,12.413655091946188
7.704999999999836,0.007570164992551836,0.6024603849327255,9.875725529942553
7.709999999999836,0.008424872083609291,0.6169613896078171,10.575283954275067
7.7149999999998355,0.009017184815042274,0.5987875459697856,10.956804101424833
7.719999999999835,0.009337540832650496,0.5489597866062315,13.036899312932418
7.724999999999835,0.009384141377171524,0.4701540666175217,18.485388682552276
7.729999999999835,0.010190767317207078,0.3665435172815231,22.958831051847977
7.734999999999835,0.011716123565920637,0.3435676758158364,26.21898297919721
7.739999999999835,0.012594667728400805,0.31192544449641046,28.09313678710428
7.744999999999835,0.012780202413904197,0.2712745114778172,28.476259762883398
7.749999999999835,0.012263359971145284,0.2403249418707923,27.334684209102118
7.754999999999835,0.0110722991117329,0.30329217524819907,24.729318483472618
7.759999999999835,0.010379464616715833,0.41712526202319566,20.803916226526976
7.7649999999998345,0.010758641810045374,0.5085526560889019,15.767041399756256
7.769999999999834,0.0108162228951397,0.5726838046871867,13.110278850530607
7.774999999999834,0.010548339911527713,0.6060736412781748,12.901765943680177
7.779999999999834,0.009960206429418878,0.6069074320862388,12.32626902160668
7.784999999999834,0.009066120870798274,0.575108422665935,11.398028254991592
7.789999999999834,0.007889131855979725,0.5123547716261325,15.518856921411457
7.794999999999834,0.009734960207625085,0.42199957158364204,20.623223095585583
7.799999999999834,0.011562226358714034,0.3473773291429353,24.61384999709105
7.804999999999834,0.012782499490172208,0.3759140911606351,27.267960051160525
7.8099999999998335,0.013330348154134058,0.39383276544207924,28.438144700003903
7.814999999999833,0.013176900874635878,0.4005747011827809,28.063101502441686
7.819999999999833,0.012331381800224724,0.39592150566390744,26.167139481193367
7.824999999999833,0.01084051107306587,0.38000001113955406,22.858883974807792
7.829999999999833,0.008854552852757087,0.4624088918978904,18.322002883638284
7.834999999999833,0.008338026234272555,0.5402226169876555,12.803487152268435
7.839999999999833,0.00980639786461723,0.5887381132136769,10.489033474237276
7.844999999999833,0.011027073969390904,0.6053879157249754,11.371918605493754
7.849999999999833,0.011965382753783288,0.5893357802127096,12.457675835307272
7.854999999999833,0.012594320683505428,0.5415192600322299,13.212066471132555
7.8599999999998325,0.01289509739956653,0.4646074693568801,18.116172069233894
7.864999999999832,0.012857480409215825,0.36284860450022915,22.587373873427335
7.869999999999832,0.012480060731267765,0.24181824713505903,25.824769072641743
7.874999999999832,0.012312829492173077,0.23208862508810701,27.660228492828146
7.879999999999832,0.012505448175780216,0.235561493939032,28.005384707140074
7.884999999999832,0.012007342489230705,0.29061756183970044,26.84490131796016
7.889999999999832,0.010847127183352104,0.338034622267518,24.24235174959855
7.894999999999832,0.00908900082903029,0.4073484142185685,20.33616293376094
7.899999999999832,0.006829357028955828,0.49650910581123586,15.328113703306762
7.9049999999998315,0.005178877609413178,0.5585304824355195,9.480436946407192
7.909999999999831,0.0055373477250057835,0.5899899629355717,6.4586358576215375
7.914999999999831,0.005735623323222512,0.5890893368852301,6.286898082362344
7.919999999999831,0.005777889099456254,0.5557645844614348,9.866295295767884
7.924999999999831,0.007108119176806281,0.49173264305821435,15.746481265520863
7.929999999999831,0.009338522663164851,0.4004287514852331,20.775075363672467
7.934999999999831,0.011056587067270671,0.28837162597730964,24.67762116757771
7.939999999999831,0.012166081049208768,0.2339112005792755,27.24094984801235
7.944999999999831,0.012603786035352645,0.17352228045196091,28.32671846347732
7.9499999999998305,0.01253655443711069,0.13660454492565793,27.86940262899621
7.95499999999983,0.012912150732332912,0.25678611310823357,25.881486257592645
7.95999999999983,0.012948366156363808,0.3776498103895239,22.46399265492451
7.96499999999983,0.012644468899884893,0.47830388911721894,17.797638836154356
7.96999999999983,0.012008168539787723,0.5531281480943391,12.736173302412107
7.97499999999983,0.01105565654594329,0.597914334095243,11.742223977183954
7.97999999999983,0.009811730725254252,0.6101451654113755,10.40559103835854
7.98499999999983,0.008309651297835232,0.5891385219252326,10.380787631988024
7.98999999999983,0.006618529679167234,0.5360579515816707,13.719647862182535
7.99499999999983,0.009093253800005117,0.45383169675350377,19.170854069084978
7.9999999999998295,0.011095278436163283,0.4095323786776261,23.57056154840579
8.004999999999828,0.012516092209298503,0.41530191316487985,26.681760917778835
8.009999999999827,0.013278952723935134,0.4090923887318961,28.338437975815207
8.014999999999826,0.013342971432616984,0.39108286271056314,28.456052083360483
8.019999999999825,0.012705199930807806,0.3618309967001304,27.035891536032935
8.024999999999824,0.011400598478830883,0.3249213509047019,24.16495687141757
8.029999999999824,0.009499927688974156,0.43534696503800463,20.005288781904465
8.034999999999823,0.009733944624525762,0.5223115154751383,14.780531392949719
8.039999999999822,0.010664209290089,0.5811932752542166,12.979743947731105
8.04499999999982,0.011272296078667992,0.6088828970849828,13.63546643673095
8.04999999999982,0.011541882728060103,0.6039400558394493,13.909345448710217
8.054999999999819,0.011466182273169511,0.5666752726008797,13.79177935108356
8.059999999999818,0.011048220605471809,0.49914754031966446,16.385992328896645
8.064999999999817,0.010301100482446991,0.40505950840275606,21.24922043786758
8.069999999999816,0.011248460177252062,0.2895880514984847,24.93936232384197
8.074999999999815,0.012370162970667129,0.29059385804654153,27.258631928532555
8.079999999999814,0.012819657846613526,0.33223881960562485,28.096640614084624
8.084999999999813,0.012576174661699203,0.3634541303798629,27.424576581017952
8.089999999999812,0.011656172989139164,0.38339182687882334,25.2971642471987
8.09499999999981,0.010111998743125043,0.39166354814978405,21.84870667724184
8.09999999999981,0.008028640488217073,0.46557611410482613,17.274863821337362
8.104999999999809,0.005518972728864876,0.5382909896360738,11.811086391162362
8.109999999999808,0.004840880516188313,0.582162495878126,6.010364332951825
8.114999999999807,0.006498479882774507,0.5949384378051134,7.822958422995378
8.119999999999806,0.007962057137920182,0.5760162049251807,9.387256651541485
8.124999999999805,0.009192793956100464,0.5265188111935655,12.85720367553706
8.129999999999804,0.010159146117804581,0.44924369947816584,18.05284101062352
8.134999999999803,0.010837603155711204,0.3484630383984518,22.259423421262905
8.139999999999802,0.011787601845289273,0.22965346466852624,25.264406070708368
8.1449999999998,0.012609655824524384,0.1487563527340562,26.929728986493256
8.1499999999998,0.012767331011935168,0.12834680647331265,27.176742648201927
8.154999999999799,0.012254596037538734,0.16899593769736795,25.98241160626234
8.159999999999798,0.011100925923282476,0.2924721080051452,23.408056516849626
8.164999999999797,0.009369824454808235,0.3999684793845658,19.59049203491955
8.169999999999796,0.007295579145892023,0.48578506618889905,14.736142686814464
8.174999999999795,0.00633111457203385,0.5454190851842554,9.117464911328542
8.179999999999794,0.006203769226244716,0.575822152923059,8.783659276611282
8.184999999999793,0.005927991201984498,0.5755272533592102,8.747590697760064
8.189999999999792,0.005509938717115281,0.5446950040245061,9.171177724149098
8.19499999999979,0.006479058390142484,0.4850875352359973,14.671809791254923
8.19999999999979,0.008691621679075764,0.39993778033733407,19.38809216821109
8.204999999999789,0.010425906618059077,0.30730377733939906,23.07654186432125
8.209999999999788,0.01159096866522529,0.27492566103416766,25.534486793886096
8.214999999999787,0.01212620424994132,0.23528986661937545,26.626718539940352
8.219999999999786,0.01200468293776913,0.19395114256897916,26.293179628352554
8.224999999999785,0.011234629555168255,0.21756721789555405,24.55205347194897
8.229999999999784,0.009858977400325429,0.33269364404158747,21.498516986465358
8.234999999999783,0.009769185753049858,0.4296889623259836,17.299610327293948
8.239999999999782,0.009769455737741016,0.5033999623723001,12.184789691233204
8.24499999999978,0.009488783902790142,0.5499417228208792,10.93422565481224
8.24999999999978,0.008936727255458587,0.5668952273157298,10.23375171880691
8.254999999999779,0.008130670712095662,0.5534243303987958,9.23825427259486
8.259999999999778,0.007095301857300447,0.5103193312904816,11.504153566810741
8.264999999999777,0.00764099189852346,0.43995500244977676,16.64157796947187
8.269999999999776,0.009606268495041623,0.3461556361575053,20.878168547437575
8.274999999999775,0.011056615280554684,0.3129463208088681,23.990854696472958
8.279999999999774,0.011915240783667635,0.3236905705384911,25.81552724363824
8.284999999999773,0.01213713740036601,0.3251915430998712,26.254712642586934
8.289999999999772,0.011711469251278202,0.31751557699850236,25.285409996981585
8.29499999999977,0.010662119423350868,0.3009677767085137,22.963535977777976
8.29999999999977,0.009046349386256525,0.3761268667838317,19.41475151418794
8.304999999999769,0.006951684694732193,0.461739009825919,14.83010570264775
8.309999999999768,0.007276648050292279,0.5224500103812152,9.45429451947121
8.314999999999767,0.008186628445233874,0.5550139923386623,9.449581121037207
8.319999999999766,0.008862020567438574,0.5576865950607218,10.17980139938457
8.324999999999765,0.009284657263869235,0.5303415355532544,10.631684204041452
8.329999999999764,0.009443425226405478,0.47448853109000083,13.905435156998754
8.334999999999763,0.009334772610228463,0.3931880206431023,18.61476902176132
8.339999999999762,0.010095697095902023,0.29087633629399956,22.309904717880656
8.34499999999976,0.011255686506151991,0.17311942780599715,24.792858677321338
8.34999999999976,0.011804256987828,0.19301183058728383,25.93140649931411
8.354999999999759,0.01171332174042766,0.23128841279815274,25.665244976270756
8.359999999999758,0.010989414495004164,0.2627035999690425,24.013623231853856
8.364999999999757,0.0096732606062371,0.31958152116197963,21.06697149499609
8.369999999999756,0.00783753479511732,0.41470880328594795,16.983941354592037
8.374999999999755,0.0055828961218972375,0.48714666600210393,11.991203731870975
8.379999999999754,0.005231961695310486,0.5330280724285353,8.968515951718665
8.384999999999753,0.004906269687451889,0.5499291751505153,8.531405896343218
8.389999999999752,0.005239581250859992,0.536993772167165,7.253867477923756
8.39499999999975,0.005425942366707037,0.4949700171988828,11.236258543882933
8.39999999999975,0.007274981783120004,0.4261624221147055,16.28677948978857
8.404999999999749,0.009176142847239372,0.33430200353305806,20.45738794287119
8.409999999999748,0.010572754308408342,0.22434258093454226,23.526381096536074
8.414999999999747,0.01138913435659613,0.18241976654566003,25.32687594104998
8.419999999999746,0.011580889785046506,0.18158952390824257,25.759806179354037
8.424999999999745,0.011137357739025687,0.1763478334978404,24.79950761563764
8.429999999999744,0.010082255937654078,0.2701351691007481,22.49233944550093
8.434999999999743,0.008472519628246727,0.3737593546622063,18.957334779083187
8.439999999999742,0.007736096549843933,0.4571182091756214,14.386207026283564
8.444999999999741,0.006891244351699485,0.5156496220656502,9.026358129728477
8.44999999999974,0.005866856183382109,0.5461430436957436,5.967935675468182
8.454999999999739,0.005484778184835686,0.5469411626079198,5.2957462652620215
8.459999999999738,0.005750747927834524,0.5180414712223134,8.708113596804171
8.464999999999737,0.006533995878316373,0.4610598304286641,14.084542720656037
8.469999999999736,0.00863439249546335,0.379098816430145,18.699862878752345
8.474999999999735,0.010273578297176459,0.27657550425511235,22.309461991261553
8.479999999999734,0.01136251377770539,0.2633375661643176,24.721264528196503
8.484999999999733,0.011841693601078397,0.24349101769034165,25.808914097297947
8.489999999999732,0.011684327546602424,0.21706055749602943,25.508247733048638
8.494999999999731,0.010897868024297392,0.21896414573889222,23.829545289258334
8.49999999999973,0.00952370869227181,0.3306995870713522,20.86463124372661
8.504999999999729,0.0076349866150560676,0.42478924381496064,16.77123145371754
8.509999999999728,0.007405933552087429,0.4961363614812211,11.76761561278726
8.514999999999727,0.007610709842697552,0.5408730115069814,9.029335635801585
8.519999999999726,0.007591519363254275,0.5565829661644692,8.871620717753853
8.524999999999725,0.007352261780329254,0.5424194501747314,8.750823556429172
8.529999999999724,0.0069036525126235666,0.4991401794910136,11.489364412114181
8.534999999999723,0.007675421401729716,0.4290700252626497,16.538697279232
8.539999999999722,0.009588029986412715,0.33597340861056635,20.699949381602156
8.544999999999721,0.010990094267118987,0.2570383789735974,23.7484925938435
8.54999999999972,0.011806433459631217,0.2473594453380116,25.519079541761887
8.554999999999719,0.011993352245893502,0.23444494203121152,25.92061332262804
8.559999999999718,0.011540919696046288,0.23951755889175858,24.93590759050626
8.564999999999717,0.010473408939499745,0.2729471415077653,22.6200845682564
8.569999999999716,0.008847911333262086,0.3772519009873122,19.101819223563215
8.574999999999715,0.00775005941027467,0.46143072407139657,14.569710010071265
8.579999999999714,0.008188429405105476,0.521024750268203,9.267900468651838
8.584999999999713,0.008414959929098808,0.5529038949618261,8.899809221384396
8.589999999999712,0.00842031314817188,0.5554326280319782,9.065022567742755
8.594999999999711,0.008200388533105922,0.5285525800523958,9.014599105376542
8.59999999999971,0.007756512539608038,0.47376355401650583,13.635855403259946
8.604999999999709,0.008545765068717018,0.3940023969998665,18.26860740339648
8.609999999999708,0.010264501237384323,0.29349207046706977,21.935523209723087
8.614999999999707,0.011442093336704817,0.22667140546521009,24.443397272650753
8.619999999999706,0.012016703268672322,0.2553311743150593,25.654829021457502
8.624999999999705,0.011958521453412066,0.2773454910035327,25.49362424088073
8.629999999999704,0.011271551832785828,0.2920410193263084,23.96397135534233
8.634999999999703,0.009993529144651325,0.31199315663328375,21.14692384976084
8.639999999999702,0.008193928142420115,0.40784724425921504,17.19471120061246
8.644999999999701,0.0059702052172665296,0.4816419258022383,12.323161416597463
8.6499999999997,0.004619129645353755,0.5294387171965341,6.7955551411212465
8.6549999999997,0.005924317785913215,0.548698645806344,5.398422176835836
8.659999999999698,0.007095412753402233,0.5384183397410871,6.634572566024707
8.664999999999697,0.00810169021691737,0.49918442843891053,10.673025791965328
8.669999999999696,0.008916596489957242,0.4331354097990691,15.746581663971863
8.674999999999695,0.009518361261861428,0.3438559889062386,19.96518669316115
8.679999999999694,0.010288042328727062,0.2361940328189709,23.099595741746885
8.684999999999693,0.011168487145598328,0.11598389392954271,24.984459814025424
8.689999999999692,0.011432705850570999,0.10759637433115929,25.527662533981665
8.694999999999691,0.011067264881067565,0.1358799758609046,24.705763034192312
8.69999999999969,0.010092459300519227,0.25404225635843897,22.559149164822447
8.70499999999969,0.00856126127246141,0.35843695486470056,19.198730237683073
8.709999999999688,0.007124317972007451,0.4434412332620414,14.80298112125392
8.714999999999687,0.0059352931161326585,0.5044614845893942,9.605119409687704
8.719999999999686,0.004604469297914763,0.5381784118838273,8.258831656488915
8.724999999999685,0.0031670959881368223,0.5427216512310967,8.78091766392257
8.729999999999684,0.0037732796186242816,0.5177738396369618,8.411166625182036
8.734999999999683,0.006229239937187672,0.4646102877884155,13.350651870942803
8.739999999999682,0.008355853638544925,0.3860351927545039,18.07938614262253
8.744999999999681,0.010036494333585319,0.2893617232310935,21.846256854512745
8.74999999999968,0.011178311341840786,0.269170928648569,24.439890033943637
8.75499999999968,0.01171737576574019,0.24254610561913056,25.714376574574572
8.759999999999678,0.011622239387472585,0.21020337669872502,25.603485163633007
8.764999999999677,0.010895630773356396,0.20746884282020164,24.11421083393685
8.769999999999676,0.0095743119266992,0.32105869584268765,21.321730375058483
8.774999999999675,0.00895909302733652,0.41778495252048675,17.368772296061906
8.779999999999674,0.009283954222487512,0.492369080120634,12.464878743997582
8.784999999999673,0.009377783420709721,0.5407009539702189,9.337839939934971
8.789999999999672,0.00923961151918029,0.560046220857163,9.149295507538662
8.794999999999671,0.008874153262295995,0.5492137469007874,8.729385901767765
8.79999999999967,0.00829181258178537,0.5086363050691779,11.027751191152529
8.80499999999967,0.007672888509595848,0.4403189597985431,16.299186917102052
8.809999999999668,0.009643040699065089,0.3477419159891701,20.731630606647908
8.814999999999667,0.011101736913743665,0.2384001986918183,24.070507836111933
8.819999999999666,0.011966802969101895,0.26103738073665483,26.10817921238778
8.824999999999665,0.012188172771461914,0.27707487076350273,26.704534218830755
8.829999999999664,0.011751228872025107,0.28598233826397995,25.812944637447394
8.834999999999663,0.01067790124272189,0.2874250477825373,23.490973284904406
8.839999999999662,0.009025334824578934,0.3847311439936095,19.883315007105644
8.844999999999661,0.006882457836890347,0.47241965108184375,15.192087828188802
8.84999999999966,0.004364985488296073,0.5345692883558872,9.6677670814291
8.85499999999966,0.005265641785351791,0.5677313097004165,5.986182217384345
8.859999999999658,0.006287272585688123,0.5699409190805433,7.102184875157933
8.864999999999657,0.007132257894799035,0.5408502368846652,8.923075174019411
8.869999999999656,0.007776718047491994,0.4818939195983897,14.65945174049131
8.874999999999655,0.008764315404536342,0.39631829824916104,19.570796799200906
8.879999999999654,0.01047749390908293,0.2889531035694888,23.37528107266887
8.884999999999653,0.011614431266997294,0.16582183959626673,25.877224516621
8.889999999999652,0.012113274142292702,0.1411919249976729,26.96538711312632
8.894999999999651,0.011947104446695177,0.15432263461737777,26.59401260000034
8.89999999999965,0.011125086478284411,0.22862399860340055,24.78231133699595
8.90499999999965,0.00969194168606448,0.34463391828458384,21.621656535478323
8.909999999999648,0.007725654544174483,0.44188093847143217,17.277151539261787
8.914999999999647,0.00533336383012648,0.515035347147789,11.984611931281531
8.919999999999646,0.0040683213530914855,0.5600757356298043,10.126320282768045
8.924999999999645,0.003666976338481487,0.5745025089107407,9.97780028787685
8.929999999999644,0.0033799072886358254,0.5574693048371231,8.845393419721217
8.934999999999643,0.0056890431876116376,0.5098323611922162,12.502329977666205
8.939999999999642,0.00804896435736382,0.4341361067086766,17.776171815750335
8.944999999999641,0.009970620203719706,0.33452623183369373,22.06777813424367
8.94999999999964,0.011348246109809647,0.21652413060229464,25.133062358316984
8.95499999999964,0.012106217005694715,0.1609981952594079,26.810898781906555
8.959999999999638,0.012203092786434824,0.15546254111332614,27.02035850106748
8.964999999999637,0.011633703170076674,0.1798419310875708,25.75084775168448
8.969999999999636,0.01042938460694502,0.30188549416510063,23.06657747932846
8.974999999999635,0.008656391940311283,0.40731157248840955,19.103853849995993
8.979999999999634,0.007226328314215229,0.49024233244845355,14.068450134022315
8.984999999999634,0.00693327428874381,0.5460231178441631,8.24386402426191
8.989999999999633,0.006464542437746422,0.5715864392731257,6.245914495997525
8.994999999999632,0.005840431601487224,0.5656778502746427,5.2947023926404455
8.99999999999963,0.005596541377886246,0.5288426115620004,10.389195338340608
9.00499999999963,0.007031912029027207,0.46326531244234964,15.841724309520306
9.009999999999629,0.009121576763939574,0.3726005815226146,20.424168058374484
9.014999999999628,0.010707577431785957,0.26179968561595196,23.896190304291522
9.019999999999627,0.011704318251442037,0.20327741596178425,26.06502704349488
9.024999999999626,0.01205830187578096,0.199282802949296,26.81490685946817
9.029999999999625,0.011750978794436666,0.19014579476809548,26.114232146888103
9.034999999999624,0.010799600884560582,0.2529251239236373,24.00540141184623
9.039999999999623,0.009256157276733916,0.3644523192070422,20.605476701516633
9.044999999999622,0.00720448907259558,0.4562149624483098,16.09958059499114
9.04999999999962,0.004761641535530655,0.5232817289529342,10.72712600685912
9.05499999999962,0.004565642386000743,0.5620212027923355,5.623899445026687
9.059999999999619,0.004661585863931874,0.5702855934266894,8.293313917815652
9.064999999999618,0.004875519936664706,0.5475357802339461,10.112679293958024
9.069999999999617,0.006188903889515203,0.4948936115843071,13.41984945791865
9.074999999999616,0.008463940892380565,0.4151211895618575,18.489119351061934
9.079999999999615,0.010283034064773725,0.31251607939542236,22.55292471551295
9.084999999999614,0.011546038902424009,0.19268585566470212,25.379164776776232
9.089999999999613,0.012183258106050022,0.1771043377609161,26.81444717482206
9.094999999999612,0.012159264585720064,0.17733598575840848,26.785976706539792
9.09999999999961,0.011474719884370013,0.20201864662233376,25.301788375317773
9.10499999999961,0.010166216416149624,0.3213827406658326,22.443849242082784
9.109999999999609,0.00830424684040692,0.42340508963126466,18.36509034409092
9.114999999999608,0.005989437302020468,0.5025187257233359,13.280364092738234
9.119999999999607,0.005515075457138035,0.5543648466101881,10.54783524417751
9.124999999999606,0.005065012848015643,0.5760477836911486,10.131210905003245
9.129999999999605,0.005297979103270968,0.5663248553180688,8.690915539347046
9.134999999999604,0.005432143139035825,0.5256847018495082,11.15179946781122
9.139999999999603,0.007519735899734109,0.45630618004078194,16.59960925567987
9.144999999999602,0.00956526599311052,0.3619058573098003,21.16051983671363
9.1499999999996,0.011088843022532652,0.24752495445906486,24.59184130358155
9.1549999999996,0.012005857462528167,0.2079069897017905,26.70581186438599
9.159999999999599,0.012264199214342504,0.21001274222431235,27.38416507663952
9.164999999999598,0.011847198210240958,0.20709806860768956,26.58069892888073
9.169999999999597,0.010774714044688431,0.2781373853938102,24.331742897760485
9.174999999999596,0.009102225531391237,0.3908580199250819,20.756510914749132
9.179999999999595,0.006917917220258119,0.48286530452818377,16.04640292649233
9.184999999999594,0.005689233644273496,0.5491197489943661,10.455374859981154
9.189999999999593,0.0063584840620581244,0.5859564632550543,5.514689532153252
9.194999999999592,0.006890626558817432,0.5912705705455188,6.11134278821251
9.19999999999959,0.007270872489111678,0.5646490105186271,8.494956082648315
9.20499999999959,0.007487980287229121,0.5074218126582699,14.395923061495061
9.209999999999589,0.00933789158344949,0.42262300501132516,19.523599997283554
9.214999999999588,0.011181548768444077,0.314839868986525,23.589654412637454
9.219999999999587,0.01244349748381208,0.18993961716068725,26.370446317698725
9.224999999999586,0.013055127954000021,0.107777886585569,27.720372180779464
9.229999999999585,0.012983079170873964,0.1365814127934199,27.57748985098703
9.234999999999584,0.012230844786183194,0.21736166971139634,25.9543443676052
9.239999999999583,0.010838428129358927,0.33960499301832286,22.94298495516645
9.244999999999582,0.008880073529942733,0.4437368467481714,18.709756536773785
9.24999999999958,0.006460200755980299,0.5242122628368227,13.480409898687348
9.25499999999958,0.004879121361602817,0.5767557475536347,7.536983988037854
9.259999999999579,0.003969021798152566,0.5985906902171024,9.270793756489024
9.264999999999578,0.002956608970525851,0.588571316670474,10.504194742953834
9.269999999999577,0.005038043920868045,0.5472500990201905,11.32374456411284
9.274999999999576,0.007598333211783341,0.47686561734594957,16.83004810558421
9.279999999999575,0.009743573675670072,0.38123056820876106,21.423971549292016
9.284999999999574,0.01136052275802162,0.2655490647318722,24.848629841464604
9.289999999999573,0.012364750593053647,0.21007753552759287,26.914168338906503
9.294999999999572,0.012705263154920975,0.19234009119826953,27.517477187078654
9.29999999999957,0.012367055743491978,0.16980307551777768,26.64607301435277
9.30499999999957,0.01137151776837637,0.2628692700086631,24.36326697407815
9.309999999999569,0.009774940247779912,0.37576173822993386,20.79372031443109
9.314999999999568,0.007665418439445977,0.4680469851036578,16.120378435059283
9.319999999999567,0.006745294349339915,0.5348126183642177,10.601544097156754
9.324999999999566,0.006881555129642918,0.5724866060220521,9.527921177068821
9.329999999999565,0.006840208138549019,0.5790629786883947,7.495333041367207
9.334999999999564,0.006624735652988559,0.5542464563008446,8.073437827588561
9.339999999999563,0.006243370860128256,0.4994624139281668,13.84017912148295
9.344999999999562,0.008249428695194906,0.4177497221454796,18.844897591592613
9.34999999999956,0.01007777592524674,0.31358916987526886,22.81932331649266
9.35499999999956,0.011343403532621827,0.1926618730747767,25.5515954037052
9.359999999999559,0.011978874825531633,0.18435699003818334,26.902496190546042
9.364999999999558,0.011950831269837656,0.1953129584413522,26.805787991812718
9.369999999999557,0.011261639468392546,0.20293265421130782,25.269647146014496
9.374999999999556,0.009949147157864711,0.3220642699998368,22.382999169398076
9.379999999999555,0.008084561940558798,0.4237698169225438,18.299219599685536
9.384999999999554,0.00576863736544104,0.5026000131245789,13.232858881129124
9.389999999999553,0.0031263229156113423,0.5543257668073227,7.4574425919688245
9.394999999999552,0.0034124338076569776,0.5761786215636264,4.680742827289921
9.399999999999551,0.003906353004849908,0.5669951302572915,5.667220323731137
9.40499999999955,0.005293555612719127,0.5272781408831009,10.929699916589714
9.409999999999549,0.007759667226839036,0.45916650476488347,16.314954530697875
9.414999999999548,0.009823386569804459,0.3663212324213033,20.82315440673496
9.419999999999547,0.011373499952766404,0.2537241207634881,24.215690256392158
9.424999999999546,0.012326323656050549,0.12740536055017795,26.311813828933005
9.429999999999545,0.01263016673699084,0.13170990775233998,26.997581660762854
9.434999999999544,0.012268090363812541,0.15982470410607474,26.240135508520115
9.439999999999543,0.011258797825522736,0.2647545942186675,24.076733740042553
9.444999999999542,0.009655663477043887,0.37649914517288574,20.621086641645686
9.449999999999541,0.007543900655495262,0.4682059834465822,16.06164866783372
9.45499999999954,0.005035974914135187,0.5349643130974692,10.641683192521624
9.459999999999539,0.0038671449910771443,0.5731893949341782,10.42010041654082
9.464999999999538,0.003788880442012054,0.580809442463118,11.130163158106022
9.469999999999537,0.0035910817994604014,0.557373304168028,10.717553252874424
9.474999999999536,0.006118480034555081,0.5040733832480845,13.545843580527944
9.479999999999535,0.008437910138635067,0.42369865838392934,18.60404636513483
9.484999999999534,0.010298405205948852,0.32049936854160077,22.675669571797503
9.489999999999533,0.0115995718557711,0.19996729138730937,25.537161289920117
9.494999999999532,0.012270885653647378,0.16616762809733182,27.026464159721616
9.499999999999531,0.012275639702012061,0.1546863666603108,27.059470312496746
9.50499999999953,0.011613034400470512,0.19838551219929013,25.63209120028637
9.509999999999529,0.010318293511056394,0.3195108435663681,22.81804134654587
9.514999999999528,0.008460821386745854,0.42347800615786396,18.768823690053328
9.519999999999527,0.006140480295361296,0.504658430395979,13.703346005193392
9.524999999999526,0.004532083527633364,0.5586482806236444,8.931334270292965
9.529999999999525,0.004244320504824069,0.5825008906554021,6.369931598530021
9.534999999999524,0.0047878849564894875,0.5748919794234318,4.69201441961838
9.539999999999523,0.0052166228344179486,0.5361950827184142,10.786744262389073
9.544999999999522,0.00755348095820374,0.46845360418836735,16.30984714963024
9.549999999999521,0.00966278627331865,0.37526852185761533,20.96418578267144
9.55499999999952,0.011255016603949832,0.26162361039487103,24.493778802427222
9.559999999999519,0.01224314712665357,0.14881506648095505,26.704225880869096
9.564999999999518,0.012572662931075623,0.1442871921786996,27.47612436090883
9.569999999999517,0.012224528375521328,0.13743154530391244,26.767582993533722
9.574999999999516,0.011216202843723534,0.26589866741521356,24.619265850987823
9.579999999999515,0.009600643580393253,0.3803250379169121,21.151282349692504
9.584999999999514,0.0074633803005068385,0.47458027403767233,16.550812098612393
9.589999999999513,0.004917880259474518,0.5436197423752778,11.064975236430408
9.594999999999512,0.0042956999934036155,0.5837431961959739,4.984406291848319
9.599999999999511,0.004260503609548029,0.5927725087919519,7.2640746371590454
9.60499999999951,0.004112706715882164,0.5701790646677227,9.614662573727205
9.60999999999951,0.0064675167549941535,0.5171495241009907,13.547119830458472
9.614999999999508,0.00885171164399724,0.4365284315002646,18.701317209832684
9.619999999999507,0.010774678871577015,0.33265845953166245,22.846671577609143
9.624999999999506,0.012134169220453165,0.21113768001880942,25.76164022753311
9.629999999999505,0.012858259609596918,0.14952529549617583,27.294041524512455
9.634999999999504,0.012909148817279132,0.17044841111607775,27.362465757292952
9.639999999999503,0.012285102071659879,0.19147590568189443,25.970779489141034
9.644999999999502,0.0110203996284743,0.31440507159234765,23.200886875041277
9.649999999999501,0.009183351865354685,0.42041403365551455,19.202697950226387
9.6549999999995,0.0074098070086857995,0.5038936716300101,14.189157239572541
9.6599999999995,0.00714240781889898,0.560432563650809,10.888724719253439
9.664999999999498,0.006699267610325081,0.5870559168123314,11.02301860086521
9.669999999999497,0.0060898746444227525,0.5823978674862433,10.042805778530074
9.674999999999496,0.005328108628104485,0.5467801361494656,10.160931108414482
9.679999999999495,0.006975932252853645,0.4821793021702371,15.679402483277489
9.684999999999494,0.00916163599581721,0.3921021950152072,20.351440378735273
9.689999999999493,0.010845355994398306,0.2813858044172453,23.935115860450416
9.694999999999492,0.011938632876695613,0.23592379596671245,26.249226505773862
9.699999999999491,0.012384381644760736,0.23886651051217175,27.17092940515573
9.70499999999949,0.012159915330265635,0.23545133393475917,26.643327893555547
9.70999999999949,0.011278274426067832,0.24049527715671937,24.69034916016965
9.714999999999488,0.009787623603633945,0.35576505181684837,21.41756070388287
9.719999999999487,0.007768679964417973,0.4518124038695579,17.001380117201684
9.724999999999486,0.00533035900026722,0.5235159817907643,11.680051051281495
9.729999999999485,0.006046516676036806,0.5670657651899653,6.625593101846922
9.734999999999484,0.00661267271003005,0.5801526013268589,7.258562005628535
9.739999999999483,0.0069985880204942435,0.5620877091599263,7.695798651545666
9.744999999999482,0.007193421013815467,0.5138433731640383,12.576905385224219
9.749999999999481,0.008189141738309664,0.43798541595852714,17.766277496980923
9.75499999999948,0.010130457896328295,0.3385410472489418,22.011469986854046
9.75999999999948,0.011528809923786876,0.22079976373450222,25.08504341892279
9.764999999999478,0.012308366123762664,0.13134372249888607,26.82577557255138
9.769999999999477,0.012426172073139145,0.1621621660701075,27.143445531867993
9.774999999999476,0.011874433972461376,0.1882060736801542,26.014381372397274
9.779999999999475,0.010681070889653393,0.30055032935731646,23.487788864175766
9.784999999999474,0.008908452807571868,0.408496903475309,19.690840783022196
9.789999999999473,0.0066502548194421664,0.4947822917765907,14.8233145374912
9.794999999999472,0.004026521729339291,0.5547109442645817,9.148146457705648
9.799999999999471,0.0031074357884714895,0.5850190627497481,8.424158994102273
9.80499999999947,0.0027501944645921825,0.5840658142796243,10.165203776885134
9.80999999999947,0.004585481763807306,0.5519206989353859,10.896832699503845
9.814999999999468,0.007191123234488074,0.49033588933694305,15.1322780260928
9.819999999999467,0.00942356103085476,0.4026392292097505,19.946386024784957
9.824999999999466,0.011164036288067726,0.29355087367545124,23.688956188935677
9.829999999999465,0.012320200387239282,0.1689147659931809,26.16548688397353
9.834999999999464,0.012830946785534486,0.17278957153364993,27.246902183338083
9.839999999999463,0.012669583523861336,0.16624909337395588,26.87825434429138
9.844999999999462,0.01184519710711313,0.22982546870512363,25.08029394009276
9.849999999999461,0.010402116954449392,0.3474065923603836,21.95215552201227
9.85499999999946,0.008417485494392586,0.4464459916623556,17.663604198777374
9.85999999999946,0.005997097786072402,0.5217090916657386,12.441635802576432
9.864999999999458,0.00424872213219273,0.5692143176356205,10.73333647911133
9.869999999999457,0.004419676725820387,0.5864390399108806,9.238699746900885
9.874999999999456,0.0044553871700838904,0.5724506522526326,6.815966467856023
9.879999999999455,0.005267579797023345,0.5279539219743893,11.873902723270781
9.884999999999454,0.007725641539817052,0.4552707751431143,17.199356009239843
9.889999999999453,0.009759421615745724,0.3582412552283719,21.612451956657946
9.894999999999452,0.011260093214597585,0.24202738431238474,24.873096409737904
9.899999999999451,0.012147270976695818,0.20541282070646777,26.800369104450915
9.90499999999945,0.012373447235227262,0.1860289109945418,27.28640595205076
9.90999999999945,0.011926638980264125,0.16168169267218485,26.304341150585298
9.914999999999448,0.010831076027401871,0.28187509627398744,23.90566341064151
9.919999999999447,0.009145914606486028,0.3921894720923637,20.220086916709967
9.924999999999446,0.006962034898759988,0.4813624109980708,15.449088645573623
9.929999999999445,0.007123328452356812,0.5446069725309836,9.848735967591994
9.934999999999444,0.007180494839745604,0.5785297607054515,7.415007309220977
9.939999999999444,0.0070535534860739725,0.5813176266286846,7.244373027324376
9.944999999999443,0.006746753690131132,0.5528334672114114,8.788430834007407
9.949999999999442,0.00676437359233631,0.49462533128750347,14.494823535556353
9.95499999999944,0.009025536077690724,0.4098396628542817,19.419443837733116
9.95999999999944,0.010807728370126722,0.30303725412013244,23.30151965592746
9.964999999999439,0.012015203443200232,0.1883939031418898,25.932271948413703
9.969999999999438,0.012583071586284068,0.20416282985993545,27.171045245597636
9.974999999999437,0.012480764460558022,0.21433449500784962,26.953680569976594
9.979999999999436,0.011713636101288886,0.21873401129298453,25.292990981347927
9.984999999999435,0.01032264619482781,0.3376619512914581,22.27818501804249
9.989999999999434,0.008382161869414984,0.438531778873689,18.069746014850697
9.994999999999433,0.0059959898355466945,0.5159370346736468,12.892356305133069
9.999999999999432,0.0032918128393480918,0.5657337638058173,9.41345332920973
10.00499999999943,0.004104191397828908,0.5852691845444893,10.837464065910336
10.00999999999943,0.004830199545164825,0.5735160662800378,11.175042532272386
10.014999999999429,0.005420064954259283,0.5311283628439365,11.466001120926736
10.019999999999428,0.007723107279550991,0.4604070564169824,16.8225214498555
10.024999999999427,0.009787037807399682,0.365165154722512,21.274239227933517
10.029999999999426,0.011326234005233674,0.2505133244110976,24.586492896633256
10.034999999999425,0.012258981661758716,0.172137458855904,26.584541588236
10.039999999999424,0.01253599190458723,0.15909356180703282,27.162410118343853
10.044999999999423,0.012142984427231582,0.14542134987474237,26.293473404546454
10.049999999999422,0.01110137164538292,0.27122376286473204,24.027491791450466
10.05499999999942,0.009467038086259143,0.38250966078479237,20.486867376574594
10.05999999999942,0.007327304323619342,0.4733838442711462,15.862806017967701
10.064999999999419,0.004796256800277729,0.5390351650655208,10.397722299782657
10.069999999999418,0.0036316281999447006,0.5759727338748563,8.069573076433207
10.074999999999417,0.0031990204814636575,0.5822161527410957,5.321433217242529
10.079999999999416,0.0037357978680591145,0.5574089290373855,8.042951804028272
10.084999999999415,0.00638642600806478,0.5028423269649032,13.783689024965108
10.089999999999414,0.00869703630057586,0.4214017900395479,18.792525745177688
10.094999999999413,0.010544111301973698,0.3174282105196037,22.796906062800932
10.099999999999412,0.011828892807797732,0.1964843918100209,25.58062142103322
10.10499999999941,0.012482721743636465,0.15491503757442138,26.994262292785066
10.10999999999941,0.012470718372227147,0.1511402955049042,26.96402315308957
10.114999999999409,0.011793644088412426,0.2009811824366882,25.489037385904524
10.119999999999408,0.010487900271492531,0.3213163443312809,22.645027371933576
10.124999999999407,0.008623625208919149,0.42439368069808797,18.58590717479013
10.129999999999406,0.006300933691545042,0.5046829262515747,13.529791046605231
10.134999999999405,0.005580868389628131,0.5578818913051456,7.7497949748235735
10.139999999999404,0.005387462499434685,0.5811464877419553,5.124324117710518
10.144999999999403,0.00514331315989581,0.5732386363512892,7.890095392933227
10.149999999999402,0.005200469979708362,0.5345915999288428,10.739630412811946
10.1549999999994,0.007363255589994004,0.4672755557096942,16.18678727484807
10.1599999999994,0.009468651047241337,0.3748826271892565,20.77038413332782
10.164999999999399,0.011061736295304643,0.2623514720360792,24.24207792794406
10.169999999999398,0.01205690170158278,0.1546829346645155,26.412634696415086
10.174999999999397,0.012400595626341963,0.15911613009655404,27.168089722262753
10.179999999999396,0.012074170480285001,0.16996787091680293,26.470237189647136
10.184999999999395,0.01109485580450447,0.25939293246094114,24.353760654218593
10.189999999999394,0.009514867278464845,0.37260247795492313,20.930057543375128
10.194999999999393,0.007418671828294312,0.4658757021133077,16.379232119979473
10.199999999999392,0.004918535121291778,0.5341789806877273,10.942079309788928
10.20499999999939,0.003057903878992673,0.5738071563940021,10.932380018884936
10.20999999999939,0.003539318835012827,0.5825887709417299,10.685912108567164
10.214999999999389,0.003920296703386711,0.560003176005003,9.361656227537702
10.219999999999388,0.006266923892401484,0.5072064181082027,13.481010337659779
10.224999999999387,0.008602390211362065,0.4269801094760492,18.60951311520231
10.229999999999386,0.010478851342809523,0.3236043431029501,22.740793434038224
10.234999999999385,0.011794437841429037,0.2026302563448674,25.648841269195934
10.239999999999384,0.012477453886450069,0.1429206649778883,27.172796603331754
10.244999999999383,0.012490318426516506,0.10663491657884508,27.22980631688008
10.249999999999382,0.011831605767684526,0.19805471789582216,25.819942586659643
10.25499999999938,0.010536090795699778,0.32015127089808726,23.018678614247456
10.25999999999938,0.00867286967888538,0.4251371758276882,18.975683357593823
10.264999999999379,0.006341647839492976,0.5073515599292931,13.91007028304887
10.269999999999378,0.003667349572040681,0.5623677470516476,8.096404565893364
10.274999999999377,0.002844394921489501,0.5872320693933749,3.7005221880894283
10.279999999999376,0.002604253152616263,0.5806223296952729,4.493220250038627
10.284999999999375,0.004935118188519834,0.5429105589953356,10.591488029936592
10.289999999999374,0.007482716609329028,0.4761288093283637,16.12121183685266
10.294999999999373,0.009632675282401857,0.3838546599007861,20.788447934179217
10.299999999999372,0.011269881452015502,0.2710278079446864,24.342292848261675
10.30499999999937,0.012306712180523108,0.1437044834583648,26.58703694626808
10.30999999999937,0.012687812399556927,0.12535240903534037,27.4005147750125
10.314999999999369,0.012393115376240878,0.12661441348158867,26.73949227969062
10.319999999999368,0.011438916587557107,0.25506510199192717,24.640783124445893
10.324999999999367,0.009876931673371838,0.3697288636821942,21.22472155166185
10.329999999999366,0.007791381231664314,0.46449131300083346,16.680258175794627
10.334999999999365,0.005294351453191072,0.5343205983884848,11.25145597926645
10.339999999999364,0.004288128992771153,0.5755248705468778,6.473934717257005
10.344999999999363,0.004191061946322816,0.5859436765837437,8.865647761196882
10.349999999999362,0.003975159904709424,0.5650441023269668,10.370871885259305
10.354999999999361,0.005958871443139144,0.5139432612285206,13.143237206012575
10.35999999999936,0.008332127232491453,0.43535905451242385,18.29044548042681
10.364999999999359,0.010254207545219546,0.33347307057882974,22.463948093011787
10.369999999999358,0.011622195391648374,0.2137220679927128,25.436452941436002
10.374999999999357,0.012362781534791135,0.16168406933629892,27.047418549891155
10.379999999999356,0.012436223762028924,0.1686552267488196,27.211736503581502
10.384999999999355,0.01183845812240853,0.18597075747888087,25.92236714025957
10.389999999999354,0.010601281765367631,0.3088997853374894,23.24924400318486
10.394999999999353,0.008790622611769845,0.41536387610164105,19.336392302476714
10.399999999999352,0.006502993362817544,0.4996878234792987,14.393186648586983
10.404999999999351,0.003860353395915433,0.557368163281568,10.66005053221901
10.40999999999935,0.0029458859895070745,0.5853058783411496,9.964428486277466
10.414999999999349,0.003381300543886421,0.5819783834388281,8.279787915338764
10.419999999999348,0.004738310008825789,0.5475286750550391,9.95274864107566
10.424999999999347,0.007316555377488939,0.4837694724102431,15.550932416843326
10.429999999999346,0.009511202876697671,0.39408952727326846,20.321045637947314
10.434999999999345,0.011204612636646393,0.2832743767062348,24.00501458886717
10.439999999999344,0.012305938071892016,0.15725579739202436,26.40241713681809
10.444999999999343,0.01275606854177192,0.10418618415401142,27.38134559601626
10.449999999999342,0.012530853672797902,0.11288233814955027,26.89014588778156
10.454999999999341,0.011642381435699484,0.24250655668982452,24.959541528329247
10.45999999999934,0.010138279433082598,0.35913424435694313,21.6915335385192
10.464999999999339,0.008099176845598546,0.4565067906366947,17.257484973382233
10.469999999999338,0.00563444311131297,0.5293867030775568,11.894480002963084
10.474999999999337,0.0030730041760635546,0.5738440872629732,5.888473671203933
10.479999999999336,0.0030130992162212176,0.5874729517699736,3.2872685224434415
10.484999999999335,0.0031022773288878103,0.5695368044895607,6.737531043761561
10.489999999999334,0.005645841478494841,0.521019445800649,12.669412431803547
10.494999999999333,0.008059812106274471,0.4445688053112242,17.91084376396702
10.499999999999332,0.01003207556924472,0.3443365798768922,22.182046409766635
10.504999999999331,0.01145728142143006,0.22574576099725607,25.25428114208888
10.50999999999933,0.012259638502781387,0.11767833403262593,26.96519463950215
10.514999999999329,0.012396920425033342,0.11365759486480705,27.227355034810795
10.519999999999328,0.011862652047866025,0.1734230482244336,26.028143197964514
10.524999999999327,0.010686403901253532,0.2970762104205728,23.433121680492228
10.529999999999326,0.008932173944446908,0.4046157723020924,19.582703072116487
10.534999999999325,0.006694939798559386,0.4902778860529354,14.682142428221429
10.539999999999324,0.004095576682583089,0.5494673603376053,8.99364728564698
10.544999999999323,0.003502798192302052,0.5790133527811464,9.369358128489615
10.549999999999322,0.0035824345680252707,0.577346489006355,10.49324243517694
10.554999999999321,0.004421339981699174,0.54457962180037,10.574336230893692
10.55999999999932,0.006989036299730946,0.4824989054123607,15.217034874496088
10.56499999999932,0.0091814747864563,0.39447648927779905,19.991931579329297
10.569999999999318,0.010880908402089079,0.285296956975327,23.67988134166052
10.574999999999317,0.011996372018098675,0.1644760430016176,26.08350567706298
10.579999999999316,0.012468583795220858,0.16536625521818293,27.07340152620399
10.584999999999315,0.012273118548361276,0.1499701998656232,26.5980151076162
10.589999999999314,0.011421676407689279,0.2343945361046145,24.68687126855413
10.594999999999313,0.009961361134907504,0.34973157300810753,21.447943492844033
10.599999999999312,0.007972004892617757,0.44601092390780855,17.06379686703717
10.604999999999311,0.005561693331251663,0.5181137006386494,11.777313825299737
10.60999999999931,0.0038989020645271047,0.5622529744769083,9.408490554719865
10.61499999999931,0.0033637983198904335,0.5761518288269138,7.488482042891
10.619999999999308,0.002823431531747832,0.559126637953576,6.491222379333597
10.624999999999307,0.005501556413003811,0.5121233145488385,12.310106982561841
10.629999999999306,0.007876085069675897,0.4376881481200157,17.463959588967946
10.634999999999305,0.009819891522385873,0.3398344329639914,21.67752647344262
10.639999999999304,0.011229039108205687,0.22382460136394625,24.726406166576435
10.644999999999303,0.012028319231495447,0.17700818071559854,26.44845519821759
10.649999999999302,0.012175261800054063,0.16593994785661775,26.750692193975915
10.654999999999301,0.01166241664198649,0.168027642698517,25.616196674025236
10.6599999999993,0.010517772043187044,0.28983019682127126,23.104824975077474
10.6649999999993,0.008803275869999653,0.3959682724536998,19.350405277894865
10.669999999999298,0.006611545638137271,0.4807238202912718,14.551813857134626
10.674999999999297,0.00520536304462525,0.5395178717648942,8.965806732314789
10.679999999999296,0.005317670825092767,0.5691646280688624,6.853804285801041
10.684999999999295,0.005260030068790935,0.5680432631602447,6.82548838372823
10.689999999999294,0.005033142307924813,0.5361839079670749,9.402300324548289
10.694999999999293,0.00684299207423879,0.475271922737115,14.962493767436301
10.699999999999292,0.009002596423742843,0.38856981706452426,19.71834850160077
10.704999999999291,0.010675889885792636,0.28074756775540727,23.41055122204698
10.70999999999929,0.011771830180207417,0.168149735270291,25.837055875911336
10.71499999999929,0.0122305826486891,0.1831562259786075,26.86538917543041
10.719999999999288,0.012026783213572314,0.1922503803938119,26.440470348987184
10.724999999999287,0.011170923987092761,0.23495147916294937,24.583236744642193
10.729999999999286,0.00970881286859547,0.3498929682359797,21.393358884570894
10.734999999999285,0.007719133802550229,0.4459786581821337,17.040917093891533
10.739999999999284,0.0053092251541538215,0.5179848011764497,11.761540103835458
10.744999999999283,0.0039879172265755965,0.5620009567628154,9.905155832140045
10.749999999999282,0.004353730823029466,0.5756469478933743,10.702844239985216
10.754999999999281,0.004872457758186134,0.5581937937879455,10.42969441975151
10.75999999999928,0.00574143689769356,0.5105966226743263,12.444132481763903
10.76499999999928,0.008106538817115623,0.43544414509451934,17.61685855015954
10.769999999999278,0.010037194860114803,0.336818272105169,21.833490645581463
10.774999999999277,0.011429394337276853,0.220061518759663,24.86921069262193
10.779999999999276,0.012208241418628458,0.16305224215083158,26.564471298850115
10.784999999999275,0.012331900167873824,0.14135331459033662,26.831979846680657
10.789999999999274,0.011793762200114171,0.17324137302102727,25.659043728595986
10.794999999999273,0.010622739263830474,0.2951678014924614,23.111527659978712
10.799999999999272,0.008881658029704885,0.40126469215778926,19.327228606153284
10.804999999999271,0.006663863330831725,0.48585318739149386,14.508169487329287
10.80999999999927,0.004088213391415523,0.544406788375009,8.91327090607723
10.81499999999927,0.0022724419199127393,0.5737973883132834,6.552727713160157
10.819999999999268,0.002704781484622925,0.5724561017472457,3.552447717640255
10.824999999999267,0.004355184980561629,0.5404455802948657,9.424724885304412
10.829999999999266,0.006904942633245137,0.4794574807785593,14.970514921218733
10.834999999999265,0.009085411789665923,0.3927301817897738,19.72040467429623
10.839999999999264,0.010779433470502591,0.2848784905449078,23.420271823651127
10.844999999999263,0.01189576373172759,0.161653613945101,25.869678816272653
10.849999999999262,0.012373998081301938,0.08954153499132766,26.935716407912036
10.854999999999261,0.01218786449006695,0.10409356237863848,26.557758897401335
10.85999999999926,0.011346702022277904,0.23237142473698733,24.753386045939276
10.86499999999926,0.009895012956461209,0.34830420158970293,21.619724695147955
10.869999999999258,0.007910085365823024,0.44566683466558754,17.3253285352067
10.874999999999257,0.0054978235905262084,0.519237875453159,12.10308777982245
10.879999999999256,0.0037432100460481955,0.5650815632000294,6.234387318926069
10.884999999999255,0.003566772607745168,0.5807542904575158,6.5517296902641275
10.889999999999254,0.0032815270783284494,0.5654322445803939,8.873517515416038
10.894999999999254,0.005656498806373056,0.5199548868307639,12.027421164934923
10.899999999999253,0.008073354102521857,0.44678723162877715,17.239640915860473
10.904999999999252,0.010065031724461205,0.3498838171469784,21.521724876859878
10.90999999999925,0.011525883179007056,0.23445676467137508,24.649096113382473
10.91499999999925,0.01237874682764835,0.14670911592439229,26.45813184110862
10.919999999999249,0.012578990945568561,0.16470337434221136,26.853765119778128
10.924999999999248,0.012116871492009684,0.17015921875273426,25.81250935599358
10.929999999999247,0.011018080818391833,0.2812595356406591,23.388611377674906
10.934999999999246,0.009342388953605379,0.3890172102739368,19.714458475637077
10.939999999999245,0.0071804014126206454,0.47577780611997506,14.989779862778954
10.944999999999244,0.004774054719025706,0.5369320404578265,10.543115320135666
10.949999999999243,0.00479904026331228,0.5692589415633806,10.875316574172441
10.954999999999242,0.004699917201900269,0.5710934166103744,10.136742859598467
10.95999999999924,0.004897047840276823,0.5424063513803924,8.749769540930723
10.96499999999924,0.006319483123084822,0.4847945081383788,14.294967755875206
10.969999999999239,0.008534959475927617,0.40139603299875776,19.064422299973913
10.974999999999238,0.010280249875221501,0.29672012671881065,22.805940212005908
10.979999999999237,0.011463077399203376,0.1764108828739491,25.31775732593976
10.984999999999236,0.012021501059663164,0.13252065652066752,26.46316329965273
10.989999999999235,0.011927267835911092,0.13598916147486537,26.181017548656552
10.994999999999234,0.011187346046730405,0.21131684486148122,24.484972071617058
10.999999999999233,0.009843574425260007,0.3261918037266892,21.465011474467083
11.004999999999232,0.007970422479302876,0.4230689746561787,17.28585689732952
11.00999999999923,0.0056709378468669126,0.4967248783182265,12.176504567490207
11.01499999999923,0.003555989463852016,0.5432096013428231,6.417384642348816
11.019999999999229,0.003017586152087267,0.5600674458575486,4.056128146817376
11.024999999999228,0.002901067724961892,0.5464686555721284,5.765269277709725
11.029999999999227,0.005077709056646377,0.5032424775421807,11.525201934269859
11.034999999999226,0.007417859600751038,0.4328177400997035,16.6446930427216
11.039999999999225,0.009347605264587574,0.3390805254349276,20.850192823189605
11.044999999999224,0.010763218736305648,0.22716486325231397,23.916072049856822
11.049999999999223,0.011589069424603698,0.18080048396599066,25.67970842430467
11.054999999999222,0.011781640281861948,0.17588981314388788,26.04928406790628
11.05999999999922,0.011331791963740331,0.1659407260479769,25.008791500665442
11.06499999999922,0.010265129744128052,0.27287262975988236,22.623357169273167
11.069999999999219,0.008640430800315195,0.3770069477652746,19.03037003288458
11.074999999999218,0.00654629915052571,0.4606457121505371,14.425135721221055
11.079999999999217,0.006116344153598669,0.5193493111121811,9.056303863437007
11.084999999999216,0.006442383614021827,0.5500195812523766,7.3768772240107054
11.089999999999215,0.006611739269552009,0.5510542380174872,9.269561411933386
11.094999999999214,0.00661607303804875,0.5224299923897563,10.231040630688966
11.099999999999213,0.006483848424823629,0.4657070724457072,14.03741121312472
11.104999999999212,0.008607968527233386,0.38394096851821397,18.669030357873332
11.10999999999921,0.010271621217353833,0.28152010752997936,22.299314037421382
11.11499999999921,0.011385281958597693,0.16394418896757423,24.73105338754168
11.119999999999209,0.011888982240488209,0.17082639807447056,25.832252684034657
11.124999999999208,0.01175557553733653,0.1930795533030963,25.541558851144433
11.129999999999207,0.010992239051353738,0.21443598934381472,23.87339486665896
11.134999999999206,0.009640088373905282,0.3264242816355794,20.921922050047833
11.139999999999205,0.007771907445044208,0.42084808990886596,16.847601259267627
11.144999999999204,0.005488181496420986,0.4926422895404423,11.870078593363479
11.149999999999203,0.004085023093395406,0.5379673563872881,10.116310762140099
11.154999999999202,0.004195801498959742,0.5544182492784996,8.925428635493057
11.1599999999992,0.004332574061543445,0.541147303536191,6.836002296126983
11.1649999999992,0.0052456960104515764,0.49890988177053874,11.266181398228149
11.169999999999199,0.007480683248034998,0.43001802629702734,16.29056079117705
11.174999999999198,0.009401220500247007,0.3381968745877926,20.43789989251773
11.179999999999197,0.010817653061015394,0.22837614971957396,23.4903900547707
11.184999999999196,0.011654663312804256,0.10642795099597749,25.288889434668945
11.189999999999195,0.011867870136591503,0.11072261981735095,25.74037955615382
11.194999999999194,0.01144613895001449,0.1475472531497318,24.8204331113093
11.199999999999193,0.010412171055452366,0.2660399046751261,22.5766274988494
11.204999999999192,0.008821313569254507,0.37030308980403126,19.128646552713537
11.20999999999919,0.006758627039662892,0.4547715220326325,14.658726338727647
11.21499999999919,0.005147539499468793,0.5149208872905351,9.401019764433897
11.219999999999189,0.004177864062574088,0.5475110109479304,4.802329150702388
11.224999999999188,0.003089046422955161,0.5507785291949913,3.684967404030483
11.229999999999187,0.003755714637546055,0.5245442939841221,8.165671684647874
11.234999999999186,0.006242637799178972,0.4702249706690659,13.562057641375093
11.239999999999185,0.008395083064009191,0.3907531352630399,18.226676521035987
11.244999999999184,0.010097978408758276,0.29040500263660807,21.91257652953763
11.249999999999183,0.01126039438854671,0.23893243271456086,24.424868813596508
11.254999999999182,0.011820365952250672,0.22117458625672926,25.628792416789008
11.25999999999918,0.011748191402205475,0.19740020929662433,25.460924552695044
11.26499999999918,0.011048008342244134,0.2017761677636494,23.930720064408433
11.269999999999179,0.009757559952932095,0.3144031879611773,21.120088014603667
11.274999999999178,0.007946144796176845,0.41016287474093827,17.18378669730153
11.279999999999177,0.007914833130963306,0.4839588383699997,12.334598754323633
11.284999999999176,0.008092579414585712,0.5318740427144717,8.538431332478778
11.289999999999175,0.008058366927741143,0.5513727254413895,10.014975687704686
11.294999999999174,0.0078116300104210485,0.5414259511982253,10.491946574902261
11.299999999999173,0.007357399114826714,0.5025585618851068,10.60025592068029
11.304999999999172,0.007227282286680623,0.43682771918379215,15.692081159846143
11.309999999999171,0.009188653310941614,0.34772069052062154,19.950730305422866
11.31499999999917,0.010657880692275084,0.23997026201277863,23.149441097715254
11.319999999999169,0.011556063731453852,0.23644225003960365,25.11748224390277
11.324999999999168,0.011834674828882771,0.25369010216471083,25.747105094459307
11.329999999999167,0.011478200915733441,0.26398114431708264,25.001909259702828
11.334999999999166,0.010505035737549026,0.26699137118387417,22.919678791752546
11.339999999999165,0.008966552551219614,0.36085825383057296,19.609614459995576
11.344999999999164,0.006944395736116662,0.448004472210625,15.24887289202602
11.349999999999163,0.004546125550667243,0.5113036019691628,10.070779011389586
11.354999999999162,0.00500136547836699,0.547354218333556,8.280818107445791
11.359999999999161,0.005961657242148962,0.554201375375352,6.662332359924752
11.36499999999916,0.006756580450056172,0.5314485360071577,7.5269999117585344
11.369999999999159,0.00736467437995615,0.4802746512026196,12.979022892187368
11.374999999999158,0.008306940837794896,0.40336539157843193,17.78468095748837
11.379999999999157,0.010077316812448295,0.30478499828294264,21.647476360708183
11.384999999999156,0.011313703348676004,0.18976961620815203,24.35867646920906
11.389999999999155,0.011949246183532405,0.08802201500892086,25.77016292028732
11.394999999999154,0.011949159325899673,0.11054333944539974,25.801748488481945
11.399999999999153,0.01131266461148664,0.19011562497771226,24.451597187601376
11.404999999999152,0.010073059948725925,0.30572624012658417,21.792648871948373
11.409999999999151,0.00829594171887425,0.4051210518141011,17.96527580305924
11.41499999999915,0.006075729310908686,0.482963911372143,13.171868020158117
11.419999999999149,0.00353065073251288,0.5350675199862012,7.669575425465575
11.424999999999148,0.0027726605961592783,0.5586274788647265,4.30926910774797
11.429999999999147,0.002520458693761648,0.552371187981869,7.214398683928588
11.434999999999146,0.0046535659586408665,0.5166218227821762,10.042821600789585
11.439999999999145,0.0070783357710487455,0.45328610218099624,15.291466639682975
11.444999999999144,0.009125951589509726,0.3657602252034133,19.71888415135095
11.449999999999143,0.010687207239922314,0.25874203496163484,23.088391945361376
11.454999999999142,0.011679001703536286,0.16896952598651388,25.218121845708605
11.459999999999141,0.01204881332928519,0.14645017661011828,25.99261842163671
11.46499999999914,0.011777546152746333,0.16524858008119137,25.36924967706393
11.469999999999139,0.010880589357776402,0.24032694755683298,23.379221173211526
11.474999999999138,0.009407021069871858,0.34910036760499696,20.130146846054963
11.479999999999137,0.00759546027458511,0.43891630604333526,15.796228529281123
11.484999999999136,0.0073602566491988725,0.5049377951191306,10.612367101037592
11.489999999999135,0.006923125035287513,0.5436264292646609,10.731932882686749
11.494999999999134,0.0062954557048097775,0.5529352219543775,10.801027329368585
11.499999999999133,0.005493771105780786,0.532408152177707,9.781440753970266
11.504999999999132,0.005537847418907304,0.4831992187883731,12.61231492635376
11.509999999999131,0.007765867319911222,0.4080087416132129,17.463875943710963
11.51499999999913,0.009563235599281548,0.3109385701349326,21.364192647602007
11.51999999999913,0.010833749104314307,0.2544625680873419,24.10450265509935
11.524999999999128,0.011509797435841676,0.25772543716803453,25.54122980306567
11.529999999999127,0.01155590296759237,0.25409964619011055,25.603885703041488
11.534999999999126,0.010970501303426194,0.24373287772876584,24.29215013755501
11.539999999999125,0.00978594654705959,0.2943715249126693,21.67630877392088
11.544999999999124,0.008066747888311233,0.3933079385866888,17.898256695687706
11.549999999999123,0.005980953259198397,0.47096323108402754,13.163860303248429
11.554999999999122,0.006782007966630679,0.5231952741662264,7.72895692963143
11.559999999999121,0.007412566324671583,0.54722135697087,7.47853590857254
11.56499999999912,0.0078573640521792,0.5417470529870021,7.89802031972148
11.56999999999912,0.008105940325912523,0.5070388161695252,9.812096941217545
11.574999999999118,0.008152725354431511,0.44492167453690945,15.0347597118293
11.579999999999117,0.008988683900293544,0.35868996502624584,19.457924092436887
11.584999999999116,0.01051776658932378,0.2529431105858622,22.84081768371753
11.589999999999115,0.011483450629515878,0.13333050549098527,25.00422435423427
11.594999999999114,0.011832379107752757,0.1605541437789165,25.831623520653036
11.599999999999113,0.011544170465335077,0.19014380905988063,25.274467909193753
11.604999999999112,0.010632598335401986,0.24310450920239973,23.357598663429332
11.609999999999111,0.009144994987076384,0.35193683012785326,20.17532970675301
11.61499999999911,0.007159875628909244,0.44211091313901996,15.894303497714395
11.61999999999911,0.00478282096485091,0.5087109524843338,10.74571224041165
11.624999999999108,0.0036127910196661933,0.548095865071027,5.713927536417456
11.629999999999107,0.0027161847410302163,0.5580959454260472,8.284353899625659
11.634999999999106,0.0033652286254073566,0.5381252626248939,10.017946295217234
11.639999999999105,0.005933561077002835,0.48920771801331936,12.586965376426493
11.644999999999104,0.00819138897134077,0.41392343972187406,17.526745940152203
11.649999999999103,0.010016883160218325,0.3162742358291635,21.532935616932882
11.654999999999102,0.01131122614354971,0.2145512381042735,24.391575713372852
11.659999999999101,0.012003917523214306,0.2026205793340342,25.94816954301155
11.6649999999991,0.012056581875807609,0.1851616880751103,26.1164095320156
11.6699999999991,0.011465089872509597,0.18204894799408833,24.884028335572065
11.674999999999098,0.010259870046876165,0.30003898225929493,22.311985370511575
11.679999999999097,0.008504383847249164,0.40215549759152075,18.534620762379618
11.684999999999096,0.00752160902149784,0.4828701649254538,13.751246171194229
11.689999999999095,0.0075192865566360905,0.5377909015717949,10.780572119978121
11.694999999999094,0.007584338160911675,0.5639149939957101,10.25661660068718
11.699999999999093,0.007456112114013807,0.5598061054427728,8.703929115493438
11.704999999999092,0.007135124697592565,0.5256716948392928,9.777620337993632
11.709999999999091,0.007009632331851293,0.4633432524987456,15.15375659822576
11.71499999999909,0.009108419953411696,0.37617179612543344,19.714825951099872
11.71999999999909,0.010720962574637446,0.2688452523648802,23.21579155312237
11.724999999999088,0.011760900429718937,0.2462057935268156,25.47035352574085
11.729999999999087,0.012172617788714521,0.23956531468694003,26.358780769145216
11.734999999999086,0.011934203426630294,0.2465802399247346,25.83316030874298
11.739999999999085,0.01105861631080131,0.25563473165632,23.922539212534453
11.744999999999084,0.009592965919210815,0.34894810906881457,20.731885388033863
11.749999999999083,0.007615954602572356,0.4418564175865857,16.43143801907537
11.754999999999082,0.006396212095400016,0.511056181439441,11.248467522067287
11.759999999999081,0.006951639435883725,0.552820794780322,6.9681249054241645
11.76499999999908,0.007334013342353912,0.5648803857035768,7.25225812784268
11.76999999999908,0.007536254644210732,0.546552139852359,7.348575577030611
11.774999999999078,0.00755595109482577,0.4987833546910932,12.409757169002727
11.779999999999077,0.007919411901669438,0.42410447117668026,17.46179623676309
11.784999999999076,0.009795925141473334,0.3265008247448935,21.579662335952477
11.789999999999075,0.011140195471077296,0.21120730709670288,24.537744723324785
11.794999999999074,0.011879284922923212,0.14245889106563936,26.173788658689404
11.799999999999073,0.011972855355201416,0.16609022466122036,26.39772109013496
11.804999999999072,0.011415401086975653,0.1851675280477219,25.19472124167979
11.809999999999071,0.010236604458429345,0.29553724485861116,22.627614077796856
11.81499999999907,0.008499784620336955,0.3991906903783595,18.83376413010337
11.81999999999907,0.006298512351927777,0.48131821698533045,14.01724651268568
11.824999999999068,0.004586206657375324,0.5374543319679707,8.437199480370879
11.829999999999067,0.0034526168586654013,0.5645323071064662,9.462153381505473
11.834999999999066,0.0035079706744618223,0.5610592471369641,10.7909157106292
11.839999999999065,0.0045380264518033045,0.5272055320843925,11.04367498358597
11.844999999999064,0.007018019583188985,0.46479172046990114,15.207253187596523
11.849999999999064,0.00912296483091824,0.3771863786218184,19.83488355163735
11.854999999999063,0.010738739300025564,0.2691234090211251,23.390304288640934
11.859999999999062,0.01177766959174159,0.23407901489610902,25.679576253692357
11.86499999999906,0.012183290228569791,0.20908516143508485,26.580087986031213
11.86999999999906,0.011933378644291533,0.17870083751781157,26.045403151282905
11.874999999999059,0.011041117305044059,0.24114035492170285,24.10506650648169
11.879999999999058,0.009554350555819149,0.35356634476827403,20.86532943214771
11.884999999999057,0.008371975628992119,0.4469879962782124,16.50333117182841
11.889999999999056,0.008578294520407483,0.5163840437384726,11.25508781227626
11.894999999999055,0.008565798695518077,0.5580394250657196,10.120878385716592
11.899999999999054,0.008334674017864556,0.5697580014185367,8.554743203005952
11.904999999999053,0.00789118345537278,0.550971922855304,8.062328664667326
11.909999999999052,0.007247541619548572,0.5027511935985158,12.493494454918347
11.91499999999905,0.008123399182427687,0.4277483846210891,17.50762913605302
11.91999999999905,0.01001790907416503,0.3300555720738635,21.569495882838044
11.924999999999049,0.01138047665506069,0.23522156811848183,24.464148832943582
11.929999999999048,0.012139677574906756,0.2522000069385031,26.04087221921388
11.934999999999047,0.012256564976614624,0.2622721779906915,26.22426963074479
11.939999999999046,0.011726571776424846,0.2652483959854189,25.01148482292402
11.944999999999045,0.010579573470466163,0.28875598927844115,22.473577646436574
11.949999999999044,0.008878147040073413,0.39181458287867305,18.749859793657002
11.954999999999043,0.006714164701172857,0.47377835268156765,14.03564812750154
11.959999999999042,0.004411973662809863,0.5303121588786289,8.57787435132347
11.96499999999904,0.005387160880194794,0.5584236935891761,6.2384048976976265
11.96999999999904,0.006207423120324491,0.5566409855384766,7.067239231188533
11.974999999999039,0.006852218548920014,0.5251019414190318,9.23579489460287
11.979999999999038,0.007305820299374476,0.46554683267764346,14.586248601952992
11.984999999999037,0.008603467019438147,0.3812231113570502,19.14323992628507
11.989999999999036,0.010248302958492866,0.2767112642648512,22.661498910595462
11.994999999999035,0.011334278860684551,0.1576790966118319,24.951368150613277
11.999999999999034,0.011804898978123972,0.1383953851933976,25.892690348544328
12.004999999999033,0.011636904097017137,0.16940382656319392,25.441650919703577
12.009999999999032,0.010841376028264018,0.22044432469457825,23.6293178354582
12.01499999999903,0.009462980310392851,0.33091396245390015,20.558537268271454
12.01999999999903,0.007577440330431602,0.423302029530616,16.39668956241567
12.024999999999029,0.005287398361248239,0.49271475814274857,11.368401882437952
12.029999999999028,0.005059880504738543,0.5354964979480111,10.787024798363047
12.034999999999027,0.004920358628662843,0.549418205396325,11.706221368610885
12.039999999999026,0.004642692182418644,0.5337877003877868,11.466377557622154
12.044999999999025,0.00526161345805828,0.48948516211570325,11.64442436575992
12.049999999999024,0.007532619192129812,0.418917131512929,16.582787875350398
12.054999999999023,0.00939464109809294,0.3258916308723387,20.627412380886536
12.059999999999022,0.01074792917600973,0.21542360029438834,23.559799850294514
12.06499999999902,0.011520145144546036,0.17925535406989115,25.224525419405463
12.06999999999902,0.011670203759190778,0.17905562552541673,25.53632593354898
12.074999999999019,0.011190403869105043,0.1829703403274981,24.480183470377487
12.079999999999018,0.010106802420011461,0.2749599648653861,22.11155656695557
12.084999999999017,0.008477847478331059,0.3766220118067888,18.553262209606388
12.089999999999016,0.006937662904122483,0.4579916882670206,13.994608374486981
12.094999999999015,0.006671503295036491,0.5146830796413197,9.905143791645719
12.099999999999014,0.0062349561446528685,0.5436411035904036,7.435102664203898
12.104999999999013,0.005641434636386194,0.5433059196379045,5.617917259276265
12.109999999999012,0.005398112716339029,0.513703817798237,8.80550575046679
12.11499999999901,0.006471458440497406,0.45644913785495395,14.096366226846888
12.11999999999901,0.008549210561252785,0.3746517104472153,18.622604736249308
12.124999999999009,0.010167680791900236,0.2727363818117793,22.14352671792596
12.129999999999008,0.011240011623631304,0.21520273647755983,24.472645654524072
12.134999999999007,0.011708763932690698,0.21563660391492986,25.48374560049781
12.139999999999006,0.01154900565981814,0.2106133895176878,25.12155625359665
12.144999999999005,0.01076967061812413,0.2165257347854823,23.40542490374577
12.149999999999004,0.009413082217915404,0.3261096252980201,20.428131301270327
12.154999999999003,0.007552636790804673,0.4180685455462883,16.35543679803767
12.159999999999002,0.005288756458842889,0.48748358723844454,11.410579878825384
12.164999999999,0.005391033051030598,0.5306497420320547,5.8558820386190344
12.169999999999,0.005892588739927625,0.545252022331295,6.776410947676414
12.174999999998999,0.006242973992696969,0.5304889420475732,9.401529514060707
12.179999999998998,0.006435910913793693,0.48712794592189373,11.454136255706121
12.184999999998997,0.0074412554759896755,0.41748388202905656,16.40348930142935
12.189999999998996,0.009298209505909922,0.3252977299390575,20.470971534571046
12.194999999998995,0.010650278525201342,0.21552987777752178,23.436169330044187
12.199999999998994,0.011424336940598533,0.1497597701584423,25.138386428420922
12.204999999998993,0.011578402576832531,0.17529812878930806,25.4859024792294
12.209999999998992,0.01110392417364126,0.18337982874981587,24.456854921167608
12.21499999999899,0.010026283514542182,0.2737321362508893,22.106348623688582
12.21999999999899,0.0084034285278677,0.37540985841891755,18.564740243523566
12.224999999998989,0.006572118327404241,0.45688525637850635,14.025418940312655
12.229999999998988,0.006118145483406138,0.5137821921784,11.286529045563897
12.234999999998987,0.005494514918117532,0.5430481317902455,11.74756985815374
12.239999999998986,0.004717370279025014,0.5431128549692978,11.036126709020204
12.244999999998985,0.00410415537633142,0.5139668326279375,9.225592779306007
12.249999999998984,0.006531977421281026,0.4571619853519255,14.010661167333186
12.254999999998983,0.008614199527871357,0.37572685728422517,18.563390059747633
12.259999999998982,0.01023850813960325,0.27399658740854554,22.128717890525103
12.264999999998981,0.011316980553451548,0.23414467382036805,24.512965820580956
12.26999999999898,0.01179081417202555,0.22831331633263502,25.587557712204564
12.274999999998979,0.011633505409929952,0.2161894721471737,25.294699662150155
12.279999999998978,0.010852293536270268,0.2174201753268179,23.64754081375312
12.284999999998977,0.009487825635822837,0.3283669848521661,20.73118299638706
12.289999999998976,0.0076120604968728505,0.42193907072784476,16.697651353885114
12.294999999998975,0.006316554938940909,0.49308964358319507,11.762577788255609
12.299999999998974,0.006796507482554558,0.5379615631131053,7.392184677873085
12.304999999998973,0.00709287343842448,0.5540896915897141,7.742551449296607
12.309999999998972,0.007196971517668073,0.540552216323624,7.885572683747709
12.314999999998971,0.007105266273820378,0.4980313641333875,11.328289402723966
12.31999999999897,0.007633352532827304,0.42877718366629464,16.373382784113808
12.324999999998969,0.009546516733523093,0.3364884966120366,20.54209203759021
12.329999999998968,0.010953016711299182,0.22611149449841098,23.60870880786104
12.334999999998967,0.01177723056890091,0.17563420297902707,25.40626957458956
12.339999999998966,0.011974834281831052,0.2003153325990104,25.836375190417886
12.344999999998965,0.011535201417310785,0.21945797346817783,24.878832436644345
12.349999999998964,0.010481936375704406,0.2699854342046793,22.587108270075703
12.354999999998963,0.008871575984696714,0.37415872219841073,19.082206927417797
12.359999999998962,0.006790571275907844,0.4582431613171553,14.551568720080697
12.364999999998961,0.004350668422229577,0.5177179801541723,9.238358814726556
12.36999999999896,0.003115934655578122,0.5493888937447635,7.7862277104428435
12.374999999998959,0.0039448799236056365,0.5515648080679099,10.024693383011089
12.379999999998958,0.004876533219656244,0.5241460445734791,11.264981502929482
12.384999999998957,0.006240673226231713,0.4686191864581289,13.802878740619713
12.389999999998956,0.008382133086973328,0.3879647578385359,18.458892707218233
12.394999999998955,0.010068297105932857,0.2865008497452899,22.126670530081057
12.399999999998954,0.011208708069060479,0.16966353550576918,24.608255165728202
12.404999999998953,0.011742175066666237,0.17719018221615473,25.767853621965212
12.409999999998952,0.011640108574812296,0.17787793324291779,25.541395903897296
12.414999999998951,0.010908098516295418,0.20825416312864314,23.940325236314955
12.41999999999895,0.009585629173420158,0.3207335740214719,21.05143912081752
12.424999999998949,0.007743927186238782,0.4159472208510947,17.034019611032324
12.429999999998948,0.005482058051869217,0.4888004328967505,12.10726520723067
12.434999999998947,0.0035439912847496677,0.535410520896792,11.382320739755304
12.439999999998946,0.0024611889450858373,0.5533129014254712,10.258813186017013
12.444999999998945,0.0025375358349838456,0.5415902772000167,8.119717664041396
12.449999999998944,0.005143766988345722,0.5009021841447561,10.96200531323709
12.454999999998943,0.007479623005084801,0.4334402225508953,16.022779324307827
12.459999999998942,0.009420263323970255,0.34281590500330317,20.226947694729862
12.464999999998941,0.010861992789978684,0.23387588140008025,23.349061746560253
12.46999999999894,0.011727817367057204,0.19930811737251475,25.2197110409389
12.47499999999894,0.0119716072605344,0.17315310401394873,25.737065547778013
12.479999999998938,0.011580612583949672,0.14222027830889591,24.871689073417155
12.484999999998937,0.010576161064019306,0.2603207293787151,22.67265124069395
12.489999999998936,0.009012476917204706,0.36515292934713806,19.260228746676162
12.494999999998935,0.007546627007816853,0.45034156731063074,14.8152264387216
12.499999999998934,0.007593962495376026,0.5113215496433758,9.576766494376908
12.504999999998933,0.007438880836773841,0.5448408297886745,7.98812831516144
12.509999999998932,0.007085478493488155,0.5491304725013532,7.602587015642416
12.514999999998931,0.006543336588921402,0.5239850096714316,7.943096653297554
12.51999999999893,0.005975454120231781,0.4707806277966525,13.338656096614528
12.52499999999893,0.008133398882788514,0.39239727722605927,18.01468413162349
12.529999999998928,0.009847045443634716,0.29306134711243664,21.719687913826466
12.534999999998927,0.011025019671091953,0.22944111241212875,24.253513382961813
12.539999999998926,0.011604820329809501,0.24071412869783573,25.48105631860431
12.544999999998925,0.011556177505467625,0.24535997412063726,25.335331269341637
12.549999999998924,0.010882676702770353,0.24327503258757205,23.825557679579997
12.554999999998923,0.009621529014751834,0.3083078034818104,21.037055022901917
12.559999999998922,0.00784154832390507,0.40368447285691006,17.11361272713871
12.564999999998921,0.005639530353948521,0.47712271512572835,12.261684180389212
12.56999999999892,0.005059555707355418,0.524643079743329,8.742035480207097
12.57499999999892,0.005843812751790554,0.5436647322385683,10.641147164936346
12.579999999998918,0.0064658487625752735,0.5331396691503274,11.48021727149157
12.584999999998917,0.006910477028854511,0.49363531489817647,11.167225722599536
12.589999999998916,0.007167552488415679,0.4273035955467744,15.803170606441512
12.594999999998915,0.009009592172832166,0.33775351243231994,20.01686263934107
12.599999999998914,0.010428625099540638,0.22985965825108176,23.140679033155116
12.604999999998913,0.011277022503870913,0.18196380361103068,25.003462874864518
12.609999999998912,0.011508876936339023,0.17553234575516574,25.499270715066316
12.614999999998911,0.0111119619686632,0.1514480781346252,24.601099718036703
12.61999999999891,0.01010841055284404,0.2594121097511291,22.360361551798388
12.62499999999891,0.008553475647373498,0.36256185243710015,18.8995355225909
12.629999999998908,0.006532477314916638,0.4458374805456611,14.410715720834181
12.634999999998907,0.0041560786976502975,0.5047219663608952,11.4378777102399
12.639999999998906,0.0036378224756140787,0.5360361535141926,9.867334022695438
12.644999999998905,0.003104660022579246,0.5381047886769188,7.306730709995149
12.649999999998904,0.0037535824048060074,0.5108605902394711,8.342537184010506
12.654999999998903,0.006170334769417462,0.455840355605131,13.665556669726033
12.659999999998902,0.008250155667121672,0.37608800347657106,18.235384181698603
12.664999999998901,0.009880320221535155,0.27597781828883583,21.80868989339635
12.6699999999989,0.010972679754251135,0.16847038486789173,24.196039503112615
12.6749999999989,0.011468361634311005,0.16791778265796498,25.267655525360276
12.679999999998898,0.011340943098854006,0.16307195347921682,24.96471592886994
12.684999999998897,0.01059789610786641,0.20894462498585858,23.30346550179987
12.689999999998896,0.009280163348860547,0.3181484786164979,20.37807595045676
12.694999999998895,0.007459849039239989,0.4099772452317412,16.353430695641308
12.699999999998894,0.006263919903296392,0.47949335284742206,11.453012350631635
12.704999999998893,0.005834750619424703,0.5229763328275513,6.296838194206875
12.709999999998892,0.0057901409249849,0.5381031390873083,5.684865278293607
12.714999999998891,0.005965153389597606,0.5240839902261047,7.116063445271373
12.71999999999889,0.005990873731557765,0.48170697569601806,11.232603405071021
12.72499999999889,0.007330120802410294,0.413283110059689,16.136942849461178
12.729999999998888,0.009169633804984636,0.3225220909700638,20.16746478638964
12.734999999998887,0.010511760931453987,0.2143287596176879,23.10986775456166
12.739999999998886,0.011283924441992811,0.21051826137747598,24.806978253375192
12.744999999998885,0.011444268902399643,0.20396401641757336,25.167223759810806
12.749999999998884,0.010983906283506543,0.1919141060536326,24.17170691499675
12.754999999998883,0.009927379918071702,0.26886435905181505,21.875561856878104
12.759999999998882,0.00833132293399135,0.3695584345803396,18.40206835453252
12.764999999998881,0.0062814043804224964,0.45040898684721914,13.938152552219973
12.76999999999888,0.005388555414184253,0.5070666283219819,10.027700413498087
12.77499999999888,0.0058057925230086,0.5364873790144243,11.68339518661468
12.779999999998878,0.006065476013483197,0.5370892845080572,12.170336323174151
12.784999999998877,0.006163338027321512,0.508831447411196,11.438247196823292
12.789999999998876,0.006425042592396871,0.4532203237693175,13.743948659845849
12.794999999998875,0.008491158803242069,0.3732261605687796,18.253716620369996
12.799999999998875,0.010107033221518052,0.27312360674162744,21.787304910491766
12.804999999998874,0.011185505772146128,0.18981121258549377,24.155972382315298
12.809999999998873,0.011668132218206673,0.17713805017538767,25.23612705568701
12.814999999998872,0.011528266988558003,0.15402316892443546,24.97044161978894
12.81999999999887,0.010772457454568807,0.21159255682160674,23.374078399223553
12.82499999999887,0.009440082747809317,0.32135732588220056,20.531829225014917
12.829999999998869,0.007601282746454152,0.41416267465988127,16.590310286058155
12.834999999998868,0.00613611818469621,0.48503272421721233,11.757709536874835
12.839999999998867,0.005413423160958218,0.5301553217266318,9.479210889365048
12.844999999998866,0.004541434353819978,0.5470881515145763,6.527562834090173
12.849999999998865,0.00353977378468274,0.5348938572543521,5.35952015237427
12.854999999998864,0.005155468859162868,0.4941978581614903,10.918879484770837
12.859999999998863,0.007458857851345226,0.4271577387114724,15.897168295236908
12.864999999998862,0.009370111727523526,0.3373438117598639,20.028402485407323
12.86999999999886,0.010787329773872607,0.2518623094705626,23.091759506627213
12.87499999999886,0.01163497470032431,0.24610986058331782,24.919777684922483
12.879999999998859,0.011867970330509533,0.23395706313573947,25.4125725261687
12.884999999998858,0.011474143982921257,0.2156450929856044,24.546593706504105
12.889999999998857,0.010474865669439554,0.25849709808419347,22.366554603775736
12.894999999998856,0.008923908664008233,0.36188570408834747,18.988887797886697
12.899999999998855,0.007451044825102441,0.44584713496056666,14.595684551001671
12.904999999998854,0.008001429688030505,0.5058869887525843,9.420256965805946
12.909999999998853,0.008359081183591292,0.5387892098880853,8.181536777071907
12.914999999998852,0.008513505096223586,0.5428020726433056,8.393655045631089
12.91999999999885,0.008459431562049783,0.5177318888591846,10.786261991548768
12.92499999999885,0.008196947328596325,0.464940179046675,13.224096797662328
12.929999999998849,0.008028994363874645,0.3872805587641447,17.83975131535042
12.934999999998848,0.009719586718406163,0.288956383048477,21.489918970917522
12.939999999998847,0.010880192078969855,0.18372572092906989,23.97832977767044
12.944999999998846,0.011449430940305833,0.21285997887231184,25.17206135018
12.949999999998845,0.011397838413331805,0.23676287045218491,25.010569651574738
12.954999999998844,0.010729391898432148,0.25477947702405007,23.503437414775437
12.959999999998843,0.009481253857799027,0.30492340444038857,20.733199636232527
12.964999999998842,0.007721756965213487,0.3988753525938422,16.847579625149685
12.96999999999884,0.005546751747337785,0.4711267345564569,12.05297315989676
12.97499999999884,0.0036547256600216863,0.5177723260921363,12.272063004115756
12.979999999998839,0.0037851820133474167,0.5362782279877807,12.292003524100993
12.984999999998838,0.004865781878478008,0.5256397825273755,11.082220118256476
12.989999999998837,0.005916901215806628,0.48645090470538616,10.623075640751448
12.994999999998836,0.007013918615802513,0.42085892807441205,15.613715011638776
12.999999999998835,0.008897148720083972,0.3324331136381873,19.75661076285189
13.004999999998834,0.010293145012676794,0.22596540339895335,22.83047333284262
13.009999999998833,0.01112610182967231,0.17374551526895998,24.668758667035583
13.014999999998832,0.011350669595245711,0.13621816500031747,25.174257560628778
13.01999999999883,0.010954368884727615,0.1411300670373444,24.321682386350897
13.02499999999883,0.009958249191645606,0.2573178101954676,22.15341487689935
13.029999999998829,0.008415803768531975,0.359660359049998,18.783604664913657
13.034999999998828,0.007066424674597645,0.4426011379464226,14.392706893656895
13.039999999998827,0.006223859785822572,0.5016203798318523,9.214989860515496
13.044999999998826,0.005232988512324175,0.5334779767118264,5.36380751452376
13.049999999998825,0.004283194712751846,0.5363845563069078,3.804725165590563
13.054999999998824,0.0038289938897668402,0.5100906026756145,8.152164399075689
13.059999999998823,0.006244011264373891,0.45591634716722645,13.517537804279973
13.064999999998822,0.008325572295579871,0.3767080653151835,18.165774936537886
13.06999999999882,0.00995913419831212,0.27671669577773,21.83077287844438
13.07499999999882,0.011054396871584752,0.2505055216445964,24.300556020115707
13.079999999998819,0.011550446742781788,0.23498623329836124,25.442163413423796
13.084999999998818,0.011419118955664512,0.21367379022637922,25.195542483330858
13.089999999998817,0.010666466783112177,0.2114981792265424,23.57865328952805
13.094999999998816,0.009332337474843992,0.32215354408074276,20.683492652153028
13.099999999998815,0.007488117463722863,0.4155344603677242,16.668873862640307
13.104999999998814,0.007649582455554657,0.486589945523265,11.75332019957663
13.109999999998813,0.007968066115277372,0.5314766213750552,8.029363699510645
13.114999999998812,0.008087124900311628,0.5477660027040874,9.107487173729176
13.11999999999881,0.00800545635320752,0.5345859886723917,11.224552371244
13.12499999999881,0.007727048794806245,0.4926656498267366,12.225455874055077
13.129999999998809,0.007576827505762622,0.4242751112235266,16.174487906173717
13.134999999998808,0.009470226253415393,0.3330843878375978,20.30180144819857
13.139999999998807,0.010862877227333862,0.22397600172980167,23.341552994920868
13.144999999998806,0.011679810407680416,0.19736243573929396,25.129939533470086
13.149999999998805,0.011876890568730451,0.21604099979436267,25.57505102558638
13.154999999998804,0.01144314298494092,0.22892833302995316,24.652397589691734
13.159999999998803,0.010401343474363726,0.2671859767038826,22.40846208106064
13.164999999998802,0.008806856053489043,0.3706089916460042,18.960743895788855
13.1699999999988,0.006744720499294508,0.4542452300318277,14.493751458541201
13.1749999999988,0.004325100747926763,0.5136026705152906,12.343012250961175
13.179999999998799,0.0029606914535686224,0.5454894571199576,11.984866338914557
13.184999999998798,0.003908363364728668,0.5481880604738715,10.4302397059233
13.189999999998797,0.0047549581658798456,0.521563373160729,8.223826359800254
13.194999999998796,0.006202745627806873,0.46705409826913746,13.579883596836856
13.199999999998795,0.008339344359361693,0.3875853943528085,18.20759796969542
13.204999999998794,0.010026832868317776,0.28741000922963966,21.862556079573007
13.209999999998793,0.011175066803064541,0.17188356466907603,24.348021744653412
13.214999999998792,0.011722749439452854,0.1479932131255805,25.52960816847664
13.219999999998791,0.011640724713695217,0.1255793606262797,25.34593986174919
13.22499999999879,0.010933557940152714,0.2028673292276994,23.801239753608268
13.229999999998789,0.009639368944018534,0.3148082692259839,20.9751362457065
13.234999999998788,0.007827862688079126,0.40979423314979474,17.019249323818652
13.239999999998787,0.00667430649126951,0.4827054127870974,12.145222531103052
13.244999999998786,0.006630171279054999,0.5296036843163622,6.616090881698537
13.249999999998785,0.006421723322469643,0.547944495720126,6.4807477163699145
13.254999999998784,0.006052338644792702,0.5367190627455295,6.172289060216074
13.259999999998783,0.005529703240371169,0.49650950382234676,10.8714118985323
13.264999999998782,0.007237679278405319,0.4294582346611884,15.949095765931636
13.269999999998781,0.009159213002955172,0.33915525515876904,20.17209603503687
13.27499999999878,0.01058321083167493,0.23044387632914665,23.312455496813023
13.279999999998779,0.011432231428562043,0.20308333273989967,25.199350064564374
13.284999999998778,0.011659742906274957,0.21222386719276823,25.730303441934264
13.289999999998777,0.01125266386772171,0.2158475172188081,24.874525654157363
13.294999999998776,0.01023210214702729,0.2635528441970126,22.677874392342904
13.299999999998775,0.00865223868360436,0.3683925411721725,19.258004397721937
13.304999999998774,0.006597430618011355,0.4535306850650469,14.797253159428461
13.309999999998773,0.005120119541482917,0.5143547611661247,9.532377281003132
13.314999999998772,0.005066467773365906,0.547540005641962,10.347160139792567
13.319999999998771,0.0054503226728516525,0.5512334626241329,12.097060197118022
13.32499999999877,0.005994373351630666,0.5251716092686555,12.650120966565884
13.329999999998769,0.006404643524873917,0.47069929468742283,13.628522206766071
13.334999999998768,0.008558159826036374,0.39070722577757877,18.36830535717229
13.339999999998767,0.010258639437922176,0.2894846189767565,22.12073736315749
13.344999999998766,0.01141354528275226,0.191806347246007,24.68202264543139
13.349999999998765,0.011959770440384295,0.19963092818341724,25.9041272976717
13.354999999998764,0.01186718432709556,0.1876306381961944,25.71952610655271
13.359999999998763,0.011140329240296407,0.20769524530664124,24.139856250894262
13.364999999998762,0.009818147373316032,0.32117750148551993,21.253046220658142
13.369999999998761,0.007971790609698305,0.4173652039615862,17.222034769769152
13.37499999999876,0.0057006639817254404,0.4910854472275792,12.783155040364608
13.379999999998759,0.0031269819154738925,0.5383873792730619,11.953924669917114
13.384999999998758,0.003090517873135656,0.5567477406947438,9.926924174556394
13.389999999998757,0.0035214274704826404,0.5451988339697321,6.904538277104559
13.394999999998756,0.0049896719978747275,0.5043810367375037,11.018121915778822
13.399999999998755,0.007341873010897864,0.43649936847177084,16.13454539051497
13.404999999998754,0.00929614512429325,0.34520947688640025,20.381411243634066
13.409999999998753,0.010747752241317469,0.2354333699232992,23.529031541607278
13.414999999998752,0.011619048155574052,0.1415690466187089,25.41031811597679
13.419999999998751,0.011863601198145331,0.11098907281941259,25.929191696092087
13.42499999999875,0.011468603994822508,0.1427351025783046,25.059337834899722
13.42999999999875,0.010455521910011605,0.2624977313460655,22.84571367220565
13.434999999998748,0.00887895789778558,0.3681278735443576,19.406343207112084
13.439999999998747,0.007176543530067925,0.45395128330357637,14.923020696576156
13.444999999998746,0.006923467960537443,0.5153539354091352,9.63804014564788
13.449999999998745,0.006493123490144103,0.5490419158701204,6.690023880169478
13.454999999998744,0.005896645781219836,0.5532140039159783,6.062608541762513
13.459999999998743,0.0051496028724859035,0.5276505806670942,8.620372658954501
13.464999999998742,0.006221734181959665,0.47372552002206025,13.512971778863491
13.469999999998741,0.008391884203867982,0.3943344887412851,18.243440733447223
13.47499999999874,0.010112065401533045,0.2937379903247544,21.995158633165893
13.47999999999874,0.011289765825370723,0.228599745957387,24.56316581260621
13.484999999998738,0.01186164704772305,0.23070158935491006,25.80958197928184
13.489999999998737,0.011796961857916616,0.22683765944868453,25.668296174236424
13.494999999998736,0.011099192036216194,0.21713292621210065,24.147366775287516
13.499999999998735,0.009805848350425486,0.3155139312893032,21.32878852963836
13.504999999998734,0.007986464959369199,0.4122394251332269,17.36140900793194
13.509999999998733,0.005738901900674086,0.48678579834483754,12.457140276712858
13.514999999998732,0.005867938513616341,0.5351293392577653,11.34469811982097
13.519999999998731,0.006424455586685909,0.5546645288741853,12.640483687675525
13.52499999999873,0.00681398450382063,0.5443451374841398,12.674733779504445
13.52999999999873,0.007027012921033515,0.5047369089619418,11.445703553653106
13.534999999998728,0.007267439983691807,0.4379991262455665,15.91337799179881
13.539999999998727,0.00923184855368762,0.3477643017527748,20.1805518053186
13.544999999998726,0.010698577114964209,0.23892712275787328,23.35431979264297
13.549999999998725,0.01158936554381801,0.1979461779558144,25.261229797045303
13.554999999998724,0.011857160802727432,0.1782191018931526,25.802127804371757
13.559999999998723,0.011488588806273445,0.1680661615680582,24.953275452360664
13.564999999998722,0.010504554729857462,0.2564549772046882,22.76525408483039
13.569999999998721,0.008958981016644642,0.36177450808045336,19.362558265476576
13.57499999999872,0.006935779250282224,0.4475061984645309,14.930117888155072
13.57999999999872,0.004544265711325385,0.5090992171182249,11.241705503487205
13.584999999998718,0.002203787490951863,0.5433052684570711,8.837633111941292
13.589999999998717,0.001462760514648464,0.5483417892907072,5.560083692371344
13.594999999998716,0.003496662214928281,0.5239778378877535,7.784857932420411
13.599999999998715,0.005985473346068802,0.4715466145684761,13.187631395291001
13.604999999998714,0.008149031940102748,0.3938768230451214,17.880285214051543
13.609999999998713,0.009871586893335322,0.29514515824792303,21.612380704828674
13.614999999998712,0.011061075784358486,0.18065039816135248,24.185523329800564
13.619999999998711,0.011654025997737663,0.09820593563831605,25.462761058612177
13.62499999999871,0.011618890399138021,0.07616551790346847,25.382684469590547
13.62999999999871,0.010957642250780017,0.19391533271302622,23.949877963548662
13.634999999998708,0.00970562572144006,0.30689127902296726,21.24050056042869
13.639999999998707,0.007929663831724719,0.4034934768631844,17.400378575658944
13.644999999998706,0.005956026656986611,0.4785732788758978,12.631542229427028
13.649999999998705,0.005459060368501334,0.5281303433744665,7.191283570000872
13.654999999998704,0.004824153387597324,0.549532417417089,6.199545235102422
13.659999999998703,0.004066676368172695,0.5416331137420578,9.300365099496274
13.664999999998702,0.004830481918314986,0.5048265163337838,11.480823070054658
13.669999999998701,0.00719513951909107,0.44103652397667037,15.322625496597032
13.6749999999987,0.009181772666339268,0.35361673492262574,19.645290125021614
13.6799999999987,0.010683767604819124,0.24718124046932977,22.928907656297692
13.684999999998698,0.011620144593779863,0.2095113832037869,24.995766485445763
13.689999999998697,0.011939937756072355,0.20342758161545688,25.7329716397345
13.694999999998696,0.011625000374674887,0.19663491564588734,25.095177225483397
13.699999999998695,0.010691090939112052,0.24704111186412522,23.112202575761184
13.704999999998694,0.009187141248680008,0.3545387643087051,19.886858402071685
13.709999999998693,0.007192747544664102,0.4432187172976742,15.585122793516668
13.714999999998692,0.005905800538474601,0.5082736214175703,11.490990271671102
13.719999999998691,0.006345000933286607,0.5461624836704684,12.486047899144621
13.72499999999869,0.006628006518869969,0.5548002245356556,12.244016874988384
13.72999999999869,0.006748190932319282,0.5336828835388768,10.783999093188616
13.734999999998688,0.006703066953215472,0.48392370446423,12.720344931789734
13.739999999998687,0.008069963108601376,0.40817970875504545,17.577253351884742
13.744999999998686,0.009866678652480476,0.31050650879660974,21.492026631490397
13.749999999998685,0.011133277319150005,0.19613295787121268,24.2573937386694
13.754999999998685,0.011801553719994851,0.16662954416475115,25.724748423124005
13.759999999998684,0.011835330413341713,0.1646675050227601,25.813062614764533
13.764999999998683,0.011232446929348957,0.18348646846912053,24.51475472169004
13.769999999998682,0.010024945426117345,0.2995141328235343,21.89631102007642
13.77499999999868,0.00827742942085791,0.39949226928025416,18.094943562612308
13.77999999999868,0.006083663865989255,0.4780139526672266,13.313729792177336
13.784999999998679,0.0035615577898601607,0.5308284777844323,7.937624905785913
13.789999999998678,0.0017076853834259856,0.5550727302692503,4.547947762781142
13.794999999998677,0.002642335503326047,0.5494239594227561,4.1451290778198056
13.799999999998676,0.004573449868063739,0.5141812060011842,9.951972290809298
13.804999999998675,0.00698701073552141,0.4512431409819047,15.223253716903054
13.809999999998674,0.009025082197440155,0.3639854437856106,19.679825161615344
13.814999999998673,0.010577759173241802,0.25708534653506165,23.0802137386052
13.819999999998672,0.011561209120534604,0.136294632382068,25.236071922593304
13.82499999999867,0.011922258294318434,0.08999679457471026,26.031766177648123
13.82999999999867,0.011641273202938708,0.12051907368335997,25.425878148283832
13.834999999998669,0.010733180043920983,0.2427181899237378,23.453768347868348
13.839999999998668,0.009246614969092194,0.3519078400077909,20.222091685753835
13.844999999998667,0.007261305978076179,0.4422157563986317,15.901074870583265
13.849999999998666,0.005409179152778184,0.5087776957308857,10.723700862318857
13.854999999998665,0.00480609226510774,0.5480066793502653,7.104958489272873
13.859999999998664,0.004173841920055734,0.5577815566192149,9.928285308123733
13.864999999998663,0.003966739398875874,0.5375700861209077,11.760192207864907
13.869999999998662,0.0058260537789168705,0.4884561107561525,12.618943624432777
13.87499999999866,0.008079875392496138,0.4130725346755732,17.534486807799592
13.87999999999866,0.009901219946894593,0.3154652870838242,21.50841222890087
13.884999999998659,0.011192070605264363,0.20087497626409478,24.3277120989919
13.889999999998658,0.01188291664656209,0.1868758962690695,25.836902304646372
13.894999999998657,0.011936543250834663,0.19375187543153516,25.95359321574444
13.899999999998656,0.011350088718158229,0.1836523231037701,24.668893175709908
13.904999999998655,0.0101552590615011,0.2973628481382564,22.048640269751377
13.909999999998654,0.008416666141449824,0.3980743198822681,18.235948427854183
13.914999999998653,0.006228331424242327,0.4772595670007494,13.438150419538985
13.919999999998652,0.005523307659947739,0.5306443583850184,12.324012991569953
13.92499999999865,0.005784041671086661,0.5553613261503643,11.608862148928226
13.92999999999865,0.005896723684903683,0.5501085054590388,9.741535787204825
13.934999999998649,0.00585925773671584,0.5152090677360482,9.88762584069689
13.939999999998648,0.006852899969179444,0.45258647490713116,15.16141129087051
13.944999999998647,0.008898500825762648,0.36565386772616754,19.611631581515756
13.949999999998646,0.010460419705247909,0.2591136840679501,23.004441881772145
13.954999999998645,0.011454981081089211,0.150345680537352,25.156685237977296
13.959999999998644,0.011829107119017756,0.14693932890277905,25.95184170831857
13.964999999998643,0.011563167844766034,0.16229744521078002,25.350081294232496
13.969999999998642,0.010671997414291512,0.23915291358628402,23.38498069886903
13.97499999999864,0.009204049503036653,0.348026250915672,20.164354232887067
13.97999999999864,0.007238763449531278,0.4380881704864946,15.860413595442617
13.984999999998639,0.004882321856383601,0.5044884667725961,10.69970491899851
13.989999999998638,0.0022620045272029933,0.5436384648996696,4.960294331831149
13.994999999998637,0.0024098215382170715,0.5534144229338642,2.654958423944714
13.999999999998636,0.0031973307354980097,0.5332667943130497,7.009140330172789
14.004999999998635,0.005741158451747206,0.48426429218665085,12.591860520387241
14.009999999998634,0.007974434789328157,0.4090462428457485,17.495359215974407
14.014999999998633,0.009776234332674502,0.31167357449280486,21.453708125203875
14.019999999998632,0.011048937990524487,0.19740788864720016,24.25256621303905
14.02499999999863,0.01172352123678508,0.12353892280299374,25.740425303024946
14.02999999999863,0.01176330377677362,0.12790642267272853,25.83469618444391
14.034999999998629,0.011165951977894094,0.18242832569018885,24.53167654698207
14.039999999998628,0.009963602171869576,0.2985115967196291,21.901631864795014
14.044999999998627,0.00822112229857845,0.3984803525968362,18.08587048608868
14.049999999998626,0.006032615002471431,0.4769225658459898,13.291014813573447
14.054999999998625,0.005483704853249547,0.5295821567971005,8.402166830722102
14.059999999998624,0.005241004777126208,0.5535795795810241,10.827765905965688
14.064999999998623,0.004860550683348665,0.5475768595010022,12.180313336064076
14.069999999998622,0.004593065279364811,0.5118723551303438,12.317509472727163
14.07499999999862,0.006993734014167442,0.44839513879072906,15.336320366289954
14.07999999999862,0.009016205413640673,0.36059342099858055,19.78436675057025
14.084999999998619,0.010550797430598164,0.25324338578442873,23.155647335091416
14.089999999998618,0.011514348445072233,0.1929461878151708,25.27089897659804
14.094999999998617,0.011854684371993645,0.19365130634539415,26.01696872014197
14.099999999998616,0.011553420507267598,0.1835643532636017,25.351130246716068
14.104999999998615,0.010626976354240144,0.24611476455720782,23.30961691465532
14.109999999998614,0.009125687627412907,0.35440072617369967,20.004767731942298
14.114999999998613,0.0071310364637501315,0.4434597392914272,15.6188375151494
14.119999999998612,0.004751173139904928,0.5084855902466746,12.47029097146846
14.124999999998611,0.0048171915130323685,0.5459733764024288,11.229538718855773
14.12999999999861,0.0050301975372491,0.5539045778190519,8.866597138584662
14.134999999998609,0.0054492815426913045,0.5318697874398628,7.382785122973261
14.139999999998608,0.0058815080705708735,0.4810914106210494,12.92856560455251
14.144999999998607,0.008095118370246965,0.40435270924940636,17.766914944105395
14.149999999998606,0.009870612367669009,0.3058448897194261,21.636212867887554
14.154999999998605,0.011112556187974633,0.19093263840283403,24.328687658750244
14.159999999998604,0.01175454260856348,0.10569507669271666,25.699595769300398
14.164999999998603,0.011762742349060626,0.1180842329160085,25.677989617325483
14.169999999998602,0.011137663798694932,0.1874493865124303,24.268951534106947
14.174999999998601,0.009914033966533434,0.30200254635217955,21.55231240179372
14.1799999999986,0.008158840007459997,0.4000750372772104,17.67668396821946
14.184999999998599,0.005967645063474594,0.4764029403169694,12.854477247684796
14.189999999998598,0.0034593578414120357,0.5269119485080753,7.349126028757995
14.194999999998597,0.0022199088002709554,0.5489194270010056,2.562750569133317
14.199999999998596,0.0022946862881907683,0.541271744352224,6.379085115769789
14.204999999998595,0.004569964812114168,0.5044347701960151,10.221851234556981
14.209999999998594,0.0069322251287376084,0.44046935645338153,15.364314262497043
14.214999999998593,0.008915628155687727,0.3528918543266833,19.666686588183
14.219999999998592,0.010414047481261146,0.24647587590269773,22.899704781412126
14.224999999998591,0.011347709500392121,0.12698893174970044,24.89507287978782
14.22999999999859,0.011667364960751584,0.15281456736192237,25.551198862458495
14.234999999998589,0.011356798862496586,0.18760755828294048,24.837978773613287
14.239999999998588,0.010433575423629635,0.24418968385069872,22.79801808823143
14.244999999998587,0.008948000457756261,0.3500403024986637,19.54222937095543
14.249999999998586,0.006980362078118046,0.4370150493566392,15.247669372235457
14.254999999998585,0.006110828872386691,0.5004872536798362,10.14121235704383
14.259999999998584,0.005756156193933794,0.537070097175159,12.089300213851491
14.264999999998583,0.005257743170647403,0.5448067842026927,13.077799050209135
14.269999999998582,0.004628794988073964,0.5232884223952808,12.761005996506082
14.274999999998581,0.005824637963534434,0.47367985239852484,12.633333505810068
14.27999999999858,0.008005474587755747,0.3986547972900194,17.37668853759274
14.284999999998579,0.00975773811607563,0.3022506140379482,21.184984763236542
14.289999999998578,0.010987509715909562,0.2050624089425548,23.85205049368969
14.294999999998577,0.01162901308710883,0.19913091392193039,25.233830830934426
14.299999999998576,0.011648175365622244,0.19492258378567526,25.254862674181904
14.304999999998575,0.01104446185006035,0.18711950973210736,23.916570872755948
14.309999999998574,0.009850845134341629,0.2952396912414457,21.2965076054022
14.314999999998573,0.008131928256956203,0.3923270597127398,17.538439783116264
14.319999999998572,0.005980397771276359,0.46828513455921633,12.844790155474964
14.324999999998571,0.004833309304199563,0.5190735599100089,10.976819567369967
14.32999999999857,0.005328976777314385,0.5420209355917444,8.209812515174558
14.334999999998569,0.005685811370201695,0.5359602177681342,5.891678456946346
14.339999999998568,0.005896362909196247,0.5012728653050817,9.742283567925307
14.344999999998567,0.006781624523827504,0.43986862633249907,14.819412021108294
14.349999999998566,0.008769033683120098,0.35509503738455533,19.09002355806997
14.354999999998565,0.010285644839123878,0.25154942501696953,22.328221388965265
14.359999999998564,0.011251547877406594,0.1348117902961257,24.36683249937331
14.364999999998563,0.01161641774266523,0.11036797440772741,25.103421296145328
14.369999999998562,0.011362049936730931,0.1307073615474558,24.504352299209845
14.374999999998561,0.01050321577388274,0.23065038695823029,22.602491211661828
14.37999999999856,0.009086814070905334,0.3359102942327446,19.50147169814476
14.38499999999856,0.007189324540041382,0.42308551811285217,15.36861785389902
14.389999999998558,0.004912734968839934,0.4875503103677465,10.417299048059231
14.394999999998557,0.002738356023447619,0.5258637584048301,4.908080166774515
14.399999999998556,0.002491579848987945,0.5359738941296124,7.308514295105459
14.404999999998555,0.002908662413857983,0.5173333376426018,10.239065804143452
14.409999999998554,0.005379318155719764,0.47092895910213156,12.15014087483485
14.414999999998553,0.0075547452575382415,0.39924188162527796,16.70527629249635
14.419999999998552,0.009318159170671445,0.30612368362801906,20.542002906407998
14.424999999998551,0.010574941934565209,0.19658942192949763,23.271701773001535
14.42999999999855,0.011257783068224291,0.16134436425777865,24.74525438514228
14.43499999999855,0.011330330504537967,0.19023120388318104,24.884781031982953
14.439999999998548,0.01078912852967252,0.20000806554949113,23.68508933955541
14.444999999998547,0.009663767808889001,0.2811915553759039,21.210439635801855
14.449999999998546,0.008015269208930576,0.37820788460748056,17.596092056829676
14.454999999998545,0.005932778787728287,0.4547882838734526,13.036067649559751
14.459999999998544,0.004603898648684,0.5068215401409526,12.30911239588502
14.464999999998543,0.0041912652408370435,0.5315250228952514,12.863089223927435
14.469999999998542,0.0036674400721012413,0.527587124704012,12.129088827593348
14.474999999998541,0.004271949960363119,0.49523583988276443,10.179356173582642
14.47999999999854,0.006600605167068628,0.43622624279945904,14.342642425598
14.48499999999854,0.008575518045677464,0.35373890864409263,18.652291236549303
14.489999999998538,0.010090396158881465,0.2522123366375209,21.95833756608022
14.494999999998537,0.0110636976502606,0.1886279335757075,24.083293123272863
14.499999999998536,0.0114430221893356,0.17021551573273236,24.911388556039384
14.504999999998535,0.011207947278076667,0.1646975964301468,24.397841818082043
14.509999999998534,0.010371123296161452,0.2260780725466545,22.57277911280546
14.514999999998533,0.008977567112188223,0.3313444010426499,19.533752285593557
14.519999999998532,0.007102230299574494,0.41879032400285765,15.444616898490288
14.524999999998531,0.004845965618862682,0.48371554828188607,10.525472813121631
14.52999999999853,0.005014615507000226,0.5226290747341499,6.883460416920008
14.53499999999853,0.005343801222218671,0.5334415315808243,5.359374124679546
14.539999999998528,0.005539838698406586,0.515582954251909,6.428475902451981
14.544999999998527,0.005596821254855155,0.47002441087111596,11.794941449865679
14.549999999998526,0.007569759465899343,0.39921854274703206,16.527405799768488
14.554999999998525,0.009335237251706296,0.306972571575764,20.370982668739593
14.559999999998524,0.010598281967859394,0.19824531488548644,23.119920007372393
14.564999999998523,0.011291092598168809,0.10953824714150105,24.62663105150915
14.569999999998522,0.011376505761263091,0.13117078614825425,24.810412644034493
14.574999999998521,0.010849969188055341,0.16590095728253298,23.664501468751187
14.57999999999852,0.009739753018567714,0.2781855105125281,21.24931982324784
14.58499999999852,0.008105420822869117,0.3755473677669246,17.695423078511542
14.589999999998518,0.006034611768029701,0.4527762541688596,13.19613148226302
14.594999999998517,0.00363831802104043,0.5057412446268692,7.989864700941286
14.599999999998516,0.0024428849934819237,0.5316002614007554,8.751483137944923
14.604999999998515,0.002731864743474594,0.5289418264323347,11.28981008530197
14.609999999998514,0.00417336484494703,0.49784772610200073,12.684086594521814
14.614999999998513,0.00651775797213413,0.4399095247728594,14.154756395504924
14.619999999998512,0.00851295720739169,0.358170169330182,18.540985781566786
14.624999999998511,0.010050826147505637,0.25697740671541025,21.936119264342786
14.62999999999851,0.011047669364150801,0.17647439060694065,24.15089144475689
14.63499999999851,0.01144886988472667,0.196806932737912,25.06492921723438
14.639999999998508,0.011231886722393258,0.19727777220992787,24.628639386263693
14.644999999998507,0.010407486728445601,0.22424640435801527,22.864485068521606
14.649999999998506,0.009019180383354022,0.33107613367862837,19.867406659724548
14.654999999998505,0.007140884776499938,0.42024210906302123,15.798983494033324
14.659999999998504,0.004872962737383889,0.48692670658341747,12.72022316363097
14.664999999998503,0.004689469447988299,0.5275083467029567,12.664976094995271
14.669999999998502,0.004709796602699116,0.5397683343454465,11.337637445552913
14.674999999998501,0.004610269490021911,0.5230150337811043,8.870754262674758
14.6799999999985,0.0054911119994908155,0.4781197585075382,11.710595360384112
14.6849999999985,0.0077050951274612554,0.4074734926806563,16.54791097036923
14.689999999998498,0.009510899238486852,0.3148481517295978,20.502225410054965
14.694999999998497,0.010810992271430722,0.2051890614479612,23.361410702600626
14.699999999998496,0.011534867131317014,0.16417007728485855,24.969860873959977
14.704999999998495,0.011642856928897119,0.15508337731757366,25.240477518473575
14.709999999998495,0.011128297865402342,0.16465866192339584,24.157001861078225
14.714999999998494,0.010017916736547486,0.2794937896185558,21.777049216986725
14.719999999998493,0.00837042652723623,0.3795022941059599,18.22635257797576
14.724999999998492,0.0062734343955885945,0.4592945585531125,13.69055320088591
14.72999999999849,0.004718136342665161,0.5145533517198936,8.412964065826925
14.73499999999849,0.004965641703350765,0.5422812392892805,5.051499105884733
14.739999999998489,0.005087620332861854,0.5409555663069008,5.129803306572825
14.744999999998488,0.005082124766219414,0.5106100641751482,8.929740697821353
14.749999999998487,0.006548927419077152,0.45284972433084925,14.174395239898757
14.754999999998486,0.008607966263211574,0.37076581332293734,18.659169163266757
14.759999999998485,0.010206777640424785,0.2687587375623609,22.143661140964664
14.764999999998484,0.011259421208062234,0.15229868949262787,24.440358086929564
14.769999999998483,0.01170926837011715,0.12153320002010916,25.423047578385603
14.774999999998482,0.011532083258414321,0.1566468931196293,25.03871055754265
14.77999999999848,0.010737337472518845,0.21938409434772155,23.30923917735686
14.78499999999848,0.009367698124311586,0.32847164493519393,20.325781057632994
14.789999999998479,0.007496759973159701,0.41990361552557626,16.247007178520743
14.794999999998478,0.005225116811965095,0.4887536489522854,11.293006192163531
14.799999999998477,0.00267494289161428,0.5313159191880624,10.152810566405488
14.804999999998476,0.002955989901341362,0.5453053277625322,12.221085297031234
14.809999999998475,0.0031637872758864473,0.5299741874198702,13.067938983476216
14.814999999998474,0.005245109953346943,0.4861461884316892,12.610217995763785
14.819999999998473,0.00750091399870991,0.4161754297135168,16.453421556701873
14.824999999998472,0.009350907943773927,0.3238221483121061,20.487891003863172
14.82999999999847,0.010695578072952263,0.21404590335924,23.422606977284204
14.83499999999847,0.011462546066276195,0.20413107344698003,25.09923677827699
14.839999999998469,0.011610458471915448,0.19600302867908112,25.42781349571471
14.844999999998468,0.011131200585182187,0.16832016117927506,24.39238300990047
14.849999999998467,0.010050322675172535,0.274224341025198,22.046624208710803
14.854999999998466,0.008425709889794315,0.3756207731261042,18.511948631652515
14.859999999998465,0.006344529212189865,0.4568514979156931,13.980341284183678
14.864999999998464,0.004917123519194379,0.5135460049487872,12.468207894604529
14.869999999998463,0.004752532231814353,0.5426525938166539,10.638145139330632
14.874999999998462,0.004467507598598042,0.5426008677752487,7.745181020477338
14.87999999999846,0.004075079926284745,0.5133932243928601,8.717192918301192
14.88499999999846,0.006500062426682271,0.4565997757661709,14.000186532375016
14.889999999998459,0.008579737289450539,0.37527016934115415,18.531656037632356
14.894999999998458,0.010202324372025302,0.27376466368876523,22.0705462233241
14.899999999998457,0.011280543074210881,0.1575228171854758,24.42619237799268
14.904999999998456,0.01175629760444047,0.16494899777336855,25.471336533652906
14.909999999998455,0.011603814365458426,0.16911197475357717,25.149177628567298
14.914999999998454,0.010831072756230787,0.21532435319187884,23.471647448511934
14.919999999998453,0.00947947053395943,0.325316535716675,20.52522556140741
14.924999999998452,0.007621665770944221,0.41780536948942476,16.470307947693282
14.92999999999845,0.005357648104480861,0.48780169709593874,11.528223094912912
14.93499999999845,0.0044583250887817085,0.5315406665672981,5.967364693631123
14.939999999998449,0.004643918112241738,0.5466767424618659,4.436591968547078
14.944999999998448,0.0051361952214435055,0.5324045034648697,8.038826395920879
14.949999999998447,0.00551143391305253,0.48950449600614565,11.364041720495186
14.954999999998446,0.007413233465874613,0.42029811404600104,16.318511063563257
14.959999999998445,0.00928526378105604,0.3285140120265854,20.395129744203732
14.964999999998444,0.010654275103657908,0.21909051701417356,23.37426826076195
14.969999999998443,0.011446812786042317,0.12828671279534987,25.092116169069968
14.974999999998442,0.011620507178205994,0.17145535529772762,25.45642583641932
14.97999999999844,0.011166366631601268,0.19758907486542532,24.448622361040012
14.98499999999844,0.010109245103263314,0.26963919176742085,22.123286518821395
14.989999999998439,0.008506481267514078,0.3714663425322866,18.607573787125734
14.994999999998438,0.0064447827418298975,0.45321306774140324,14.091116296521642
14.999999999998437,0.00403555476715556,0.5104781221283523,11.005263224190703
15.004999999998436,0.003079238387607506,0.5401713981473457,12.611256374855015
15.009999999998435,0.003171434729330794,0.54069366642923,12.958792593283952
15.014999999998434,0.003925038721632075,0.5120291442336178,12.015668659601486
15.019999999998433,0.006344462944575311,0.45574054494369703,13.903128474309083
15.024999999998432,0.00842102425607543,0.3748839796563681,18.43949764062324
15.02999999999843,0.010042828848648135,0.27383785737272787,21.978951272833708
15.03499999999843,0.011122553083194497,0.20127596534901554,24.33545709792814
15.039999999998429,0.011602070950969176,0.18580304413092533,25.383153214783178
15.044999999998428,0.011455542407196224,0.15174904058463318,25.065662320131032
15.049999999998427,0.01069078910546085,0.21353459252092383,23.401483418946427
15.054999999998426,0.00934886283893412,0.3232359140897799,20.479045208596947
15.059999999998425,0.007501856171347035,0.4155667529450695,16.45329033351964
15.064999999998424,0.006443976562437799,0.48554701818696255,11.811888467077685
15.069999999998423,0.006251755100981551,0.5293985274589518,9.567134405804143
15.074999999998422,0.0059007435685750394,0.5447643852919738,6.368578087032845
15.079999999998421,0.005398417525110465,0.5308300302965046,5.7182971858388685
15.08499999999842,0.005210637762569148,0.48835089815272625,11.273355671672832
15.089999999998419,0.0074805507674268286,0.4196143037903656,16.22128207327208
15.094999999998418,0.009350387051833688,0.3283202099723946,20.296355453917165
15.099999999998417,0.010719622705270448,0.21937405140232105,23.282107974113206
15.104999999998416,0.011514601231841491,0.2080360509280286,25.020568896375174
15.109999999998415,0.011692452805680207,0.21225157012286255,25.41706667031299
15.114999999998414,0.011243417607633362,0.21103081987788103,24.4471812646927
15.119999999998413,0.010191420096663184,0.26866165485995336,22.16254086803898
15.124999999998412,0.008592809550057772,0.3707825637822248,18.685822700870435
15.129999999998411,0.0065333443256359374,0.4530035259865267,14.202562180850927
15.13499999999841,0.004735871944467851,0.5108874878671414,8.951022571395445
15.139999999998409,0.0054389581681596804,0.5412934845273178,5.863881669197498
15.144999999998408,0.006003717109467809,0.5425527508033282,9.199081684545886
15.149999999998407,0.006414227102221514,0.514566215458736,11.6219016319971
15.154999999998406,0.006658403747164988,0.45882098858050474,13.811146195727186
15.159999999998405,0.008385553439695308,0.37831372567204163,18.39175896765876
15.164999999998404,0.010024764454147114,0.27737068010869403,21.9854592576812
15.169999999998403,0.01112171339375749,0.1614088957354654,24.39925449161124
15.174999999998402,0.011616876812082745,0.18401627096934614,25.501715164719773
15.179999999998401,0.01148305819899586,0.20285443717286172,25.23444020489575
15.1849999999984,0.010726854047022871,0.21229774395980688,23.611090647269812
15.189999999998399,0.009388315172716731,0.3231178057626604,20.716934073872544
15.194999999998398,0.007538811382869693,0.4166837101761709,16.70942769153244
15.199999999998397,0.005277166999020287,0.48797404336361044,11.806705583444002
15.204999999998396,0.003233158286963726,0.5331720694905681,12.913268431194425
15.209999999998395,0.0032042664529910196,0.5498599712779281,12.757585292010742
15.214999999998394,0.002864378187067097,0.537136336622875,11.330990096980752
15.219999999998393,0.005282769807902347,0.49566392462279174,11.096855090407598
15.224999999998392,0.007591060683786323,0.42765242573081813,16.107744466382485
15.229999999998391,0.009502044610177961,0.33674114482585366,20.256767895604117
15.23499999999839,0.01091338467761175,0.2277948821476738,23.321737175668737
15.239999999998389,0.011749496315871107,0.17427808394013092,25.136306420971287
15.244999999998388,0.011965632193874481,0.13380568839482204,25.60177162335027
15.249999999998387,0.011550323959360604,0.14592787185082917,24.691208335092544
15.254999999998386,0.010526034848453525,0.26378777251201174,22.452751929381506
15.259999999998385,0.008947981334359369,0.36743363312566407,19.0055923160803
15.264999999998384,0.007418095696699307,0.4512837967370251,14.534473128464821
15.269999999998383,0.007069664312031732,0.5108322266135245,9.28489882213537
15.274999999998382,0.006552028478182252,0.5429059678778367,6.254542247963374
15.279999999998381,0.005879020065897976,0.545819389930391,5.539262967349109
15.28499999999838,0.005068402559189582,0.519449583726452,8.168693619007769
15.289999999998379,0.0059851856181011125,0.465251218088197,13.510652636294656
15.294999999998378,0.008113754017073234,0.38617614150066987,18.119377998716917
15.299999999998377,0.009795464395489185,0.28650800986572456,21.74787465526207
15.304999999998376,0.010940822981126513,0.22712364180018954,24.201159535342132
15.309999999998375,0.01148930744108404,0.22617430883049583,25.34966638282574
15.314999999998374,0.01141257387763261,0.21952923679536368,25.13439144444397
15.319999999998373,0.010715928312002012,0.20739573262120223,23.56747107695703
15.324999999998372,0.009438012967251715,0.31095969662225736,20.733831060798064
15.329999999998371,0.007648717176521392,0.4047586196698872,16.785738158254624
15.33499999999837,0.005445441611963919,0.4765516061531211,11.93145643503952
15.33999999999837,0.005705677765630171,0.5224587315030661,7.261987391047327
15.344999999998368,0.006191433759670511,0.5399983879460075,10.284529185873076
15.349999999998367,0.006514513844106504,0.5282348083028474,12.28441469945573
15.354999999998366,0.006668963584176012,0.48783052778395875,13.065936286664853
15.359999999998365,0.007191055622004447,0.4210023763625739,15.859449090500657
15.364999999998364,0.00907204043774701,0.33139154993446746,19.98488148074271
15.369999999998363,0.010460156422121324,0.22385484381526954,23.029800966937408
15.374999999998362,0.01128030995100496,0.19145251586698878,24.82950946389467
15.379999999998361,0.011488115895126686,0.20309552529463964,25.286793667182806
15.38499999999836,0.011072286727303341,0.19446074073944256,24.378521112955337
15.38999999999836,0.010055227658565131,0.26157615045545096,22.15294825328927
15.394999999998358,0.008491809048282102,0.363791293657774,18.7331090276408
15.399999999998357,0.006466358383968814,0.44638897206755823,14.305962336273575
15.404999999998356,0.004088060381721409,0.5049302288314242,12.958393438294344
15.409999999998355,0.002965587293342823,0.5362690030039433,12.337912664626916
15.414999999998354,0.002517215826146551,0.5387150209928184,10.483371479117599
15.419999999998353,0.0038295154794250386,0.5121320676336988,8.186619239463695
15.424999999998352,0.006254721491211587,0.4579503370809412,13.486072981639833
15.429999999998351,0.008347309572256554,0.3790848953370637,18.06010371591185
15.43499999999835,0.009994470853652787,0.27977961722144395,21.662007530336886
15.43999999999835,0.011107360479930217,0.16537623328953738,24.099346042426728
15.444999999998348,0.011625846739709384,0.12145821886237664,25.24383902453584
15.449999999998347,0.01152170587750082,0.11718827268638166,25.03331542654269
15.454999999998346,0.010800126524379982,0.20495712574278158,23.479688668346952
15.459999999998345,0.00949942388499944,0.3153239300094464,20.667033038319946
15.464999999998344,0.007689001269090827,0.408845116354014,16.74144149950789
15.469999999998343,0.005465702781723677,0.4804742785928644,11.910223396032862
15.474999999998342,0.004554993164362478,0.526328243839907,6.431362702784559
15.479999999998341,0.004111614370448895,0.5439034059305417,4.1656323500639125
15.48499999999834,0.004216802770724114,0.5322180930812549,5.272827273184324
15.48999999999834,0.004977407647815804,0.4918704075196103,10.866246951473935
15.494999999998338,0.007269585061587334,0.4250005579890211,15.88169286076232
15.499999999998337,0.009170016197966502,0.33517189656266244,20.049771709781933
15.504999999998336,0.010575917417844754,0.22718859138865014,23.143550359823912
15.509999999998335,0.011411000195852816,0.16488699208468893,24.99407826980472
15.514999999998334,0.011629648447067297,0.15700542922759742,25.49781738754372
15.519999999998333,0.011219463895658838,0.17456089459923443,24.623535374782577
15.524999999998332,0.010202006321397547,0.2622944284699251,22.418795519348347
15.529999999998331,0.00863164047074006,0.36585191179308274,19.004197809915606
15.53499999999833,0.006592584254923027,0.4497705745337472,14.563267286350884
15.53999999999833,0.004538726073548053,0.5095204451364432,9.336680954728065
15.544999999998328,0.004832404813151622,0.5418800690157338,11.266663138297107
15.549999999998327,0.005007398768995195,0.545105327598336,12.835606960939836
15.554999999998326,0.005061847291852403,0.5190292147002785,13.119878624528033
15.559999999998325,0.006272207877417611,0.46507616550103464,13.46783968442232
15.564999999998324,0.008400330680884093,0.3861729558855763,18.093444161761745
15.569999999998323,0.010082219637887465,0.28658262691578656,21.742687426155033
15.574999999998322,0.011227864173341198,0.20077656365604768,24.220288433874146
15.579999999998321,0.011776148347141439,0.20399294066277565,25.394393570659464
15.58499999999832,0.011698102956965923,0.18674723137290256,25.203654660931875
15.58999999999832,0.010998427095149609,0.20101370640194072,23.65917257000904
15.594999999998318,0.009715200012619569,0.31227712661008594,20.84619551324997
15.599999999998317,0.00791778834173094,0.40668754174538096,16.91797054086882
15.604999999998316,0.0057030703259706075,0.4791996645587714,13.05483284313135
15.609999999998315,0.003648711313453391,0.5259511755590244,11.866800358375388
15.614999999998314,0.003016192494741098,0.5444717380176126,9.484241252330634
15.619999999998313,0.002309903385362961,0.5338081155934994,6.147227856845814
15.624999999998312,0.004752485829813893,0.49456073941484496,10.639002333994881
15.629999999998311,0.00706102350742284,0.42885433162875386,15.643560780442167
15.63499999999831,0.008983738705379456,0.3402317475539092,19.805472849496514
15.63999999999831,0.010417990633648112,0.23346902375356585,22.89961667064181
15.644999999998308,0.01128745859395597,0.1527052006511846,24.76072868295152
15.649999999998307,0.011546214249558191,0.14151945161089638,25.29289471636128
15.654999999998306,0.011181127119324953,0.13521895396460407,24.468327618003695
15.659999999998305,0.010212535766385528,0.2522175872111745,22.33112568062547
15.664999999998305,0.008693158582802264,0.35553328622214403,18.995153923763205
15.669999999998304,0.006705259278676836,0.43962643542804436,14.642105758597639
15.674999999998303,0.004785213600047081,0.5000017097504977,9.508003970384177
15.679999999998302,0.004923170338418331,0.5334338109696688,5.179382373150594
15.6849999999983,0.004932512319834867,0.5381309541607602,6.40516796027338
15.6899999999983,0.004813491414958237,0.5138427783098998,9.710553574306722
15.694999999998299,0.005975542145106438,0.4618756277037203,13.057569142975712
15.699999999998298,0.008092781524470318,0.3850201240418501,17.684632321773037
15.704999999998297,0.00977384861121942,0.2874067106578047,21.360733031846006
15.709999999998296,0.010928053171715791,0.17427511354075317,23.891905814975612
15.714999999998295,0.011492946416753306,0.15352281566439976,25.145265811623702
15.719999999998294,0.011437644689448283,0.18901713082985427,25.04875813658744
15.724999999998293,0.010764549663471791,0.20553216215881628,23.60414570264046
15.729999999998292,0.009509304638051814,0.30666287517366647,20.886950369093118
15.73499999999829,0.0077389386491846296,0.4014835203732221,17.041307710729914
15.73999999999829,0.0055482950523977875,0.4747739183415336,12.274851476595284
15.744999999998289,0.0035379189542240398,0.5225703753433286,12.212821472272093
15.749999999998288,0.0035127332368590776,0.5422848549396428,13.193645448567123
15.754999999998287,0.0033867579323590257,0.5328437921838673,12.85445748464652
15.759999999998286,0.00486397387670942,0.494735608367761,11.22715445678587
15.764999999998285,0.007175790746653534,0.429991139609904,15.472999593413615
15.769999999998284,0.009105967006689216,0.3420793644043854,19.69171048879462
15.774999999998283,0.010550466829889499,0.2357205648757398,22.851809322664526
15.779999999998282,0.011431364721732968,0.19966716911195456,24.780979882970094
15.78499999999828,0.011701075325131238,0.17325225834298724,25.376197062631366
15.78999999999828,0.011344927949357583,0.1337045998071194,24.603902659279388
15.794999999998279,0.010381960147575609,0.2514825209056785,22.507265780145246
15.799999999998278,0.008863883194957022,0.35574826014176947,19.199029914292016
15.804999999998277,0.006872299712495899,0.4408851328426968,14.855719166079659
15.809999999998276,0.004514317782356656,0.5023076392130204,10.96157729095024
15.814999999998275,0.0024287156914976783,0.536722495745025,8.114363789781521
15.819999999998274,0.0028336751538580555,0.5423042433045117,4.462909381031299
15.824999999998273,0.0034335294722654974,0.5187777845368353,7.5906233001135925
15.829999999998272,0.0058990563232632935,0.467432955862304,12.94730816969945
15.83499999999827,0.008045276010103157,0.3910549188736597,17.603906625758956
15.83999999999827,0.009757307716960923,0.2937577638694618,21.31495537592103
15.844999999998269,0.010943628776073383,0.18077065977553256,23.879886261651638
15.849999999998268,0.011540975432936884,0.11223240975207828,25.161176460613028
15.854999999998267,0.01151775068354494,0.09569933127492208,25.08918581799789
15.859999999998266,0.010875753338191874,0.18934103541458078,23.664067257175024
15.864999999998265,0.009650123121753245,0.30091105116088146,20.96393904134619
15.869999999998264,0.00790744474517708,0.3961602994695993,17.135760282141757
15.874999999998263,0.005742132923879756,0.4699644290493484,12.385891549758485
15.879999999998262,0.00454396266586402,0.5183601240561373,6.97238645295746
15.88499999999826,0.004418431505933225,0.5387579913523641,7.866567268315879
15.88999999999826,0.004178602233202268,0.5300701460669827,10.75971277795845
15.894999999998259,0.004600658598761794,0.4927756570563916,12.574144598073522
15.899999999998258,0.006904854180616689,0.428902575685586,15.293335523772093
15.904999999998257,0.008831873159253848,0.341905015769294,19.505688442745413
15.909999999998256,0.010277846411681916,0.2364842852019451,22.662603784195074
15.914999999998255,0.011164919720173234,0.17074507701596942,24.59309501874825
15.919999999998254,0.011445477399551691,0.19786758503314494,25.193706836369994
15.924999999998253,0.011104711836214708,0.20515995073762047,24.431210142986323
15.929999999998252,0.010161419547088754,0.24713265675879803,22.34814900389713
15.93499999999825,0.008666970118756974,0.35064711457392667,19.05763412215519
15.93999999999825,0.006702522366952401,0.43513198614791937,14.736314507442605
15.944999999998249,0.0043746458212395225,0.49601863213725167,12.834933259502664
15.949999999998248,0.003328236718179084,0.5300212473507493,13.249112221417699
15.954999999998247,0.0038322024185190127,0.5353114108737032,12.339994813511456
15.959999999998246,0.004240207437626327,0.5116086422729891,10.197634228647964
15.964999999998245,0.0059005960415268845,0.46019551197451536,12.950781467030907
15.969999999998244,0.008010701293117154,0.3838465886616102,17.588787858131834
15.974999999998243,0.009687016488773128,0.28667948960079365,21.278051766195627
15.979999999998242,0.010838560149230719,0.1935636263435824,23.818554241221868
15.98499999999824,0.011402685435977307,0.15906302514489745,25.071779545125064
15.98999999999824,0.011348492925336516,0.1087849595883974,24.968734250512988
15.994999999998239,0.010678535644751526,0.1945937678612968,23.513115144924786
15.999999999998238,0.00942872505318148,0.3053304687667318,20.781565217250098
16.004999999998237,0.007666415679203166,0.39959328082460893,16.92355960590147
16.009999999998236,0.005486744053346003,0.47227536951827487,12.149275871565496
16.014999999998235,0.003007450822536481,0.5194419228055552,6.8324997104688405
16.019999999998234,0.0030326706482598593,0.5385470895427547,3.4320607165119
16.024999999998233,0.0031459859447593008,0.5285782138847924,4.912271514717923
16.029999999998232,0.004852035170436895,0.4901018675287679,10.478267027692253
16.03499999999823,0.007140336345248361,0.4252186023958383,15.475039025480218
16.03999999999823,0.00904698881997057,0.3374423874930611,19.635446935631457
16.04499999999823,0.010469367092675657,0.23150892158898617,22.73793942599949
16.049999999998228,0.011330927766453941,0.11311534792233488,24.619490040662058
16.054999999998227,0.011585234115374526,0.08741500146602123,25.1837724699126
16.059999999998226,0.011218372270426418,0.14205279045028854,24.399876038507607
16.064999999998225,0.010249694785738606,0.2521190642499856,22.306977811428823
16.069999999998224,0.00873082165555195,0.3554301878246904,19.017471618453953
16.074999999998223,0.006742899267976362,0.43973876720556176,14.705960133895303
16.079999999998222,0.004874456020285632,0.5005120695524022,9.60336080484134
16.08499999999822,0.004663933477441899,0.5344790833188285,9.324788945678979
16.08999999999822,0.004338005726054572,0.5397963218414404,11.87042966592003
16.09499999999822,0.003904898216972943,0.5161485266504371,13.224437154880677
16.099999999998218,0.005973084108321851,0.46478258058761557,13.25335255620329
16.104999999998217,0.008106131004478235,0.38843617787495677,17.59475144365203
16.109999999998216,0.009805189561299138,0.2911872448534195,21.30482176496376
16.114999999998215,0.010978766357222412,0.18718776837478646,23.87268677004502
16.119999999998214,0.011563544704028154,0.20709012099687235,25.15755655375537
16.124999999998213,0.011527850867614242,0.2062652895152533,25.08774943759317
16.129999999998212,0.010873417791107926,0.1918278308305646,23.66522298584691
16.13499999999821,0.009635314116251889,0.30341363911186026,20.969100326672297
16.13999999999821,0.00788002683600314,0.39870127298765484,17.145953223646334
16.14499999999821,0.005701865448894678,0.4725632818557486,13.298160829982054
16.149999999998208,0.0035565646872638247,0.5210246047350492,13.176244308753237
16.154999999998207,0.004021905951976415,0.5414935776749198,11.743422647044657
16.159999999998206,0.004386639410723636,0.5328975361465148,9.143888340438474
16.164999999998205,0.004695932852426728,0.49572460155993503,10.228846875450682
16.169999999998204,0.007015226585610622,0.43199289171364225,15.263837063067008
16.174999999998203,0.008958069879638035,0.3451444258973397,19.475549263454788
16.179999999998202,0.010420558112947632,0.23985086742651174,22.641874124877276
16.1849999999982,0.011324584382797827,0.14148187761435785,24.59461664029891
16.1899999999982,0.011621989282465014,0.08611861675369714,25.228311823810326
16.1949999999982,0.011297144279474982,0.1271403205493191,24.508744137239738
16.199999999998198,0.010367792922543593,0.24460022222324468,22.475216532331476
16.204999999998197,0.00888408579692678,0.34888262802349285,19.237745787768638
16.209999999998196,0.006925872958406932,0.43440250738446273,14.970205956619989
16.214999999998195,0.004598404631235289,0.4965848234842144,9.902720483281225
16.219999999998194,0.0020266616219469565,0.5321123802311406,4.308302215489621
16.224999999998193,0.0018443830948522719,0.5391008412704941,2.9845801599116677
16.229999999998192,0.003292125191830548,0.5172006627389185,7.247153612882204
16.23499999999819,0.005754167850454168,0.4676164007105506,12.586551198465452
16.23999999999819,0.007905796122954008,0.39303490828940385,17.246045769993952
16.24499999999819,0.009632081045573206,0.29747906075828984,20.97629324245245
16.249999999998188,0.010841006571614988,0.18609114965843357,23.578871197491047
16.254999999998187,0.011468375891097778,0.1088875308061824,24.914957412008224
16.259999999998186,0.011481230355325996,0.1582819396918762,24.91359081922848
16.264999999998185,0.010879573079269227,0.19173271772274578,23.579739395136738
16.269999999998184,0.009696288057331026,0.2923658907959793,20.987369731531285
16.274999999998183,0.007995327441922646,0.38801835536738744,17.2736160970328
16.279999999998182,0.005868301610553553,0.46279197718026804,12.635832628120065
16.28499999999818,0.004321365493465668,0.5126861975492295,10.282840733961493
16.28999999999818,0.004027988912198549,0.5350304316780902,12.353147413659899
16.29499999999818,0.003639891509891829,0.5286251680379096,13.190246452804702
16.299999999998178,0.004404917503166868,0.49381207377752934,12.70983528964704
16.304999999998177,0.006720605697682075,0.43246320402857297,14.792253783582337
16.309999999998176,0.008671456901256773,0.34787727740132346,19.042116867318185
16.314999999998175,0.010152669994434193,0.2446079598696573,22.265610145349186
16.319999999998174,0.01108475778835613,0.206000050783527,24.286710722864502
16.324999999998173,0.011417868096926326,0.19736487320195537,24.99736606520452
16.329999999998172,0.011134466014166384,0.16892850480299973,24.360539759552662
16.33499999999817,0.010250257275319285,0.2353056967059124,22.410619389639383
16.33999999999817,0.0088133260094168,0.3394668096550942,19.253825790034206
16.34499999999817,0.006901523663951043,0.42525412853122524,15.061101760418934
16.349999999998168,0.004618254187974398,0.4880536618594524,12.65043067133167
16.354999999998167,0.004064354497175834,0.5244940266499923,10.769759886496534
16.359999999998166,0.00435985693901869,0.5326249908993922,7.811673326777982
16.364999999998165,0.004544025201051364,0.5120144017017517,6.979187033472713
16.369999999998164,0.005606984037334139,0.46377478976177733,12.316657742517434
16.374999999998163,0.00774269860842207,0.3905110386734131,16.988842692828975
16.379999999998162,0.009459413646979255,0.296174976749476,20.74558207674668
16.38499999999816,0.010664470767699488,0.18584787153862728,23.38526000759376
16.38999999999816,0.011292782200544263,0.0872395787657281,24.76320796814309
16.39499999999816,0.011310354068596895,0.10525733931778622,24.806654422866888
16.39999999999816,0.010716104334151877,0.17925193939977763,23.514939585751364
16.404999999998157,0.009541894626831304,0.2904319435284618,20.95706206572324
16.409999999998156,0.007850802170662722,0.38600503893898547,17.272176098486987
16.414999999998155,0.005733709670945089,0.46083196094808604,12.658592705153833
16.419999999998154,0.003304415602559975,0.5108856664059803,7.362889478004305
16.424999999998153,0.0010797322146813382,0.5334648291647484,4.58334571674493
16.429999999998152,0.0019750488314417116,0.527343305755705,8.246351032663284
16.43499999999815,0.0045089238982797975,0.49283386408908875,11.08154651974365
16.43999999999815,0.006820441865848486,0.4317733229384063,14.737824782747223
16.44499999999815,0.008768467177048796,0.3474368015417346,18.99678377592223
16.44999999999815,0.010247959428435373,0.24436009901290887,22.233897235608957
16.454999999998147,0.011179083206395145,0.13083686182216592,24.274377501152493
16.459999999998146,0.011511523322634571,0.17432332313321386,25.00673363734555
16.464999999998145,0.011227223242209781,0.2003699870727918,24.390586690435292
16.469999999998144,0.010341372453503358,0.235733648987893,22.460206306849198
16.474999999998143,0.008901574419474563,0.3401855646236367,19.320559947449173
16.479999999998142,0.006985258742214662,0.42634070628034,15.141496715232883
16.48499999999814,0.005006878868792068,0.48956322791054735,11.267322293995747
16.48999999999814,0.0048507298741031785,0.5264557043346799,12.87156695066117
16.49499999999814,0.004582809937999357,0.535045361198171,13.192850470566677
16.49999999999814,0.004208068850574887,0.5148811332935704,12.197886193202656
16.504999999998137,0.0055779582718604725,0.46705524587588404,12.238279692640896
16.509999999998136,0.007730967676158225,0.39414851584323524,16.924412320419272
16.514999999998135,0.009466594749664223,0.3001023135591787,20.69406859320419
16.519999999998134,0.010691882770784297,0.2061278630104021,23.34169887492369
16.524999999998133,0.011341514340862092,0.18978059782964213,24.727565823717057
16.529999999998132,0.011381297738792286,0.15946950493214412,24.778877021262602
16.53499999999813,0.010809968882717336,0.17460516845980095,23.49264077458506
16.53999999999813,0.009659246516072405,0.2856837781981819,20.93880312076826
16.54499999999813,0.007992099837210827,0.3811748933464627,17.25764293854486
16.54999999999813,0.005899298804516289,0.4559455197313704,12.650607615418853
16.554999999998127,0.0036603246216069764,0.5059947595121768,9.619761491878686
16.559999999998126,0.004112794091114472,0.5286687760602553,6.3652868193885865
16.564999999998125,0.004633661771082692,0.5227957402863519,4.049732631888943
16.569999999998124,0.005054295245235104,0.48874181733355415,9.571836549230413
16.574999999998123,0.006542544650596477,0.42838967592916644,14.569020012525243
16.579999999998122,0.008476102725245667,0.345033553930526,18.773428786931643
16.58499999999812,0.0099466826690939,0.24319842360878013,21.960623341767583
16.58999999999812,0.01087565831341533,0.12839183411979924,23.96201245382576
16.59499999999812,0.011213655142589252,0.07629230176429412,24.671962174186042
16.59999999999812,0.0109431539554277,0.11500737241439592,24.05374581148229
16.604999999998117,0.010079406377229348,0.2304916588649517,22.139968768741003
16.609999999998116,0.008669584357188825,0.33343714915126915,19.038227345786844
16.614999999998115,0.0067901691891172735,0.4183289180773673,14.918480224653152
16.619999999998115,0.004542781084989451,0.48062632357378066,10.000481973912775
16.624999999998114,0.002048714790476619,0.5170001942313736,5.959018409644644
16.629999999998113,0.0022736848726879946,0.5255154485893792,9.233309599441025
16.63499999999811,0.0031356946829226365,0.5057326979496146,11.582312775973893
16.63999999999811,0.005546840819815992,0.45872575680774785,12.774113567725259
16.64499999999811,0.007661201493032111,0.3870185124787176,16.650256984849136
16.64999999999811,0.00936488186652307,0.2944536369176802,20.37569323956662
16.654999999998108,0.010565999511092045,0.18599342090991985,23.00839316353842
16.659999999998107,0.011199638152554762,0.1828703074407606,24.404160930361623
16.664999999998106,0.01123139592581001,0.2006191055816867,24.48422388893724
16.669999999998105,0.010659300917356871,0.19838276378318556,23.24383636511018
16.674999999998104,0.009513930896773123,0.28406893122532034,20.75210532174358
16.679999999998103,0.007856728169989044,0.37881215948832514,17.145185983459125
16.6849999999981,0.005776631111349028,0.4532266639676991,12.620615808291133
16.6899999999981,0.0056757233962280995,0.5033347263070431,12.829057332679554
16.6949999999981,0.005487262462779704,0.5264630051999113,12.610184406894188
16.6999999999981,0.005163341921056669,0.5213811973532011,11.129964455044387
16.704999999998098,0.00471227393975783,0.4883664317896825,9.344480657023082
16.709999999998097,0.006627136937159724,0.42918983413623085,14.326158404358088
16.714999999998096,0.008567687484088597,0.3470303846353345,18.5376213960012
16.719999999998095,0.01005100331264353,0.2462959467866519,21.75615374347267
16.724999999998094,0.010997699416571397,0.17129415395894132,23.809227057388153
16.729999999998093,0.011357145581812556,0.17543940252149784,24.585382331627944
16.73499999999809,0.011110179295246575,0.17768337588943323,24.046000568502432
16.73999999999809,0.010270089439260256,0.22585345645617566,22.22238763862531
16.74499999999809,0.008881854485592755,0.3294405250108365,19.212439783239876
16.74999999999809,0.007019723124883767,0.4154120192727748,15.176157921536198
16.754999999998088,0.004783266961016126,0.47917044627430083,10.327212879074786
16.759999999998087,0.0038239978546053817,0.5173040837039885,4.926242092800597
16.764999999998086,0.0044003537791015394,0.5277825841458491,4.4600044760740865
16.769999999998085,0.004865924925108733,0.5100567822712595,6.35547883377968
16.774999999998084,0.005353052474693134,0.4650704277672951,11.639062967806488
16.779999999998083,0.007503757033490417,0.395211395751636,16.304549838457806
16.78499999999808,0.009252278120173693,0.304197038921689,20.10119289352174
16.78999999999808,0.010504978006851056,0.1968829157492667,22.824456375448104
16.79499999999808,0.011194697408912555,0.0790048450753392,24.3267718941239
16.79999999999808,0.011284389410196341,0.11472805443080666,24.52638396074236
16.804999999998078,0.0107691327169886,0.16297463272127727,23.41225130304002
16.809999999998077,0.009676414483286886,0.27411266075941754,21.042959912217025
16.814999999998076,0.008064676792148994,0.37058241569575295,17.544942062317944
16.819999999998075,0.006020197513342743,0.4472092958267651,13.105809990087568
16.824999999998074,0.003652466687016486,0.49988303470375794,7.963685560710001
16.829999999998073,0.002544254265833734,0.5257740046614849,10.431274068935005
16.83499999999807,0.0029849195167361764,0.523487533671718,12.256785648687256
16.83999999999807,0.004076422331541882,0.49314949605324937,12.859961911095615
16.84499999999807,0.006400284103676182,0.4363952128004904,13.873789072004149
16.84999999999807,0.008381973406695045,0.3562805084070712,18.17209268536422
16.854999999998068,0.009915481398112729,0.2571226881600153,21.49103541345894
16.859999999998067,0.010918928695990735,0.19356834537557788,23.655547454069872
16.864999999998066,0.011338930699556972,0.2020347924694667,24.5491167682885
16.869999999998065,0.011153435658291298,0.19043588109749854,24.125746182462844
16.874999999998064,0.010372873893534782,0.21428211896103952,22.410066625324593
16.879999999998063,0.009039572192438103,0.31903856147764326,19.49251038131783
16.884999999998062,0.007225455515573507,0.4066081092682107,15.535308734909872
16.88999999999806,0.005499076978167196,0.47232876020405756,12.907097551759845
16.89499999999806,0.005356002042638174,0.5127083063733332,12.124667152588213
16.89999999999806,0.005088123529683999,0.5256043400035999,10.136597050619635
16.904999999998058,0.004701833826634157,0.5103432309086076,7.1393371801494405
16.909999999998057,0.005065383523637306,0.4677582314370228,11.170009526811542
16.914999999998056,0.007235137142074436,0.4001432159378476,15.875996672859142
16.919999999998055,0.009013301955160516,0.3111227092966,19.732205983640718
16.924999999998054,0.01030478221804689,0.2054693958579604,22.529119391816053
16.929999999998053,0.011040610824639774,0.16288410135302164,24.113820239689332
16.934999999998052,0.01118169636274179,0.16716859139387216,24.402131087348014
16.93999999999805,0.010720932015469095,0.16750697625719843,23.37789924557263
16.94499999999805,0.009683588303744401,0.26305957731919577,21.09476873383039
16.94999999999805,0.008125971552402673,0.3599871232175083,17.676249625495426
16.954999999998048,0.00613241229914233,0.43743657808664616,13.30353232216036
16.959999999998047,0.0038107759238581035,0.4912179720270643,8.209025254007335
16.964999999998046,0.003949911569308812,0.5184138735771966,4.214909961141642
16.969999999998045,0.004467889776497917,0.5175557021663495,5.045786011067992
16.974999999998044,0.0048810102132090995,0.4887036609376807,8.528212561083153
16.979999999998043,0.0061242109421700405,0.4334303010218244,13.5811314052599
16.984999999998042,0.00809460748605766,0.35472831653324016,17.899662390174516
16.98999999999804,0.009623563790167263,0.25685420511061413,21.249982178876778
16.99499999999804,0.010628442270458597,0.1450971870059274,23.452825062998873
16.99999999999804,0.011054896802798978,0.13646208928901096,24.39219936728166
17.004999999998038,0.010879769310087982,0.17616471610041626,24.0159002106622
17.009999999998037,0.010112345263009094,0.21143399581693395,22.343448910260985
17.014999999998036,0.008793857014392368,0.3159613036297674,19.467474214873253
17.019999999998035,0.0069952365843812874,0.4034868683746803,15.542751683092622
17.024999999998034,0.004813292000767366,0.46929096507090695,10.77888699539861
17.029999999998033,0.0036278558441604574,0.5098164014421341,11.401291913883643
17.034999999998032,0.0033199548594179265,0.5228568419497154,12.77127796813014
17.03999999999803,0.003200966384178695,0.50767716253657,12.872736200387223
17.04499999999803,0.005224349152377023,0.46506468433009496,11.693399670987693
17.04999999999803,0.007380220250168555,0.3972837547865361,15.92414095003207
17.054999999998028,0.009143315958548122,0.30795452856530575,19.807549538460826
17.059999999998027,0.010417881368402574,0.20187163537648625,22.625607737067888
17.064999999998026,0.01113441376543474,0.20253520201227188,24.22651703897345
17.069999999998025,0.011253428065449465,0.1832682389040025,24.524253707779508
17.074999999998024,0.010767585040553833,0.1572016065277622,23.502147531128628
17.079999999998023,0.009702090929844715,0.26899603775589453,21.215624960125243
17.084999999998022,0.008113340518842058,0.36650412664518206,17.787610595590575
17.08999999999802,0.006085882084452084,0.44447924711082465,13.402437590667107
17.09499999999802,0.004869618360581718,0.4987297706169048,11.519096055114183
17.09999999999802,0.004734443960805824,0.5263434890817159,9.07396245617129
17.104999999998018,0.004487594195029924,0.5258332029112998,5.724675969687497
17.109999999998017,0.00464078987899201,0.49721286273911397,8.496306026548847
17.114999999998016,0.006370905684471867,0.44199720976079293,13.589955164780056
17.119999999998015,0.008383688160663823,0.36311578071600703,17.962616453134995
17.124999999998014,0.009953361097576706,0.2647533940491597,21.382338213604733
17.129999999998013,0.010995583604431232,0.152135608692659,23.664775928996526
17.134999999998012,0.01145407612653745,0.1395806354735338,24.684907488135547
17.13999999999801,0.01130370239484936,0.1416654144797369,24.384009701825484
17.14499999999801,0.010551911646228916,0.20930540662311561,22.77379581739433
17.14999999999801,0.009238417162878368,0.3160923867171155,19.940996220206497
17.154999999998008,0.007433093598073678,0.4060370392047757,16.036864774858383
17.159999999998007,0.005232255373200188,0.4742982507446392,11.267619841087601
17.164999999998006,0.002753542538241075,0.5171868832390272,5.887833156667905
17.169999999998005,0.003146239410636769,0.532372175099155,6.537941894877427
17.174999999998004,0.0035321271694958812,0.5190084837743205,9.640087866338499
17.179999999998003,0.004990775019889938,0.47777882226649293,11.771588357905884
17.184999999998002,0.007212390368913558,0.4108673173429739,15.804497483594139
17.189999999998,0.009044186805243312,0.3218512571889437,19.801926578018687
17.194999999998,0.010387566277900514,0.215500531873948,22.738363547980548
17.199999999998,0.011170101749174396,0.15269285157743012,24.456386547355113
17.204999999997998,0.011349430811773762,0.18491542966516492,24.86188874523595
17.209999999997997,0.010915571194605674,0.19860279942773212,23.930024724969915
17.214999999997996,0.009891509494888056,0.26186286461568037,21.710395012752915
17.219999999997995,0.008332005487910679,0.3619387381752833,18.319954411089075
17.224999999997994,0.0063207058130124736,0.442581131784016,13.937003032404673
17.229999999997993,0.004932484742366858,0.4994157995949233,11.92179403292384
17.234999999997992,0.004553169405345758,0.5293503326184164,12.715127427959462
17.23999999999799,0.0040471028444151215,0.5307488462344501,12.235071502226495
17.24499999999799,0.003842110251960516,0.5035153373096873,10.528743980840824
17.24999999999799,0.006223632342189817,0.44909349878205346,13.492875512174017
17.254999999997988,0.008272379069566863,0.3704051921687822,17.982447133135217
17.259999999997987,0.00987762988217541,0.2716951328746507,21.501576584518265
17.264999999997986,0.010952613639113942,0.18925709299407492,23.857128605034166
17.269999999997985,0.011439250245722845,0.18351508160434016,24.919710258158307
17.274999999997984,0.011311324985320214,0.17931521476952123,24.633349600498885
17.279999999997983,0.010575909273084537,0.20663990799042986,23.0120628341353
17.284999999997982,0.009272980820915811,0.3145314728770714,20.14456312052226
17.28999999999798,0.0074732328031732725,0.40536773421995925,16.18994141663366
17.29499999999798,0.0052741619115878316,0.47426062241423583,11.367213861077516
17.29999999999798,0.005291366482343202,0.5175304554763529,7.3136459683874975
17.304999999997978,0.005692412627720741,0.5328921557006665,5.657900413452936
17.309999999997977,0.005952889657681119,0.5195561666214586,5.985305968351937
17.314999999997976,0.0060646957912217775,0.47825912902420514,10.980458681262517
17.319999999997975,0.007180773706003005,0.4112378109768384,15.828068537684798
17.324999999997974,0.009014160728866195,0.3221169981684533,19.820256585670084
17.329999999997973,0.010358735489057925,0.21571290590825062,22.741380318411885
17.334999999997972,0.011142432636065127,0.11100266060155836,24.437400887034634
17.33999999999797,0.011323396060536171,0.13581819864308378,24.82121351330823
17.34499999999797,0.010892176849521073,0.1572858803608749,23.869393764135747
17.34999999999797,0.009872273609876659,0.2608541945579495,21.629443539115005
17.35499999999797,0.008318936423291234,0.3604806800762336,18.221150668199435
17.359999999997967,0.006316213889502031,0.4406083334394647,13.829910677093705
17.364999999997966,0.003972386069053134,0.49692279474011425,8.695873843166545
17.369999999997965,0.002061007986144221,0.526407116860643,7.931608469042527
17.374999999997964,0.0025755145794252904,0.5274951074269879,10.55824717060908
17.379999999997963,0.0037898174594619576,0.500154168090727,12.124031542206804
17.384999999997962,0.006154925532714562,0.4458890612103349,13.432325796159892
17.38999999999796,0.00818877111642279,0.3676491722729734,17.863629778785384
17.39499999999796,0.00978206110839019,0.26966682451400037,21.329309324804715
17.39999999999796,0.010849323472045463,0.16679735708553473,23.64217210154942
17.40499999999796,0.01133350414324146,0.19003368587332,24.679417265584487
17.409999999997957,0.011209008027871354,0.19420038676534807,24.387279217862023
17.414999999997956,0.01048303175545578,0.20415791528790747,22.782849425970635
17.419999999997955,0.009195125897835653,0.3110044277601537,19.95575556292877
17.424999999997954,0.007415003970527642,0.40104434316306636,16.06021059823706
17.429999999997953,0.005409590143048156,0.46946293791649546,12.25603179292422
17.434999999997952,0.004812670760895923,0.5126181598393882,12.442727909391174
17.43999999999795,0.004085147096446513,0.5282251137228401,11.381506971723603
17.44499999999795,0.003246123831289644,0.5154659470936094,9.180980991745647
17.44999999999795,0.004904055220356185,0.4750350160459033,10.78078568003175
17.45499999999795,0.00711438920966241,0.4090985796766057,15.593788867687936
17.459999999997947,0.00894010935561744,0.32118947870542197,19.569851520786266
17.464999999997946,0.010283175421020335,0.21603694745574725,22.49116097908454
17.469999999997945,0.011071553040568305,0.20211133535527948,24.19797785783629
17.474999999997944,0.011263124879356136,0.19061915922327968,24.601808226869174
17.479999999997943,0.010847910208856622,0.17404044683867526,23.684247174404877
17.484999999997942,0.009848524832513606,0.2563536471857195,21.49701035928552
17.48999999999794,0.008318882584698366,0.3555032519403891,18.16283154258316
17.49499999999794,0.00634123616068524,0.43555531766487765,13.857994747212892
17.49999999999794,0.0061705741234029865,0.4922264061154145,8.810440633002319
17.50499999999794,0.006428210177965758,0.5224733042332961,6.690635373206349
17.509999999997937,0.006519673748815878,0.5246590010086905,6.772682931725968
17.514999999997936,0.006442930079967755,0.49865096308834633,7.989175264145157
17.519999999997935,0.006200348444567491,0.4458348608088578,13.137265647650718
17.524999999997934,0.008089476036607557,0.3690404907431544,17.580482378631256
17.529999999997933,0.009693051587351655,0.27238972955449814,21.079822096832082
17.534999999997932,0.010776716867768045,0.16107638261206736,23.44551668014118
17.53999999999793,0.011282130830602605,0.17029187418061661,24.54935535598224
17.54499999999793,0.011182055334901669,0.18684876560665878,24.334085973578002
17.54999999999793,0.010481800338053147,0.19898259793727752,22.81119288047935
17.55499999999793,0.009218924710888357,0.3061676529286495,20.062829116070347
17.559999999997927,0.007461204359057582,0.39692048780367517,16.238304833940678
17.564999999997926,0.005302967445510558,0.4663742776151533,11.54321109065119
17.569999999997925,0.002860012888070708,0.5108075453608075,9.279575213962426
17.574999999997925,0.0030556592043815504,0.5278432540658117,11.451343249579873
17.579999999997924,0.003898859493262782,0.5165762099501593,12.481408582210856
17.584999999997923,0.004833160839850463,0.47762301777578436,12.266882665475677
17.58999999999792,0.007059929754109027,0.41308454792766064,15.325116190151826
17.59499999999792,0.008908702018989282,0.32642435802445735,19.338959771130227
17.59999999999792,0.010280471092080532,0.222283271212054,22.317474953831997
17.60499999999792,0.011101783337654885,0.1962601583086295,24.099182723912804
17.609999999997918,0.01132870342578246,0.1917898409924332,24.58690478983107
17.614999999997917,0.01094918940112843,0.16819440873946281,23.756465741485822
17.619999999997916,0.009983713230986633,0.2498584499617751,21.654107005244256
17.624999999997915,0.0084841262596049,0.3499763385909311,18.393048446418973
17.629999999997914,0.006530840946181663,0.4313377867783802,14.151530828561388
17.634999999997913,0.004228483687247964,0.4896051167951187,12.27337560843904
17.63999999999791,0.0033671782479395133,0.5216700328206053,10.724060435533529
17.64499999999791,0.002864287296379181,0.5258280908161277,8.108351913612992
17.64999999999791,0.0034876933203878014,0.5018694389857873,7.5761186982848
17.65499999999791,0.00587007021786617,0.4510813200055806,12.739128893798334
17.659999999997908,0.007938238372817655,0.3761859419750309,17.21902231842219
17.664999999997907,0.009581703919686931,0.28120027677269316,20.775243762513796
17.669999999997906,0.010712769342374437,0.17773334561000045,23.214510025636958
17.674999999997905,0.011271256930394675,0.1637729827658311,24.408189732979015
17.679999999997904,0.011227696214838184,0.1459259595570556,24.296839080685707
17.684999999997903,0.01058484779367388,0.187545939337349,22.88416500290372
17.6899999999979,0.009377548221997906,0.29537388933305125,20.247014995378088
17.6949999999979,0.0076708179258024945,0.3873182291451279,16.530720929453345
17.6999999999979,0.005800971903520339,0.4584916865687699,11.938662040003976
17.7049999999979,0.005958972704198396,0.5051382312633177,6.719955837815547
17.709999999997898,0.0059712385904232305,0.5248165683634981,5.855340576260732
17.714999999997897,0.005837996459757635,0.5165111451596642,6.989559301075835
17.719999999997896,0.005562957663509264,0.4806798432053621,9.87170010733305
17.724999999997895,0.006773732000629766,0.41922679230667564,14.722247861544314
17.729999999997894,0.00866030493311678,0.3354023806881462,18.807516785868238
17.734999999997893,0.010082917026153021,0.23364245652636165,21.896452878846464
17.73999999999789,0.010965408432301245,0.1558369824257319,23.818887358525053
17.74499999999789,0.011260365026319804,0.16867208419070556,24.47134234485381
17.74999999999789,0.01095170122561515,0.18443813217291938,23.817691107485427
17.75499999999789,0.010055588399644254,0.23635107843201061,21.88511948277786
17.759999999997888,0.008619702178411875,0.33800341006095314,18.7758131688
17.764999999997887,0.006720733266743875,0.42158415460626353,14.65648464932478
17.769999999997886,0.004460287477510624,0.4825941610870558,9.992224494409184
17.774999999997885,0.00289493812791691,0.5177407158952377,11.828022479862975
17.779999999997884,0.0034982434918575836,0.5251119711860768,12.487743108643446
17.784999999997883,0.004126282208795365,0.5042797562391372,11.907093569260045
17.78999999999788,0.005622656010917818,0.45631834764350376,12.2142793234226
17.79499999999788,0.007722832501997668,0.38375224878845415,16.812160218597878
17.79999999999788,0.009408294020906115,0.2904323587749389,20.515795786809083
17.80499999999788,0.010587707536104735,0.1958718273295158,23.12392880135961
17.809999999997878,0.01119676839000686,0.18629112195349157,24.492772417914956
17.814999999997877,0.011201748799244028,0.15830636396694572,24.54339750920764
17.819999999997876,0.010601436322741669,0.1798258600394804,23.267294281998222
17.824999999997875,0.009427320522386862,0.2898204601024524,20.730545743191488
17.829999999997874,0.007741976290051626,0.38431723283165664,17.068163348490998
17.834999999997873,0.0056357125305713926,0.4581882709604551,12.480251903028938
17.839999999997872,0.0036300742732202473,0.50743219771507,9.994765347182337
17.84499999999787,0.0031635684297702904,0.529384875738752,7.178578932692231
17.84999999999787,0.002630958954610277,0.5228559155186323,4.1753364987036665
17.85499999999787,0.004528598378697325,0.4881901148022099,9.690983787865655
17.859999999997868,0.006817172850150994,0.4272396737792771,14.689192621308027
17.864999999997867,0.00874342346564295,0.3432605724175219,18.90244792339474
17.869999999997866,0.010203436401330314,0.24074460185743637,22.103940300640364
17.874999999997865,0.011118228459421219,0.1487089487170871,24.125011890761908
17.879999999997864,0.011437969408937352,0.1400498089017201,24.85421328980306
17.884999999997863,0.011144701591197776,0.12778302471061187,24.24796429054974
17.889999999997862,0.010253389121906646,0.23649370219310373,22.337002377350313
17.89499999999786,0.008811188992434257,0.3403863495958643,19.22005658375478
17.89999999999786,0.006894994368184858,0.42609150010391184,15.06200361946487
17.90499999999786,0.004714508201848319,0.4889594241197055,10.085165986853076
17.909999999997858,0.0047944019517340885,0.5255678830520195,4.932012564343906
17.914999999997857,0.004763260027060982,0.5339131188414601,7.797172095617995
17.919999999997856,0.004699157024286133,0.5135209281846758,10.360828370654321
17.924999999997855,0.005643729466385922,0.46547532532878555,12.281488149939078
17.929999999997854,0.007788307736998163,0.3923559829161291,16.966248815124157
17.934999999997853,0.009514432377316789,0.2980938732113358,20.738595066793977
17.939999999997852,0.01072904417665157,0.18775084652258744,23.398615608706297
17.94499999999785,0.011366512131445832,0.1628759332612598,24.80718884228061
17.94999999999785,0.011392107005217398,0.18571159927075243,24.88669967036794
17.95499999999785,0.010803886036501995,0.18985767915382534,23.629946614902888
17.959999999997848,0.009632862380827134,0.2901194606702831,21.101837013343154
17.964999999997847,0.007941406522697762,0.3864628825814808,17.43553175113672
17.969999999997846,0.005819950548038897,0.4621195072820832,12.82711812910483
17.974999999997845,0.0033821457169046277,0.5130024251716454,12.001163094180018
17.979999999997844,0.0029323052555438613,0.5363654285754957,12.195135312298934
17.984999999997843,0.0030751973001677695,0.5309441835973278,11.168609041987095
17.989999999997842,0.004479459310836657,0.49702036157928803,9.58187848112908
17.99499999999784,0.006813031566083817,0.436408540519596,14.662849942748243
17.99999999999784,0.008784950175774587,0.352358903356729,18.957004922399292
18.00499999999784,0.010289301094551714,0.24938146415413462,22.23397075863939
18.009999999997838,0.011245257245136945,0.17357201246677909,24.31821647102924
18.014999999997837,0.01160144188996016,0.13914596841649005,25.093037221228645
18.019999999997836,0.011338751588146576,0.11454898257475901,24.515700548405395
18.024999999997835,0.010471416138272138,0.2323851973750235,22.618785371701414
18.029999999997834,0.009046223644760033,0.3376918000298306,19.50385569022234
18.034999999997833,0.007139991862162973,0.4248009130090094,15.339789501449864
18.039999999997832,0.0048554269619025744,0.4890250470951694,10.34986413301465
18.04499999999783,0.003386660345642178,0.5269148857111835,5.623860549089554
18.04999999999783,0.0028791265154885204,0.5364584651000373,2.5643776262972895
18.05499999999783,0.002976948683606478,0.5171785094860769,6.723342687734586
18.059999999997828,0.005445274512860687,0.4701518222156275,12.087332220445584
18.064999999997827,0.007615532830419759,0.3979515048080197,16.792794742598165
18.069999999997826,0.009371650491396398,0.30449555958265134,20.589583347549983
18.074999999997825,0.010619981501912705,0.1948368446238826,23.273902635958454
18.079999999997824,0.011294306943042346,0.13069127154979765,24.70350248240385
18.084999999997823,0.011359353473727699,0.12346297383760362,24.803718070324006
18.089999999997822,0.010812636132922118,0.16981221676839944,23.57128081550175
18.09499999999782,0.009684534775067696,0.28142832637337917,21.075163026491076
18.09999999999782,0.008036604778933963,0.3777436720801277,17.450975256209116
18.10499999999782,0.005958220049033217,0.45361021988018874,12.895643863815884
18.109999999997818,0.004462783486556709,0.5049890068469629,7.655870922894135
18.114999999997817,0.004462101652064464,0.5291583530723892,8.893665611259175
18.119999999997816,0.004548975388391294,0.5248564422806639,10.984136045164805
18.124999999997815,0.004532967265540802,0.49235603374645115,11.968057836880329
18.129999999997814,0.006516221758855517,0.4334468313824768,14.296149415871724
18.134999999997813,0.008478170733744069,0.3513327585729604,18.549479707935504
18.139999999997812,0.009982660920360353,0.2504633160735658,21.79829729182321
18.14499999999781,0.010949550322612486,0.17175827418590855,23.8700512066857
18.14999999999781,0.0113277161161622,0.18584525187299927,24.657377687196483
18.15499999999781,0.011097728131490745,0.18117148796055232,24.11979793431255
18.159999999997808,0.010272835557518041,0.22298796312791147,22.28776073238226
18.164999999997807,0.008898224985497704,0.32685626568023507,19.259560288548062
18.169999999997806,0.007048587277701119,0.4129988174384146,15.197460414724459
18.174999999997805,0.004824103486132419,0.47679469918908446,12.01763765951531
18.179999999997804,0.0027854520523909352,0.5148295476149647,11.648482743920544
18.184999999997803,0.0031414093081702753,0.5250764819476641,10.111890243106416
18.189999999997802,0.0035667845533893356,0.5070047963328842,7.56039161438179
18.1949999999978,0.005256455192791191,0.4616071205894197,11.724669403202673
18.1999999999978,0.0073888309577343604,0.3913431853878662,16.380904677419363
18.2049999999978,0.009117216217631742,0.3000109185711011,20.152002049287415
18.209999999997798,0.010348605146369993,0.19254465292421022,22.834504209469877
18.214999999997797,0.011016838392052995,0.11607019924596987,24.28389882061675
18.219999999997796,0.011086159528606095,0.0880629786208073,24.423635610085032
18.224999999997795,0.010553116050799565,0.166197200394861,23.24716825675811
18.229999999997794,0.009446704043497879,0.27636760252582276,20.820992595627526
18.234999999997793,0.007826765368926503,0.3716078673027415,17.275113315140704
18.239999999997792,0.005780766652302758,0.44679161934677386,12.798387502472854
18.24499999999779,0.004250275203770897,0.4978668348353077,7.631698692941088
18.24999999999779,0.0037740784027210463,0.522081873742621,3.63528416845234
18.25499999999779,0.003207593083027007,0.518139701515123,3.6311857609836995
18.259999999997788,0.004242313780144671,0.4862637334461801,9.119201466593722
18.264999999997787,0.006528431667402843,0.42818342145710814,14.11292332903562
18.269999999997786,0.008466484820305688,0.34703783970404617,18.34530937218991
18.274999999997785,0.009952059899119712,0.24719219182157592,21.59294978079905
18.279999999997784,0.010905057117079637,0.1579689045632586,23.681248802871366
18.284999999997783,0.011273967364079776,0.1540728053997354,24.49846796702801
18.289999999997782,0.01103863980413309,0.15409565490079893,23.999864374568762
18.29499999999778,0.010211387372836193,0.22321254510243307,22.209782699872303
18.29999999999778,0.008836343248865194,0.3268051044859789,19.22724105354689
18.30499999999778,0.006987057245937813,0.41290929668498905,15.214435826057887
18.30999999999778,0.004762507314811067,0.47691067576572826,10.386115806238305
18.314999999997777,0.00472027043996968,0.5153814069985052,10.038769813141739
18.319999999997776,0.0049625830069477475,0.5262613068051871,11.688450844346248
18.324999999997775,0.005083589620714526,0.5089677197122936,12.170646149252686
18.329999999997774,0.005343916893379956,0.46443814047879506,11.544613620442181
18.334999999997773,0.007492687949652038,0.39507028203005623,16.202529759053938
18.339999999997772,0.009241812275185364,0.3045794481832894,19.993803779653515
18.34499999999777,0.010497778519430737,0.19780704951487063,22.715155687714905
18.34999999999777,0.011193465372734433,0.19102860927158694,24.2205873955887
18.35499999999777,0.011291749527672168,0.17845960063604902,24.42810125966577
18.35999999999777,0.010787527035123179,0.16053496718808066,23.324273682959724
18.364999999997767,0.009708044510591922,0.27125804262443115,20.96495649158142
18.369999999997766,0.008111481755680234,0.3673670593402574,17.478650194749857
18.374999999997765,0.006083813767154962,0.4437001360698685,13.054580497095305
18.379999999997764,0.0037341628692125145,0.49616022310713065,11.34537926307939
18.384999999997763,0.0023303002404432708,0.5219384170459256,9.352086241480933
18.389999999997762,0.0024476136305216214,0.5196689145857397,6.428489437009914
18.39499999999776,0.003937980991470636,0.48948265790286444,8.784878431367819
18.39999999999776,0.006244169269775427,0.4329926534190712,13.811123362149981
18.40499999999776,0.008209694955153923,0.3532176207323445,18.098889712541414
18.40999999999776,0.009728810739478953,0.25442869299768084,21.416681381324935
18.414999999997757,0.010719691138226135,0.14192346650120038,23.585409217268243
18.419999999997756,0.011128834087070511,0.08345362860924446,24.490492168591445
18.424999999997755,0.010933933084342665,0.09969411412769451,24.08063869710889
18.429999999997754,0.010145127578273266,0.21582808830007127,22.37295097184279
18.434999999997753,0.008804517920945682,0.32041577463097376,19.462123560519128
18.439999999997752,0.006983897953913033,0.40783221218210125,15.504451459932627
18.44499999999775,0.004780898539808711,0.4733675534596462,10.70968505108587
18.44999999999775,0.0032558417473226102,0.5134813816806334,5.335846237309318
18.45499999999775,0.0026662382292529296,0.5259936749683884,5.129617266493368
18.45999999999775,0.0028754005172544105,0.5102019560676241,8.374545895355322
18.464999999997747,0.005318219494163353,0.4669256346959738,11.324769910561875
18.469999999997746,0.007481695709412698,0.3984648514037826,16.05954340631521
18.474999999997745,0.009249062989866986,0.3084820607779471,19.933572844019803
18.479999999997744,0.01052475807985242,0.2017959752162373,22.74086138066502
18.484999999997743,0.011239549751924132,0.14962007131338073,24.329251260849514
18.489999999997742,0.011354269137889485,0.17109474579098394,24.61220187465762
18.49499999999774,0.010861952227239922,0.19132127831025839,23.572152448225577
18.49999999999774,0.0097882611451446,0.2707826078046203,21.263360660216637
18.50499999999774,0.008190138692302727,0.368466373332143,17.810145550793262
18.50999999999774,0.006152773357858162,0.44647976044570015,13.395209294630218
18.514999999997737,0.004933515720858198,0.5006033522199659,10.960857625294622
18.519999999997736,0.0050400108400787446,0.5278910351256328,12.212561190516993
18.524999999997736,0.005016064957243208,0.5268378333124563,12.25062794928409
18.529999999997735,0.004862745671545366,0.4974827138694766,11.065377950292396
18.534999999997734,0.006331000246556128,0.4413998122650587,13.773239337036769
18.539999999997733,0.008338499993303952,0.3616000864340886,18.146650995351983
18.54499999999773,0.009898430293915053,0.26237203381036517,21.544570054138262
18.54999999999773,0.010926974797046164,0.19062894042148407,23.785936493173693
18.55499999999773,0.011368856894696957,0.17121753577755125,24.749541836369303
18.55999999999773,0.011200320593660681,0.1507497134616964,24.381923624022942
18.564999999997728,0.010430441109194557,0.21283020175371123,22.701520264364483
18.569999999997727,0.009100673286509936,0.31907692732014825,19.797169962211246
18.574999999997726,0.007282647104681029,0.40813354541142965,15.82547727430205
18.579999999997725,0.005074300795111098,0.4752049784165616,11.00309592775126
18.584999999997724,0.002594556427010193,0.5166927688238215,8.504256518254177
18.589999999997723,0.00279650821343592,0.5303836849609683,5.26262466822633
18.59499999999772,0.0033830551812888657,0.5155591020472264,5.814179385202629
18.59999999999772,0.005109465689216398,0.47303050365049076,11.19725997349202
18.60499999999772,0.007304783889913431,0.4050967766283409,15.97623083536849
18.60999999999772,0.009106094187468442,0.31542734239367864,19.891542858497225
18.614999999997718,0.010416838478867468,0.20887037416594317,22.731244432597926
18.619999999997717,0.011166951193570782,0.09117471171538873,24.347020547624865
18.624999999997716,0.011316574498216065,0.07753571957285055,24.65302008144153
18.629999999997715,0.010858148576936738,0.15204497865445993,23.634815437433613
18.634999999997714,0.00981677765183382,0.2645033913867158,21.348549655469682
18.639999999997713,0.00824886465424858,0.3626618076473937,17.914816848802293
18.64499999999771,0.0062391011807759736,0.4412435817416661,13.517892788907384
18.64999999999771,0.004146916852049423,0.4960207786065199,8.39298595703455
18.65499999999771,0.004026884907991454,0.5240359252875417,6.451256551802737
18.65999999999771,0.0038029801036287337,0.523769218361888,9.449778153295604
18.664999999997708,0.0038212131885636794,0.4952303214823817,11.50431383427318
18.669999999997707,0.006159155658646308,0.4399466665506897,13.617658706510394
18.674999999997706,0.008161234248163276,0.36088476925611424,18.007100211320513
18.679999999997705,0.009719217127349192,0.26230838241826543,21.423454523819842
18.684999999997704,0.010748849913168665,0.14954473190953246,23.682005679674315
18.689999999997703,0.011194424613633623,0.17976133369194866,24.661827773557853
18.6949999999977,0.011031774587536578,0.1931068129304276,24.310295023134685
18.6999999999977,0.010269567231637581,0.2111377836443312,22.646754948489146
18.7049999999977,0.00894881553354797,0.3171628955915237,19.76328983038874
18.7099999999977,0.0071406334428814324,0.4061099406751067,15.815528203045258
18.714999999997698,0.004942387230128331,0.47318854442615266,11.563105179782204
18.719999999997697,0.0044990939764399974,0.5147814623714629,12.348128579606776
18.724999999997696,0.004422031829725486,0.5286321486279916,11.894309712054323
18.729999999997695,0.004716576478594971,0.5139762092653025,10.249764553969587
18.734999999997694,0.0052065219711239594,0.47159549554533636,11.17088912105037
18.739999999997693,0.007394939001850529,0.40377131674530997,15.958782398960803
18.74499999999769,0.009189761177633675,0.31415755356796293,19.886722871978783
18.74999999999769,0.010494096668049341,0.2075766425983149,22.745641515881356
18.75499999999769,0.011237421986261917,0.1574801827570652,24.383621648756915
18.75999999999769,0.011379334994491808,0.12100111104243716,24.71308478383865
18.764999999997688,0.010911724469155101,0.15405592873992247,23.713974154225586
18.769999999997687,0.009859254120036472,0.2669322109075386,21.43653871282185
18.774999999997686,0.00827809511458867,0.36553139127159584,18.003133432801835
18.779999999997685,0.006252938490684835,0.4445312582899552,13.596813374542522
18.784999999997684,0.0038924739321054467,0.4996545651418202,8.452509366203921
18.789999999997683,0.001967412006429805,0.5279104807211842,3.7403266657216165
18.794999999997682,0.002414273438262726,0.5277739527827663,2.904468040909057
18.79999999999768,0.0038832627884498026,0.4992712560724446,8.496610643219825
18.80499999999768,0.006241350939334101,0.4439640042812949,13.626290073240563
18.80999999999768,0.008263372139983108,0.3648444759783254,18.021521247947884
18.814999999997678,0.009840916578706995,0.26617329951124313,21.446949338885894
18.819999999997677,0.01088950973158185,0.1532639616387077,23.716785810129245
18.824999999997676,0.011353168570090813,0.11097457248778653,24.70896933940206
18.829999999997675,0.011207412855773992,0.11790105965705695,24.37160396319669
18.834999999997674,0.010460548472342932,0.20824389388081815,22.725209792486677
18.839999999997673,0.009153159966137789,0.31471150860125013,19.861836095687007
18.844999999997672,0.007355859518662606,0.40420867038883845,15.937028619349077
18.84999999999767,0.005778293943780153,0.4719523506332426,11.160443478413134
18.85499999999767,0.005570260834535008,0.514318916029788,7.712562456009442
18.85999999999767,0.005220867039192898,0.5290397052204215,10.311471967484039
18.864999999997668,0.004738473454767812,0.5153265651080596,11.880419732948203
18.869999999997667,0.004992634100583266,0.47391370332659216,12.263988569816982
18.874999999997666,0.007194984621803174,0.40702650516138966,15.777123594487286
18.879999999997665,0.009008212805795848,0.31826476843569557,19.727571095791077
18.884999999997664,0.010334869539242845,0.2123979249431144,22.619166301242316
18.889999999997663,0.01110363110263029,0.1862388345917791,24.29732351125619
18.894999999997662,0.011273103771430726,0.19129194539555236,24.672409810171022
18.89999999999766,0.010834049596100181,0.18465539192235284,23.72215192936277
18.90499999999766,0.009809926395431899,0.26134524302679507,21.494330385145528
18.90999999999766,0.00825568518787568,0.36035123999570534,18.108068402419416
18.914999999997658,0.006254840019163608,0.4399868274891404,13.746166594955241
18.919999999997657,0.004241880149676625,0.49596557354626075,12.225091923494725
18.924999999997656,0.004822190646559416,0.5252756249319406,11.270030213196886
18.929999999997655,0.0052775826673096176,0.5263275740410045,9.193500511728102
18.934999999997654,0.005596414012876414,0.4990413996100726,8.256560689619944
18.939999999997653,0.006190338846595118,0.44486437455589944,13.41424933204979
18.944999999997652,0.008219263319621643,0.36670541465472767,17.84933462841964
18.94999999999765,0.009807965955443818,0.2687756396741557,21.322575363810042
18.95499999999765,0.010870765503715655,0.15634417963458844,23.650008652017824
18.95999999999765,0.011350255866779308,0.09507660541442105,24.706876965467877
18.964999999997648,0.011220382407986458,0.11942507237620942,24.434448914090908
18.969999999997647,0.010487881758479903,0.20559891069461092,22.844575720547418
18.974999999997646,0.009191974912889943,0.312763827541384,20.0213910181627
18.979999999997645,0.007402288316495204,0.4031108110165265,16.11740237189502
18.984999999997644,0.005215115068688682,0.4717584881061012,11.341668463935413
18.989999999997643,0.002748239551997379,0.5149917185704408,5.951623721800716
18.994999999997642,0.001041360154482042,0.5304690345023716,1.598582223568199
18.99999999999764,0.002484952345876519,0.51734697157442,5.488127822152418
19.00499999999764,0.00496914338156515,0.4763294427010534,10.918883727194599
19.00999999999764,0.007184062846053195,0.4096383430941835,15.757556115553907
19.014999999997638,0.009010380102677054,0.32088855955537593,19.742357299969967
19.019999999997637,0.010349826082705236,0.2148898324559079,22.65713353981816
19.024999999997636,0.011130498910918449,0.09737929882938418,24.347079910792353
19.029999999997635,0.01131070680794279,0.13453509248941464,24.72309562882081
19.034999999997634,0.01088116052448504,0.17053287995517452,23.767397708704788
19.039999999997633,0.009865425973905169,0.2597714468684994,21.532231693312923
19.044999999997632,0.008318633419008915,0.3589455750900158,18.137419595294453
19.04999999999763,0.0063245116141971945,0.43870314683468953,13.76560910257568
19.05499999999763,0.00543687936534983,0.4947457317145166,8.67310507002594
19.05999999999763,0.004996896588367616,0.5240499531815929,10.920860855697597
19.064999999997628,0.004430199620244889,0.5250242827903326,12.073299427021448
19.069999999997627,0.003750320842144105,0.49760414863478414,12.019526337591456
19.074999999997626,0.006087579076489257,0.4432848967975445,13.44017896665612
19.079999999997625,0.00810837222761194,0.3650323636515462,17.860834291743906
19.084999999997624,0.009688695907861916,0.26709710844845785,21.313267789492276
19.089999999997623,0.010743406535344825,0.19140463727290408,23.61071857200617
19.094999999997622,0.011215847476624618,0.19110820994158467,24.628444858997653
19.09999999999762,0.011080899104891268,0.18596848306400432,24.314681792105503
19.10499999999762,0.010346281334839606,0.20567852536012302,22.689295287725436
19.10999999999762,0.009052061027608428,0.3120095975323596,19.843133581170097
19.114999999997618,0.00726842345417747,0.4014454318400386,15.931200141902265
19.119999999997617,0.005091858543292002,0.4691805325141676,11.832733550595957
19.124999999997616,0.005351654770973862,0.5115850157750691,10.504073443309805
19.129999999997615,0.005761128314931934,0.5264170570023818,8.136589837579196
19.134999999997614,0.006027863046863058,0.512931096366214,6.008046560507783
19.139999999997613,0.006145375134273676,0.47189451018562784,10.886386903453403
19.144999999997612,0.0072090904433730965,0.4055437034933907,15.653935773441988
19.14999999999761,0.009016602564178891,0.3174611448289429,19.579087692337847
19.15499999999761,0.010341213774938896,0.2123833394750706,22.452034449212
19.15999999999761,0.011112069672749934,0.10650345464973847,24.117693481076785
19.164999999997608,0.011288072420603793,0.13003135621957737,24.489082581787248
19.169999999997607,0.010860042861225295,0.1502375292842403,23.549310512529956
19.174999999997606,0.009851123782316689,0.2579137283198546,21.354619517974097
19.179999999997605,0.008315441182738513,0.3563593115114284,18.02361375865628
19.184999999997604,0.006335169032139934,0.43574954872802035,13.732481127981169
19.189999999997603,0.0040161709038429695,0.4918497025907853,8.70758041712528
19.194999999997602,0.0014824062626031516,0.5216561539051635,3.215000108626276
19.1999999999976,0.0015578193522398237,0.5235675017575253,6.216857410891275
19.2049999999976,0.003683274148627896,0.4974810070722489,9.085034921891213
19.2099999999976,0.00603897159225086,0.4447979703769572,13.089077771687952
19.214999999997598,0.00807183007824675,0.3683454240214157,17.491940770529297
19.219999999997597,0.009673246944709314,0.2722213225636242,20.957699812588146
19.224999999997596,0.010757728587954898,0.16157133473461835,23.302295319015144
19.229999999997595,0.01126745391285704,0.14255223271791223,24.39872048433614
19.234999999997594,0.011175391871712615,0.17255920758018006,24.186242279767388
19.239999999997593,0.010486793147020904,0.1962958781926769,22.67466432369896
19.244999999997592,0.009238954222846141,0.302839691477238,19.942860990126373
19.24999999999759,0.0074992439639769105,0.3930444120704691,16.139027247166837
19.25499999999759,0.005478537778146232,0.4620636450425246,11.468665941655976
19.25999999999759,0.005041314994054083,0.50618609998155,11.149625861295595
19.26499999999759,0.0044855274774583224,0.5230338147296802,11.905875537672149
19.269999999997587,0.003826078101906026,0.5116976155860966,11.47338329606401
19.274999999997586,0.004680235963597325,0.4727852082796266,10.471713399857075
19.279999999997585,0.00688318211137652,0.4083932508320703,15.28506957916599
19.284999999997584,0.008709150715542397,0.32199419083429565,19.274554419944632
19.289999999997583,0.010059746490452123,0.21824411912960648,22.22547426193193
19.294999999997582,0.010862206775069407,0.17890408321918974,23.976175502986028
19.29999999999758,0.01107336253737434,0.16837192043705904,24.430898302076397
19.30499999999758,0.010681991897019691,0.15752969986295867,23.566252318398206
19.30999999999758,0.009709421931095988,0.2507574200229661,21.42848915217983
19.31499999999758,0.008208369340517229,0.3496636162085502,18.133989322054642
19.319999999997577,0.0062600736557380885,0.4296546577031225,13.862427275774968
19.324999999997576,0.004473191357733035,0.4864202605664182,9.771506756572004
19.329999999997575,0.004811651044055678,0.5169017302923313,7.110640960076521
19.334999999997574,0.00502196696114548,0.5194575955249946,5.301498669291752
19.339999999997573,0.005100591162468366,0.4939553978900339,7.874451126228034
19.344999999997572,0.006002184117725183,0.44177848313473433,12.99631477589224
19.34999999999757,0.008020984671540131,0.36574173839126206,17.418383121497364
19.35499999999757,0.009610169563849,0.2699322185322988,20.905424822088737
19.35999999999757,0.010683723895977687,0.15948951431918498,23.27165686315774
19.36499999999757,0.011183300083660483,0.11279574760566576,24.38776456294206
19.369999999997567,0.011081369515454922,0.12826439832981945,24.193894953099544
19.374999999997566,0.01038271913584474,0.1983469638079153,22.69961535560222
19.379999999997565,0.009124221208924293,0.3050522069602746,19.982481905342397
19.384999999997564,0.007372898385556362,0.3954769223869127,16.187404265313646
19.389999999997563,0.00522236300963915,0.46473722797999,11.516717971917851
19.394999999997562,0.002787815513703322,0.5090817703943621,6.22109899383136
19.39999999999756,0.0017666574182431196,0.5260969583491029,7.395601376373948
19.40499999999756,0.0024024672228778283,0.5148374075399367,9.944342354243085
19.40999999999756,0.004879258090059902,0.47587893933291403,11.494097784599386
19.41499999999756,0.007097173423531191,0.4112871940556205,15.342107339840279
19.419999999997557,0.008936655652816664,0.3245056976585845,19.370491218974923
19.424999999997556,0.01029837024919202,0.22018014089156993,22.359731487831816
19.429999999997555,0.01110859591006037,0.15629166347405107,24.14827548648653
19.434999999997554,0.011323222220661028,0.17941604020202653,24.639613582029718
19.439999999997553,0.010930144904042222,0.1845033900080954,23.805077704572362
19.444999999997552,0.009949947176720625,0.2529077634966328,21.689496721276104
19.44999999999755,0.008434815069232392,0.3531450794986735,18.40542967954102
19.45499999999755,0.006465762711955379,0.43447586341214856,14.126883885849702
19.45999999999755,0.004369818328024202,0.49249880709828264,11.579106235649387
19.46499999999755,0.0043821713595424165,0.5240617151963971,11.827857399154508
19.469999999997547,0.004282515413167147,0.5274408079145348,10.891055566717114
19.474999999997546,0.0040721958846585875,0.5024383636118024,8.864167335666608
19.479999999997546,0.0059786158352765064,0.4503961678386779,13.007133151543549
19.484999999997545,0.00803992212449442,0.37412634784850485,17.500794844526347
19.489999999997544,0.009669614698094901,0.2777506815917022,21.04947165819559
19.494999999997543,0.010780160556254779,0.16888342196924816,23.463736309582902
19.49999999999754,0.011312009956398583,0.1365706672598243,24.61448900521444
19.50499999999754,0.011236791562872897,0.14149500723950129,24.438132667110818
19.50999999999754,0.010558847337758035,0.19481823425040784,22.945378714836167
19.51499999999754,0.00931497193887969,0.3027319253009409,20.220097705377952
19.519999999997538,0.007572358838788673,0.3943133147354803,16.41245806843861
19.524999999997537,0.005424902556550514,0.4646691981598015,11.72989530129043
19.529999999997536,0.0034964971409040305,0.5100584758003214,6.4258157549178465
19.534999999997535,0.003613206851496174,0.5280865958229775,3.501014538416659
19.539999999997534,0.003642937752438599,0.5178219963764815,4.891272032743198
19.544999999997533,0.004716207520385199,0.47984069661500944,10.301247871846002
19.54999999999753,0.006956323003279821,0.4162054965428582,15.152832157015098
19.55499999999753,0.008822733551475436,0.3303587227354033,19.185877365967592
19.55999999999753,0.010215947152293089,0.22692671759166974,22.1869246915267
19.56499999999753,0.011061949430101638,0.11147419353175705,23.99408493243936
19.569999999997528,0.01131617897864495,0.08254662542338788,24.5085421260366
19.574999999997527,0.010965951845032119,0.1303084793307047,23.701899960474186
19.579999999997526,0.010031144283881433,0.24361454512957784,21.62052635907602
19.584999999997525,0.008563052930412521,0.34362199625799994,18.382454092293646
19.589999999997524,0.006641533217870643,0.42498588875876775,14.163102908014165
19.594999999997523,0.004370645771179436,0.48336908991773464,9.190177555573076
19.59999999999752,0.0027405835149852485,0.5156748463865097,8.39649370098767
19.60499999999752,0.002737658749371796,0.5202094858448503,10.481705985739074
19.60999999999752,0.003259138598441872,0.49677599346813384,11.509313133882275
19.61499999999752,0.0056177980874649,0.44668780214109743,12.580148828729213
19.619999999997518,0.007666240812560725,0.37268928789724987,17.019256868810526
19.624999999997517,0.009294966817751354,0.27880111417901565,20.536012618484
19.629999999997516,0.010417233645267738,0.1701056168275471,22.942186322104362
19.634999999997515,0.010973698905776139,0.17868238349945445,24.107865458588286
19.639999999997514,0.010935577159422455,0.17529017422883394,23.97600385865676
19.644999999997513,0.010306109650680429,0.18405781757952416,22.555448806237063
19.64999999999751,0.009120344138271506,0.2902483873840548,19.920779115576075
19.65499999999751,0.0074432489629995355,0.3805896827247475,16.21573902070183
19.65999999999751,0.0053661734249339545,0.450240532501503,11.644600890000936
19.66499999999751,0.003956036492793611,0.49549720438555606,11.319868571433169
19.669999999997508,0.003773223378688071,0.5139710292897833,9.890194953362167
19.674999999997507,0.0034961602296008924,0.5046951208628164,7.469060599675927
19.679999999997506,0.00450071613577433,0.4681885827055832,9.960789794036428
19.684999999997505,0.006687270377564255,0.4064331140104056,14.74139768403513
19.689999999997504,0.008510246475632845,0.3227573252170452,18.72891783330978
19.694999999997503,0.009871319083181083,0.22167171780226153,21.705325132604603
19.6999999999975,0.010697098887520644,0.11995024181416479,23.50728041487323
19.7049999999975,0.010943136562006158,0.12221200560973788,24.03885481430003
19.7099999999975,0.010596311477904885,0.1285048995011508,23.273051330416802
19.7149999999975,0.009675502809948281,0.23981856768149892,21.252415941723395
19.719999999997498,0.008230534924085322,0.338168586663697,18.087591651156625
19.724999999997497,0.006339446016026791,0.41826697655973116,13.951764307257665
19.729999999997496,0.0041042373136997035,0.4758165043711229,9.068046817299486
19.734999999997495,0.002736179709156169,0.5077309909350525,3.697747808272593
19.739999999997494,0.0030686112534984334,0.5123012098809108,3.355158699246461
19.744999999997493,0.0034086890382984437,0.48928963479627363,7.33496980392581
19.749999999997492,0.005731757146478285,0.4399376084756826,12.40584072431107
19.75499999999749,0.007748850809351225,0.3668998566735107,16.809259996558342
19.75999999999749,0.009351356901496997,0.274102580184812,20.309650598921955
19.76499999999749,0.010452930958555496,0.16652704263859697,22.72056441956499
19.769999999997488,0.010994113604501525,0.10592532538621466,23.91184633994708
19.774999999997487,0.010945517505808949,0.1472745936324384,23.82034204272177
19.779999999997486,0.010309388803365101,0.1850670257606943,22.452686174816833
19.784999999997485,0.009119450000208213,0.2909084955020704,19.883901721734468
19.789999999997484,0.0074390454262938535,0.3812533340636876,16.254033702913166
19.794999999997483,0.005357713989579898,0.4512792406219124,11.756328920377399
19.799999999997482,0.003524045077664549,0.4972396513182322,9.649798912101529
19.80499999999748,0.0033199326484518264,0.5166573620148328,11.30012739094608
19.80999999999748,0.0030226304406081174,0.5084540949661781,11.811393343452893
19.81499999999748,0.004564773537811778,0.4730135537363564,11.129600888704841
19.819999999997478,0.006777756064129086,0.4121794567905855,14.577978026331511
19.824999999997477,0.00863113273405509,0.3291712111798322,18.62532021797054
19.829999999997476,0.01002508564605301,0.22840995361934666,21.679182806224553
19.834999999997475,0.010884302084043078,0.1842698912332234,23.5741500108396
19.839999999997474,0.01116206423812658,0.17223191577238334,24.20520259715122
19.844999999997473,0.010842813131511725,0.14284185059219187,23.53756650659911
19.849999999997472,0.00994301661192485,0.23638992513209822,21.6069304651775
19.85499999999747,0.008510299327164603,0.33669698877201265,18.51589499078912
19.85999999999747,0.00662090612263304,0.4190602930406289,14.429426716658105
19.86499999999747,0.004375612546514334,0.47905713740687267,11.06705006977519
19.869999999997468,0.0032336513730593414,0.5134729242861884,9.137789600186931
19.874999999997467,0.003518467711978203,0.5204580284758943,6.2933476948297775
19.879999999997466,0.003707787831380725,0.49961787449575784,6.933099546050396
19.884999999997465,0.005619848606221514,0.45202966917187076,12.102182583504822
19.889999999997464,0.007700392654470172,0.3801879501276101,16.634505034200107
19.894999999997463,0.009370608646296217,0.2878984466028222,20.281296375715844
19.899999999997462,0.010540562297943016,0.18008301405590704,22.844876643051176
19.90499999999746,0.011147032608673162,0.08502375145396368,24.186284884849922
19.90999999999746,0.01115695368896675,0.08979414429004647,24.23043045710239
19.91499999999746,0.010569247774710968,0.1765456875835967,22.973173328848738
19.919999999997458,0.009414943271392799,0.2851761137436807,20.47899713518575
19.924999999997457,0.0077555587592823315,0.3785776911005206,16.88163380755099
19.929999999997456,0.005679810800992584,0.45172149221539615,12.37588663839981
19.934999999997455,0.003298831080705674,0.5006703958993883,7.203674835197391
19.939999999997454,0.002249583724837532,0.5227945221478332,4.980673363279999
19.944999999997453,0.0024070785489832733,0.5169261794203084,8.160619523272445
19.949999999997452,0.00435998750210295,0.4834156340878434,10.51877584573873
19.95499999999745,0.006628758661384931,0.4240928296249682,14.31821640735516
19.95999999999745,0.008544379762902565,0.3421556109821013,18.45667104979225
19.96499999999745,0.010004727312525285,0.2419834088669992,21.612209796249438
19.969999999997448,0.010931954131867306,0.12890731886981738,23.61822620262427
19.974999999997447,0.011276581335091393,0.16414282964145316,24.367276377375543
19.979999999997446,0.01102013445140374,0.18404429804999844,23.819074948507126
19.984999999997445,0.010176156780150951,0.22606875260623932,21.999499736036107
19.989999999997444,0.008789551457396272,0.3285733764956446,19.002349819726874
19.994999999997443,0.006934252054692182,0.413546384586007,14.986853416418825
19.999999999997442,0.0047093004058969,0.47643427493212487,10.51007524286246
20.00499999999744,0.0030878746345399228,0.5138624739101529,11.716387897029227
20.00999999999744,0.0028558535985363526,0.5238150510651975,11.753287654733015
20.01499999999744,0.0029345648467014067,0.5057567761565618,10.614529125792483
20.019999999997438,0.005350613989707321,0.4606628810458243,11.636194088005842
20.024999999997437,0.0074796462536574565,0.3909500245342483,16.248948516625184
20.029999999997436,0.009207888190217424,0.300346750089754,19.99236126117332
20.034999999997435,0.010443020862653748,0.19370631888478593,22.66381122081481
20.039999999997434,0.01111915633148108,0.1629388199029808,24.119568874639295
20.044999999997433,0.011200392007686966,0.1279865697828125,24.28101784934237
20.049999999997432,0.010682749499298736,0.1628034051914978,23.1389049617384
20.05499999999743,0.009594378061078155,0.27254517009674367,20.75780100036088
20.05999999999743,0.007994006137955855,0.36760359915219015,17.26557062181852
20.06499999999743,0.0059677792019125035,0.44288717526516785,12.847859823373144
20.069999999997428,0.00433109506367991,0.4943647379692345,8.067827151123113
20.074999999997427,0.004449246384910512,0.5192875208190214,4.958246862016519
20.079999999997426,0.004445520415613108,0.5163349706364413,4.931235625876586
20.084999999997425,0.004319383524911233,0.4856791568997878,8.85535753996856
20.089999999997424,0.0062902051128963955,0.4289737780095263,13.826794016136564
20.094999999997423,0.008235844959807774,0.34928216075504165,18.049852885657984
20.099999999997422,0.009736336701808916,0.2509145360454286,21.297196998188063
20.10499999999742,0.010711573019009624,0.13917999083486268,23.396621086039243
20.10999999999742,0.011109757686140578,0.13301679070843056,24.237824840897684
20.11499999999742,0.010910121295824086,0.1431188754943454,23.779098423761095
20.119999999997418,0.010123951749470835,0.2145193863971857,22.04928327746555
20.124999999997417,0.008793909787231205,0.31749739849867714,19.141921563131884
20.129999999997416,0.006991730554052175,0.40337429477295006,15.208836946578037
20.134999999997415,0.004814430204072102,0.467545845219098,10.459783231881643
20.139999999997414,0.0023791264192809273,0.5065756686973926,6.292328285537722
20.144999999997413,0.0028972157381914206,0.518381432657585,9.156500566751687
20.149999999997412,0.0034426172434635755,0.5023339936788713,11.106169458897918
20.15499999999741,0.005139120546537839,0.4592922649572655,11.945977418905454
20.15999999999741,0.007266271753290157,0.39156821774368006,15.862062412918055
20.16499999999741,0.009002217118691265,0.3028099284167779,19.641253317843635
20.16999999999741,0.01025375596892507,0.19780561167675495,22.360473378166425
20.174999999997407,0.010953832065093257,0.17473878856631214,23.871840576326246
20.179999999997406,0.011065164615497535,0.18710146583785994,24.09481279141052
20.184999999997405,0.010582246134734996,0.18088769440911795,23.018698827547595
20.189999999997404,0.009531596282842614,0.2647843550807553,20.70480893427288
20.194999999997403,0.007970256387964994,0.3597516028703062,17.282090181548277
20.199999999997402,0.0059826570490882445,0.4352881326804106,12.932521742494194
20.2049999999974,0.0036760790060633387,0.48734308452957137,11.91908827365954
20.2099999999974,0.0028301059539668945,0.5131283994975758,11.467451889552182
20.2149999999974,0.0024444310825827253,0.5112605816564706,9.868938934449297
20.2199999999974,0.003868805340181094,0.4818326916601732,8.599361872045648
20.224999999997397,0.006139445061751461,0.4264231969679927,13.564436004827016
20.229999999997396,0.008075528216876788,0.34801006508215465,17.8008167495089
20.234999999997395,0.009572568064818964,0.250805874094729,21.08085964546222
20.239999999997394,0.01054966723041259,0.15148996331351255,23.22797313533841
20.244999999997393,0.010953882680414355,0.11040490561738846,24.12458857856258
20.249999999997392,0.010763115317881104,0.0979593328712823,23.720099713143313
20.25499999999739,0.009987341680871988,0.21235012193237052,22.03621591129294
20.25999999999739,0.008668097507741659,0.3153475473197722,19.16275424366862
20.26499999999739,0.006876267177417695,0.40138458480982825,15.252060752354504
20.26999999999739,0.0047083060958272,0.46579984782638795,10.514044454269925
20.274999999997387,0.004465950875466308,0.5050952518502028,5.204117155256282
20.279999999997386,0.00418596296862928,0.5171211583713853,4.424339664833066
20.284999999997385,0.0037960935737077098,0.5011957986930261,5.976389324560666
20.289999999997384,0.0052186478523191466,0.4581573136030069,11.239004711447434
20.294999999997383,0.007339832683131617,0.3903166187219996,15.897273240956089
20.299999999997382,0.009068923339201439,0.30131964370594383,19.70151676546699
20.30499999999738,0.010312094850336052,0.19594896074791165,22.44675641774676
20.30999999999738,0.011001659591850729,0.1477604219786111,23.98205353823296
20.31499999999738,0.011099773797371322,0.14834471318998294,24.221222264844446
20.31999999999738,0.010600558626331436,0.1590548147662327,23.148202181759203
20.324999999997377,0.009530474416780128,0.26897886905429963,20.82141953346847
20.329999999997376,0.007946879809817757,0.3644589737306624,17.370622337077428
20.334999999997375,0.005934855379873399,0.44035079824709783,12.986107469497385
20.339999999997374,0.0036025270007360543,0.4925805534078601,7.905794594807963
20.344999999997373,0.0037104622577952356,0.5183537215617543,10.22108244100856
20.349999999997372,0.004032064994006461,0.5163054901459843,11.709391231223123
20.35499999999737,0.004243128636018594,0.48657593290518025,12.02221729531809
20.35999999999737,0.006312089169395997,0.43079562541920735,13.643065331125749
20.36499999999737,0.008269051966691301,0.3519894934989303,17.87938743698581
20.36999999999737,0.009785029282143093,0.25440143268179877,21.155836889867683
20.374999999997367,0.010779170032095269,0.18239584867818176,23.30278926322085
20.379999999997366,0.011198502691557586,0.18631049419259824,24.207879062071946
20.384999999997365,0.011020716597420375,0.1716058917620869,23.820453188563764
20.389999999997364,0.01025537424360781,0.21054430738429636,22.1602161088612
20.394999999997363,0.00894340889758618,0.3142418310243671,19.318793347167954
20.399999999997362,0.007154900123809187,0.40116167848644535,15.44914563766408
20.40499999999736,0.004985295887323261,0.46668001610794385,11.815839607214084
20.40999999999736,0.0027372927701099546,0.5073148915745592,10.786995253172444
20.41499999999736,0.0022778798166231957,0.520908705514223,8.676888125946704
20.41999999999736,0.0025893905665985745,0.5067473712832905,5.697479537819509
20.424999999997357,0.00502024726899645,0.4655953096758807,10.854526150436199
20.429999999997356,0.007183330975239523,0.3996381728213667,15.528328591369997
20.434999999997356,0.008963352555461965,0.312370459267626,19.378756830127116
20.439999999997355,0.010265354176652043,0.20843018920841605,22.197351193557797
20.444999999997354,0.01101983234636598,0.126823118126172,23.83029301894348
20.449999999997353,0.011186532524621514,0.12044134858330226,24.186541401903703
20.45499999999735,0.01075667577890969,0.1452616909097824,23.245732012030228
20.45999999999735,0.009753455866379669,0.25602627410223533,21.060101264951882
20.46499999999735,0.008230783541714951,0.35304265576366445,17.746451399620582
20.46999999999735,0.006270398303379712,0.43111143957044795,13.481062123093407
20.474999999997348,0.004184147001954445,0.4860513446103803,8.494899892879957
20.479999999997347,0.004358489673150007,0.5149311069628815,4.356559059901207
20.484999999997346,0.004424607199519429,0.5162204860032531,5.614026397689422
20.489999999997345,0.004379176891285682,0.48986922285929313,8.590932773402011
20.494999999997344,0.005936021783663176,0.43731227437519504,13.023527568027454
20.499999999997343,0.007932773870524362,0.36138856036929606,17.345958034332813
20.50499999999734,0.0095017077667913,0.2661849981374924,20.735466858389497
20.50999999999734,0.01055922260430026,0.15682093686610044,23.010157650168242
20.51499999999734,0.011049193940355462,0.1378584245873212,24.05117807387889
20.51999999999734,0.010945930224704368,0.17023324512932597,23.805094475085845
20.524999999997338,0.010255507073010185,0.19569617686125415,22.284142742847116
20.529999999997337,0.00901544098186803,0.30033025959561876,19.569490350899642
20.534999999997336,0.0072926981193990525,0.3887668853919865,15.805159967648253
20.539999999997335,0.005180136158288832,0.4562578990521195,11.191245496405543
20.544999999997334,0.0030630236096364535,0.4991821888102012,10.941591837393556
20.549999999997333,0.0032235064770167582,0.5152468564994286,11.882851216842912
20.55499999999733,0.003299808158542458,0.5035992003587236,11.638996104727097
20.55999999999733,0.004712824425469754,0.4648698431146922,10.385283772467153
20.56499999999733,0.006877858768591466,0.4011438941340112,15.105095819805765
20.56999999999733,0.00867036623891959,0.3158590939972533,19.008824234898174
20.574999999997328,0.009994074200806627,0.21362409075757302,21.885177060974822
20.579999999997327,0.010778034904026467,0.181303195216122,23.58038302990745
20.584999999997326,0.010980419941745595,0.15865624789202376,24.006163359328287
20.589999999997325,0.01059072281488836,0.13687267530018035,23.140436583658055
20.594999999997324,0.009630314484116935,0.24729065700839825,21.026756099630035
20.599999999997323,0.008151336446328069,0.34430055810716137,17.777204339876022
20.60499999999732,0.006233930532230626,0.42266180753183186,13.567295429992797
20.60999999999732,0.0039819132336114775,0.4781451119158469,9.959014966555605
20.61499999999732,0.002431062437958555,0.507765343034372,7.448642793777119
20.61999999999732,0.0017279083491245303,0.5099341362237115,4.1950187540511905
20.624999999997318,0.003513291589872177,0.4845378589615116,7.8039620568193255
20.629999999997317,0.0058070277375288915,0.4329566001011935,12.828541487308339
20.634999999997316,0.007784407352912062,0.3579952460520915,17.156000132333112
20.639999999997315,0.009338699585274354,0.2637216468928385,20.55343953136889
20.644999999997314,0.010386103229438772,0.15523981077293791,22.83929491659227
20.649999999997313,0.010870236608217992,0.1324131795951613,23.89121309708233
20.65499999999731,0.010765159088329038,0.116468016487779,23.652022676154743
20.65999999999731,0.010076756837098518,0.1949163517978779,22.136698565262897
20.66499999999731,0.008842386853028785,0.29883164183002586,19.429417447597203
20.66999999999731,0.007128795517965559,0.38660489219527955,15.679882698505049
20.674999999997308,0.005028462444341647,0.45352833725430286,11.089495325104847
20.679999999997307,0.004985569876419608,0.49600811902128084,5.902417381686686
20.684999999997306,0.004926364703645545,0.5117574744723978,6.946009677606925
20.689999999997305,0.004740141392244529,0.4999315149364028,9.567742977913342
20.694999999997304,0.004796802525045323,0.46118343364040576,11.228539698682537
20.699999999997303,0.006943817115733335,0.39762240263481724,15.052888496995235
20.704999999997302,0.008719590218190078,0.312686838347895,18.921337217774425
20.7099999999973,0.010028714932445736,0.21096304735437887,21.768179179632885
20.7149999999973,0.010800961687574263,0.15127547817995082,23.44277788330442
20.7199999999973,0.01099500909230565,0.17620104534256711,23.858161117304544
20.724999999997298,0.010600593079681376,0.18351057666137247,22.99504665899594
20.729999999997297,0.009638981109720252,0.2471950757392271,20.903098738603592
20.734999999997296,0.0081617766793272,0.3436866964180063,17.6935495329089
20.739999999997295,0.006248150658538111,0.42176371189764533,13.537256658947353
20.744999999997294,0.004000617282237505,0.47724963862261655,11.285650005869256
20.749999999997293,0.002848112262151819,0.5071779459486405,11.681944743082083
20.754999999997292,0.0033816780706196043,0.5099541434498752,10.908620604149496
20.75999999999729,0.003820780228488188,0.48544077538957653,9.044485507232762
20.76499999999729,0.00579275655257903,0.434954165727896,12.593026539427335
20.76999999999729,0.007783133285368761,0.3611965273880133,16.9100287965264
20.774999999997288,0.0093564225342325,0.26811917215749553,20.320913295681525
20.779999999997287,0.010428479066671714,0.16822166681107228,22.64537924003799
20.784999999997286,0.010941968299443787,0.13848309331313252,23.759096170988837
20.789999999997285,0.010869430754491085,0.09490494091070048,23.600712853952558
20.794999999997284,0.010214781650287812,0.18815237140959842,22.177327601201174
20.799999999997283,0.009013140767958913,0.2925039815219715,19.56331644374893
20.804999999997282,0.0073289905852819935,0.3811560915488105,15.897527566987442
20.80999999999728,0.00525273102337279,0.4493477332148889,11.379129099444409
20.81499999999728,0.0035344952004471757,0.4934293740857173,6.253527248887282
20.81999999999728,0.003398503836020688,0.5110515505094969,3.62874056337802
20.824999999997278,0.0031724112905083296,0.5012829400643163,4.702787498697034
20.829999999997277,0.00456110366791928,0.4646584139829615,9.947022933845233
20.834999999997276,0.0067306116479367096,0.4031447780240285,14.658431449728466
20.839999999997275,0.008538559921773839,0.32003453151083855,18.58566715554824
20.844999999997274,0.009888076429227618,0.21977207147068456,21.5193168605142
20.849999999997273,0.010706800478580594,0.11870555974154402,23.302492419555293
20.854999999997272,0.01095075567440791,0.12384573340827135,23.838714864485166
20.85999999999727,0.01060671870314597,0.12747931856519357,23.09882458575911
20.86499999999727,0.009692937857314298,0.23803301976748292,21.12265589515755
20.86999999999727,0.008258154128371813,0.33588047180952313,18.01632492165936
20.874999999997268,0.006378998598334689,0.41578174020534264,13.944182436669115
20.879999999997267,0.0041559314015911794,0.47344513849208036,9.121176878026464
20.884999999997266,0.00362959786706339,0.5057592338031537,8.207196944199374
20.889999999997265,0.0034962568285838228,0.5109732975392675,10.378065249152684
20.894999999997264,0.0037858581579852738,0.4887977546544786,11.510842142471269
20.899999999997263,0.005656350351607071,0.4404069907935041,12.20492414243215
20.904999999997262,0.007678299143770921,0.36837252607205323,16.608861746148815
20.90999999999726,0.009290571554642382,0.27653643827654467,20.125573372055428
20.91499999999726,0.01040643740208683,0.16980990070124463,22.56504165806553
20.91999999999726,0.010965746575880356,0.18041803663699282,23.79341109596506
20.924999999997258,0.010938223029467715,0.17889953728931987,23.741371382994892
20.929999999997257,0.010325155399602664,0.18030386456479885,22.410899490434968
20.934999999997256,0.00915935873069178,0.2860148029995646,19.873475883472246
20.939999999997255,0.00750342317396389,0.3763594196916059,16.264370793345016
20.944999999997254,0.0054463556241901145,0.44646760021792187,11.77890141718197
20.949999999997253,0.0030987887482084014,0.49255915017478347,11.411562585450783
20.954999999997252,0.0028557589966985964,0.5121416193622166,10.105270860568336
20.95999999999725,0.0031027036097248544,0.5041494768685818,7.788100635542209
20.96499999999725,0.0043865724767384075,0.4690031473424073,9.686405703605832
20.96999999999725,0.006580541401000265,0.40858442236235437,14.481084288415882
20.974999999997248,0.00841735469365693,0.3261408947003279,18.49632677639536
20.979999999997247,0.009797990439383642,0.2261134035903683,21.514669667589313
20.984999999997246,0.010648008660262467,0.11896351452151012,23.373137864091404
20.989999999997245,0.010921584728179978,0.07015477863363115,23.969799078042026
20.994999999997244,0.010604015508919814,0.12256423010990633,23.270509928256644
20.999999999997243,0.009712538804340119,0.23402645172197914,21.31437871657343
21.004999999997242,0.008295400432944591,0.3328288968362436,18.206599329133173
21.00999999999724,0.006429252667641079,0.4136302092851776,14.113925650441105
21.01499999999724,0.004256102951573259,0.4720542325978752,9.255683674638423
21.01999999999724,0.003937266436991953,0.5049302057158223,4.078037877581102
21.024999999997238,0.003517144822584907,0.5104756138761701,3.672753086204351
21.029999999997237,0.003263095502497831,0.48838895439073354,7.158121485773406
21.034999999997236,0.005583741147488119,0.43986930360540166,12.249738828359762
21.039999999997235,0.007602314199374464,0.3675599171491534,16.674015754140175
21.044999999997234,0.00920968653054108,0.27538901531750654,20.1943449785194
21.049999999997233,0.010319065741388871,0.16836266902161953,22.616193539836317
21.054999999997232,0.010870714410891323,0.14867914886603592,23.81015455706623
21.05999999999723,0.010835142853500651,0.1450660945764498,23.718733648934997
21.06499999999723,0.010214597839899498,0.1816925837048315,22.348131138744627
21.06999999999723,0.009042894592728555,0.2869887151635556,19.770321444745896
21.074999999997228,0.007383605978983986,0.37672673033428633,16.12488462354715
21.079999999997227,0.005326627406880385,0.44606469850717123,11.610302645607458
21.084999999997226,0.004056522668716986,0.4912696376235505,9.468596865412637
21.089999999997225,0.004376719928703729,0.5099177465982744,11.139119886981367
21.094999999997224,0.004583809487510852,0.50102091261875,11.693946200495736
21.099999999997223,0.00467220335274579,0.46507883305887643,11.075780089510765
21.104999999997222,0.006635095477731317,0.40405019553870875,14.580927364872807
21.10999999999722,0.008448323228412291,0.32124090473369626,18.542788957132924
21.11499999999722,0.009804233429172892,0.22112317557055594,21.504302708124044
21.11999999999722,0.010629772328995,0.18329868561651957,23.308013776781554
21.12499999999722,0.010880463875421962,0.17253198311041903,23.855246281540193
21.129999999997217,0.010542805627064812,0.14453667777251938,23.117460825600162
21.134999999997216,0.009634980850857566,0.2368823769275507,21.1364765232787
21.139999999997215,0.008205854775175173,0.3347680533454189,18.017794043869415
21.144999999997214,0.00633232054107019,0.4146456402965903,13.93324073659981
21.149999999997213,0.004115109500532298,0.4722387759185853,10.974874404882728
21.154999999997212,0.0022624613499595747,0.5044652423303977,9.124602359322074
21.15999999999721,0.0016944154763812369,0.5095962120168778,6.362844250993633
21.16499999999721,0.0033541707771872755,0.48735042647475674,7.1641290389141234
21.16999999999721,0.005669820790392896,0.4389095788075114,12.212210027984417
21.17499999999721,0.00768424939602715,0.36686186344620725,16.60687611653787
21.179999999997207,0.009289051233436929,0.2750588715177182,20.11432065485851
21.184999999997206,0.010397704659997991,0.16840249910671626,22.548228309543187
21.189999999997205,0.010950186917869259,0.060386409914763746,23.77660971642596
21.194999999997204,0.010916206222939028,0.06618268201388885,23.73262470584896
21.199999999997203,0.010296866518222255,0.18155319987282595,22.41558243772684
21.204999999997202,0.009124681370248015,0.2873208593168798,19.89148133989559
21.2099999999972,0.0074619172763471815,0.37778477824346784,16.294086230740433
21.2149999999972,0.005397329032503487,0.4480505192940273,11.812210189483936
21.2199999999972,0.003959562656793181,0.4942911552780395,6.68404420412136
21.2249999999972,0.003457956447186956,0.5139724785995015,4.656674026898077
21.229999999997197,0.0028702255955519148,0.5060031092996033,7.72388886931034
21.234999999997196,0.004471098407803844,0.47078697047470025,10.01510600264479
21.239999999997195,0.006673560302540407,0.41019778741994334,14.525450536364769
21.244999999997194,0.008517763553209315,0.327483512847635,18.56025929255937
21.249999999997193,0.009904210023241124,0.2270950751651003,21.595115780455355
21.254999999997192,0.01075806796557125,0.15182920295808594,23.46367357880298
21.25999999999719,0.011033256786472519,0.15733348167046807,24.064596490559442
21.26499999999719,0.010714935827817728,0.17671261268663033,23.36869816905209
21.26999999999719,0.009820264930327997,0.23491254894042693,21.413997384930457
21.27499999999719,0.008397467590725868,0.33420638690043636,18.30353779907413
21.279999999997187,0.006523260226704138,0.4154765587082718,14.20453092406074
21.284999999997186,0.004328047665855226,0.47433528463100155,10.123692497523493
21.289999999997185,0.004608703228115411,0.5076115511109303,11.302094429082498
21.294999999997184,0.004775230405777343,0.5135286853414335,11.356448965344102
21.299999999997183,0.004823965040982943,0.49179860902548334,10.283889510612692
21.304999999997182,0.005560866423950812,0.4436258413361143,12.181770004106527
21.30999999999718,0.007599022622566983,0.3716366381103714,16.613911286191346
21.31499999999718,0.00922745242616147,0.2797352833274378,20.146630626982862
21.31999999999718,0.01035900663850555,0.1773108253767703,22.592922059911448
21.32499999999718,0.010933349928908183,0.16000653616091343,23.821272763829615
21.329999999997177,0.010920175558745528,0.12684522555589114,23.767358102879538
21.334999999997176,0.010320798729034075,0.17763006926866953,22.436404558222765
21.339999999997175,0.00916802943758226,0.2834776473120665,19.902626659136914
21.344999999997174,0.007524342606113465,0.37399708527546544,16.305148526223384
21.349999999997173,0.00547846101163515,0.4443555525158779,11.838238369942154
21.354999999997172,0.0031405588552055434,0.49080531005598454,7.957351108964697
21.35999999999717,0.0015432512510631902,0.5108777660067445,5.017759380249381
21.36499999999717,0.002236742316038985,0.5035209116652727,4.230059470791976
21.36999999999717,0.00433134968499138,0.46916075067881446,9.514004923791628
21.37499999999717,0.006528420615507665,0.40966762152771813,14.283246736647456
21.379999999997167,0.00837323126211212,0.3282566371140796,18.281147028808657
21.384999999997166,0.009767170796193181,0.22931917651835662,21.293837209481392
21.389999999997166,0.010635918191960119,0.11817978178842549,23.161920682492042
21.394999999997165,0.010933396259453838,0.06500253465335414,23.785413949253368
21.399999999997164,0.010644236855042693,0.11647520697352547,23.1292469237836
21.404999999997163,0.00978461652716091,0.22737292417919458,21.229839958484998
21.40999999999716,0.008401348336758267,0.3259343519818743,18.194731162587743
21.41499999999716,0.0065692687419014305,0.40689748596087605,14.190522429013594
21.41999999999716,0.004387138404812477,0.46595464887472404,9.432342736526131
21.42499999999716,0.0032260001139319595,0.49996915146520626,5.642599474579411
21.429999999997158,0.0026347972526164338,0.5071306140536739,8.392802418803479
21.434999999997157,0.0030308962489365944,0.48705968158720736,10.303378987510714
21.439999999997156,0.00535066954011874,0.44084963488567086,11.764518958308209
21.444999999997155,0.007380304247696387,0.3710042481454047,16.173635737798918
21.449999999997154,0.009011049355426107,0.2812937949464974,19.710545541764763
21.454999999997153,0.010155670601883268,0.17655470363637665,22.18509098228445
21.45999999999715,0.01075313542200828,0.16130649540342187,23.46430070681399
21.46499999999715,0.010771874572660238,0.17400568926363127,23.482414719780174
21.46999999999715,0.010211438141523903,0.16923900830168806,22.238962939756068
21.47499999999715,0.009102499217087627,0.274336561472832,19.800058328702384
21.479999999997148,0.00750520060524344,0.3645828832648565,16.298470388108157
21.484999999997147,0.0055059028390147995,0.4351362232266165,11.922865596596425
21.489999999997146,0.004411641786708719,0.48221941318380623,11.204405227262765
21.494999999997145,0.004527512554719927,0.5033244826716158,10.830191202044464
21.499999999997144,0.004529867778164719,0.4973378439333655,9.371117374503037
21.504999999997143,0.004419756408226802,0.46459622339766293,9.170375310137029
21.50999999999714,0.006336518664137998,0.4068764516617028,13.917533384247553
21.51499999999714,0.008171972539157253,0.3273050983460147,17.91100794202838
21.51999999999714,0.009565696267829502,0.230184393122897,20.937274147219515
21.52499999999714,0.010443042133226523,0.14464484665935454,22.834901887572702
21.529999999997138,0.010757213158961469,0.11876198128268783,23.50089642357096
21.534999999997137,0.010491762217503742,0.1278902240898563,22.902820016116973
21.539999999997136,0.009661418425179176,0.22104268308867792,21.076319682893054
21.544999999997135,0.008311233030358951,0.3190314748394238,18.11919701740612
21.549999999997134,0.006514136987906367,0.39980694214162493,14.190989903474998
21.554999999997133,0.004367025299621617,0.4590377331722935,9.501326508792983
21.55999999999713,0.0019855667396998468,0.49354569079643473,4.301856540863777
21.56499999999713,0.002118369976599267,0.5014848891701724,2.372884519875841
21.56999999999713,0.0029618120942011554,0.4824360644236636,6.493352707235104
21.57499999999713,0.005261448312412285,0.4374184228608078,11.513703917907614
21.579999999997128,0.007277094093559696,0.3688398895981742,15.917709387146402
21.584999999997127,0.008900133364079332,0.28037581860969407,19.467919008246362
21.589999999997126,0.010043006345373584,0.17677337390801603,21.97305887242575
21.594999999997125,0.010643930983453762,0.06359648132406068,23.297698161157363
21.599999999997124,0.01067025178852254,0.10628763736418217,23.36815808708773
21.604999999997123,0.0101202425839487,0.16693552253299096,22.178787207489815
21.60999999999712,0.009023237541214353,0.2718664945607568,19.79360160361739
21.61499999999712,0.0074380614156521275,0.3622039556641467,16.341382837739317
21.61999999999712,0.005449856539907543,0.43307799463370417,12.008232750084225
21.62499999999712,0.0032496649775362557,0.48066790995415465,7.027733378096341
21.629999999997118,0.0029809503301941,0.502402504927972,9.360185586468452
21.634999999997117,0.0026328613012465947,0.4970935395277363,10.826860399876912
21.639999999997116,0.004196167831016061,0.4650038449160936,11.20771018027316
21.644999999997115,0.006378288639503587,0.4078444784789352,13.817559501731573
21.649999999997114,0.008219627302222506,0.32869098660864765,17.84383724638412
21.654999999997113,0.009620873042278006,0.23180730941356492,20.90963363164984
21.659999999997112,0.010506412125190092,0.16923288609465795,22.849960633266104
21.66499999999711,0.010828395709936298,0.17433485893689013,23.55932480836308
21.66999999999711,0.010569329442031612,0.16199464928792612,22.999366174154282
21.67499999999711,0.009743018276727043,0.22051284881275035,21.201126427313206
21.679999999997108,0.008393791774122274,0.31917775222916867,18.264834939254982
21.684999999997107,0.006594063417222805,0.40071359053063443,14.349500381332005
21.689999999997106,0.004440406576153716,0.4607491458970193,11.168016342534393
21.694999999997105,0.004011390304133936,0.49606317671021377,10.327832669989382
21.699999999997104,0.004096873833876368,0.5047523979025962,8.453681797870802
21.704999999997103,0.004091247098894894,0.48633822253688325,6.380468063182781
21.709999999997102,0.005251746990967919,0.4418046866523307,11.432946290638624
21.7149999999971,0.007290103248694833,0.3735378164384524,15.873801794913305
21.7199999999971,0.008936918421375476,0.28518825263381925,19.466023726940666
21.7249999999971,0.010103601088157159,0.18148481407886385,22.01535169504237
21.729999999997098,0.01072726364153187,0.10499661461811076,23.38649102809386
21.734999999997097,0.010774085242193454,0.11227475046712022,23.50621868287427
21.739999999997096,0.01024111238767446,0.1639375748012095,22.36818443505367
21.744999999997095,0.00915642114543195,0.26993892209580383,20.032354482784957
21.749999999997094,0.0075776551406588535,0.36156747981344856,16.61906860427369
21.754999999997093,0.005589005723994015,0.43389228685250386,12.31085421134899
21.759999999997092,0.0032967353440534405,0.48301586512374545,7.338577097148001
21.76499999999709,0.0021789758742415907,0.5062752019652009,2.788361680284663
21.76999999999709,0.00256421736416477,0.5023853355025252,4.850078972773872
21.77499999999709,0.004132902406914528,0.47151816032805316,8.825765845284309
21.779999999997088,0.0063499452076359025,0.4152989599605156,13.661914301731215
21.784999999997087,0.008230019971947444,0.3367309457641175,17.76529137682874
21.789999999997086,0.009671915231606994,0.24002715809971517,20.916223688933044
21.794999999997085,0.010597918809685847,0.13037427313183456,22.944930298220125
21.799999999997084,0.0109580124245772,0.12437541900136834,23.739509824631163
21.804999999997083,0.010732588791656257,0.1578952544133572,23.25880970248838
21.809999999997082,0.009933480628779356,0.21581063915768017,21.532395563349635
21.81499999999708,0.008603279643843558,0.31626975481665076,18.651250700239455
21.81999999999708,0.006813056890001102,0.39981934672034714,14.768586061239809
21.82499999999708,0.004658591714561016,0.4619667234557056,10.09036463290406
21.829999999997078,0.0030569963241884666,0.49935318102785287,10.13537699754245
21.834999999997077,0.002731372482606084,0.5099493170715216,11.228455005506822
21.839999999997076,0.0027757725780694262,0.49317399739778595,11.202363602545955
21.844999999997075,0.005133492655487484,0.4499140335694572,11.219621640325194
21.849999999997074,0.007214474469608202,0.382478692078848,15.75451495591906
21.854999999997073,0.008906860884342619,0.2944758738149332,19.44661234964765
21.859999999997072,0.010119600832906953,0.1906201056108106,22.095694932002285
21.86499999999707,0.010787379666546611,0.1745027566689607,23.555776174299414
21.86999999999707,0.010874184699007167,0.1559564147683349,23.748560908059407
21.87499999999707,0.010375271009479601,0.1577960609501947,22.662097527685177
21.879999999997068,0.009317435052722088,0.2653383217528195,20.354806793365675
21.884999999997067,0.007757565179777357,0.358609627425086,16.95371547554174
21.889999999997066,0.005779554191322608,0.43259476795683033,12.640340737156592
21.894999999997065,0.004185856399501127,0.4833127585565502,9.89579478828077
21.899999999997064,0.004405719712774728,0.5080378525803004,7.666803360519057
21.904999999997063,0.00452126022407272,0.505444998655933,4.671247153546806
21.909999999997062,0.004528322538307186,0.47567547980129465,8.627483865340091
21.91499999999706,0.0062150982858781584,0.42032404373542176,13.51309056100952
21.91999999999706,0.008121796963574297,0.34235542734304997,17.67435599593993
21.92499999999706,0.009592580315854641,0.24595791356909968,20.88464951364101
21.929999999997058,0.010548276251713059,0.13632046077427562,22.970331604289576
21.934999999997057,0.010937441724376707,0.10922780391138369,23.81956138894689
21.939999999997056,0.010739123921961894,0.12346156396771213,23.387869630374603
21.944999999997055,0.009963955807764727,0.21139439642175903,21.700749235484302
21.949999999997054,0.0086535546647092,0.31276606080046315,18.847916515998214
21.954999999997053,0.006878289457425603,0.3973400221129909,14.981668009013545
21.959999999997052,0.004733523407870847,0.46056639770892976,10.308882229362478
21.96499999999705,0.0023345138055971817,0.4990374432005569,5.079535967288669
21.96999999999705,0.0018550965512814407,0.5106818532781229,6.027817041384072
21.97499999999705,0.002703706003960934,0.4948867740664869,8.730085108974178
21.979999999997048,0.005072217006335181,0.4525176268832323,11.051399124909908
21.984999999997047,0.007168160131705948,0.3858596232650924,15.611802322346673
21.989999999997046,0.008879054015364173,0.298497930198212,19.332874904406296
21.994999999997045,0.010113120605075807,0.195128705686452,22.014814900298596
21.999999999997044,0.010804222897539873,0.1386815113377327,23.511782854611088
22.004999999997043,0.010915449553253558,0.16656218534589542,23.74172127054422
22.009999999997042,0.010441121558708352,0.17788075495835173,22.693518645726893
22.01499999999704,0.009407076839634897,0.2607082388250097,20.42591736252552
22.01999999999704,0.007869222741601008,0.3544334003885586,17.064147262894842
22.02499999999704,0.005910466207874806,0.42906921310193896,12.790177822457952
22.029999999997038,0.0036641873313508757,0.48062380918530345,10.702110554930623
22.034999999997037,0.003124719878959687,0.5063479277317295,11.385136342143518
22.039999999997036,0.0026917678083143467,0.5048882505198832,10.937230408692999
22.044999999997035,0.0038123612599601526,0.47634179915829483,9.398651484567067
22.049999999997034,0.006058854092819707,0.4222553339855459,13.257863216885557
22.054999999997033,0.00797837746891056,0.34555401645081174,17.42266379700882
22.059999999997032,0.009468187102527273,0.25036983699588605,20.65100798496227
22.06499999999703,0.010448648141516909,0.17085957140129945,22.77109537340229
22.06999999999703,0.010867468628219842,0.14610549092174505,23.669289634109617
22.07499999999703,0.010702501383716399,0.12959021547956362,23.296362351402486
22.07999999999703,0.009962946523417527,0.20412143023697715,21.67200419035812
22.084999999997027,0.008688877090546103,0.305506342911603,18.881960879493096
22.089999999997026,0.006949111021381979,0.39040008475406174,15.07553585749108
22.094999999997025,0.004837517403928092,0.45423736222751104,10.459375131889086
22.099999999997024,0.004713828304972618,0.49358935827507877,6.64310317268718
22.104999999997023,0.004824091221389402,0.5063483950759701,4.771569072526797
22.109999999997022,0.004815786498476886,0.4918501629650885,5.621484277571029
22.11499999999702,0.004884266282588585,0.45090027974696845,10.758469009677396
22.11999999999702,0.006975813249907231,0.3857185071805078,15.314240016907407
22.12499999999702,0.008689663448819308,0.2998215723843381,19.04453390156123
22.12999999999702,0.009933818974384343,0.19784063784168612,21.74783991550042
22.134999999997017,0.010641619600266149,0.11531250097414932,23.27657021675792
22.139999999997016,0.010775348124447515,0.12872132188104468,23.55055592305819
22.144999999997015,0.01032824100822548,0.14705464365032286,22.556020401673887
22.149999999997014,0.0093248342485777,0.25430806020879704,20.345346221716646
22.154999999997013,0.007819638136969943,0.34777038443431907,17.039583468492918
22.159999999997012,0.005894169220949317,0.4224171819739474,12.819135547358965
22.16499999999701,0.003652506528963592,0.47424789482036195,7.913149591207298
22.16999999999701,0.001792243693782154,0.5004973501784108,7.146702057641412
22.17499999999701,0.0024506266156200953,0.4997785320623592,9.520667180006484
22.17999999999701,0.003714878066269529,0.4721541787914089,10.939167910446056
22.184999999997007,0.005943085811852861,0.41912891944194275,13.034522229839663
22.189999999997006,0.007849826299922737,0.34356727578602364,17.190135232528643
22.194999999997005,0.009332615294670013,0.2495483221128992,20.417446236721972
22.199999999997004,0.010311834930248093,0.15040481354090895,22.546069761102274
22.204999999997003,0.010734972373855537,0.17161533135027277,23.463564956378832
22.209999999997002,0.010579407449533604,0.17567353266600785,23.11917919484472
22.214999999997,0.009853632461323564,0.20096858023060643,21.531686876032467
22.219999999997,0.008596793924436193,0.30176683452435243,18.787614841466766
22.224999999997,0.006876580617883103,0.38631848809689817,15.033046587552212
22.229999999997,0.004785611535081708,0.45006914502367806,11.03780306005312
22.234999999996997,0.0038377712113177136,0.48958265736990697,11.244646978040754
22.239999999996996,0.003544907140658103,0.5027366576656772,10.327632271687492
22.244999999996995,0.0033378597570451643,0.48882507044445705,8.38039767181509
22.249999999996994,0.004866760678957102,0.4485909696318455,10.605594073580237
22.254999999996993,0.0069487137382634795,0.38419025409072344,15.154692142869198
22.259999999996992,0.008656874021730408,0.2990738592960624,18.891865774996003
22.26499999999699,0.00989907078856938,0.19780484743953694,21.61573896761507
22.26999999999699,0.010608134325902102,0.13324953193423522,23.177973010777304
22.27499999999699,0.010745543101652086,0.13271068889155221,23.493076864072556
22.27999999999699,0.010303521682619967,0.14595151041928708,22.544704426217763
22.284999999996987,0.00930545285058747,0.25327602239371977,20.3851003635562
22.289999999996986,0.007804596961992721,0.347066333044193,17.13102389663384
22.294999999996985,0.005881222965725064,0.42228326546288614,12.955749070843991
22.299999999996984,0.004382888144976256,0.47487817930302795,8.082216465213168
22.304999999996983,0.004528822944791078,0.5020139497154611,4.25878971394007
22.309999999996982,0.004568907408172525,0.5022184122250247,4.270025807562831
22.31499999999698,0.0045028640712022686,0.47546628137424857,8.010545644375792
22.31999999999698,0.00600533046063533,0.42318445984584824,12.902182966984853
22.32499999999698,0.007933703836683825,0.3481648905735666,17.10564474192849
22.32999999999698,0.009440136648381876,0.25440823410566676,20.397017845232252
22.334999999996977,0.010443463047602602,0.14692232558263263,22.597345563982334
22.339999999996976,0.010889430278648245,0.11038119757096844,23.58575793482049
22.344999999996976,0.01075366162548721,0.1253959208573947,23.308880039449036
22.349999999996975,0.01004297938719035,0.198500867218707,21.782655608017418
22.354999999996974,0.008795047990186943,0.30067169158266627,19.085674137567114
22.359999999996973,0.007076407101027834,0.38678466408099205,15.359514861763843
22.36499999999697,0.004978951756993744,0.4521974735326619,10.805608918904623
22.36999999999697,0.0026149985355735364,0.49338381503544154,8.218682069648171
22.37499999999697,0.002491534485859253,0.5081221270403723,10.185696836988669
22.37999999999697,0.0027186542441076803,0.49561366354027675,11.134107377355758
22.384999999996968,0.004778436749386384,0.45651871778729175,10.967173594627948
22.389999999996967,0.006902057531410015,0.39292959502217883,15.02745332465448
22.394999999996966,0.008655065560849566,0.3082736167536567,18.834937982755125
22.399999999996965,0.009943536588293372,0.20711479422387666,21.628591029157796
22.404999999996964,0.010698536273140928,0.17499372718513193,23.263294774332934
22.409999999996963,0.010879738608843646,0.17151206648586903,23.65239528535443
22.41499999999696,0.010477559156346586,0.15093407831805117,22.77300076692676
22.41999999999696,0.00951370089742749,0.24707566800288253,20.67021220832148
22.42499999999696,0.008040020932820888,0.3423963178397712,17.458047726434728
22.42999999999696,0.0061357361691253874,0.4193175876384455,13.310460193035638
22.434999999996958,0.0047862435113256675,0.4737184608368575,10.943084577331847
22.439999999996957,0.004578135498779051,0.5026816428167724,9.581033312868248
22.444999999996956,0.0042586432780347665,0.5046573650579306,7.265211707187056
22.449999999996955,0.0038343331866020837,0.4795563426172577,7.69531416709612
22.454999999996954,0.005787473572015198,0.42873868616025357,12.631748415705962
22.459999999996953,0.007746661016387118,0.35493629158853124,16.889209412983625
22.46499999999695,0.009289290918189674,0.26211566913250406,20.239039569428012
22.46999999999695,0.010332738013311112,0.1552631689160795,22.501960517142766
22.47499999999695,0.010821203216815374,0.15646089057521853,23.554142055037936
22.47999999999695,0.010728735289487005,0.15857576120839856,23.339056306006643
22.484999999996948,0.01006062426156722,0.19013432775094105,21.870641427579223
22.489999999996947,0.00885307345712588,0.2928859940256053,19.230025082287305
22.494999999996946,0.007171210310189043,0.37985926474914367,15.559283207128741
22.499999999996945,0.005105573940469169,0.4463952831388235,11.055124148743811
22.504999999996944,0.0039014729351499002,0.48893418954506934,5.960438413754932
22.509999999996943,0.004348192844715021,0.5052064091843406,4.0771330657324825
22.51499999999694,0.004766047236150389,0.494347319437686,6.2718688474820095
22.51999999999694,0.00507126369898567,0.4569378191549095,10.071714772495412
22.52499999999694,0.006724996451069927,0.3949813988329047,14.710853356307055
22.52999999999694,0.008491981675417122,0.31181269090598923,18.556629814459892
22.534999999996938,0.009801287884255262,0.21190979262927725,21.404529496225773
22.539999999996937,0.010582672856966069,0.10064419645505222,23.10170897346521
22.544999999996936,0.010794296838639954,0.139696305341146,23.55381112275512
22.549999999996935,0.010425011730407547,0.16528464328758122,22.736123166035682
22.554999999996934,0.009494969602052402,0.2402974118345952,20.695065764815023
22.559999999996933,0.00805449425715704,0.33589272612356214,17.54305995077256
22.56499999999693,0.006181338469959962,0.4133695887552845,13.447685101917044
22.56999999999693,0.003976524262805305,0.46855609410659704,9.099295080838441
22.57499999999693,0.0025962011791619,0.4984698526191867,10.693065669991626
22.57999999999693,0.0027190560477522514,0.501486713852342,11.22150943825641
22.584999999996928,0.0033882376863099938,0.47743555259652787,10.630138271938694
22.589999999996927,0.0056508281726369665,0.4276006419342805,12.445341635739055
22.594999999996926,0.007606461535280715,0.3546527031232354,16.733833888679644
22.599999999996925,0.009149369849020768,0.2625106223727989,20.122998411495708
22.604999999996924,0.010195964868270176,0.17663043151384747,22.43029640683546
22.609999999996923,0.01068934789379075,0.16656032386744893,23.53032777145074
22.614999999996922,0.01060239755960777,0.13997939940182053,23.362385602835566
22.61999999999692,0.009939273957913733,0.18924348212316708,21.932623824651053
22.62499999999692,0.008735240331874488,0.2923699682925412,19.31797064309946
22.62999999999692,0.0070547966665885295,0.3798074978218567,15.657041168627446
22.634999999996918,0.005814898578471693,0.4468155764869487,11.146190297409897
22.639999999996917,0.005625824080997669,0.48975920233009096,8.855982100040203
22.644999999996916,0.00530127519053939,0.5063069980151581,6.247603805662423
22.649999999996915,0.0048482842036093555,0.4955498610113286,4.890713035711525
22.654999999996914,0.004731999883368331,0.45804784647393554,10.110092779246047
22.659999999996913,0.006866606232972878,0.39579469336790124,14.791168463168235
22.664999999996912,0.008636379269987393,0.3121145214379198,18.68090030882504
22.66999999999691,0.009945394458501055,0.21149155396755578,21.568286679321456
22.67499999999691,0.01072244802579521,0.1814141187564719,23.2963857276566
22.67999999999691,0.010924941924711893,0.18508310860058938,23.768488805765113
22.684999999996908,0.010541242133014156,0.18420198235119092,22.95762715912399
22.689999999996907,0.009591340896817638,0.24481289118295674,20.90848799579603
22.694999999996906,0.008125785400338145,0.34140930740885295,17.73007849456325
22.699999999996905,0.006222974445292259,0.4197150746095173,13.592228385703127
22.704999999996904,0.004039045456998032,0.475488489583769,8.717137603998006
22.709999999996903,0.004667075207850679,0.5057002966032804,4.669142827947801
22.714999999996902,0.005179096851921191,0.5087057635902533,7.220703083147951
22.7199999999969,0.005561594681496278,0.4843367551901977,9.494151300612812
22.7249999999969,0.00580431882063375,0.4339023860664835,12.591542698481241
22.7299999999969,0.007767269981533539,0.3601153140529538,16.923286106931304
22.734999999996898,0.009334933922466848,0.2669502623203832,20.34273458609779
22.739999999996897,0.01040087702776265,0.15942697979794673,22.66657842287773
22.744999999996896,0.010907778730824163,0.14959912878194154,23.770732925636455
22.749999999996895,0.010828406989536842,0.16950982341721715,23.59570682166734
22.754999999996894,0.010167069030229476,0.18945278578135882,22.152448314239884
22.759999999996893,0.008959342664855005,0.2936377603684397,19.521541520593356
22.764999999996892,0.007270108970658864,0.38205571731003096,15.845641256043878
22.76999999999689,0.005190033732777943,0.44997437784235517,11.321822956886349
22.77499999999689,0.002830674232872361,0.49376942211989755,10.930589588593236
22.77999999999689,0.0026927603965151495,0.5111217219276668,11.084373959888397
22.784999999996888,0.002452919434260612,0.5011215917532725,10.133035002267937
22.789999999996887,0.004625729006648287,0.4643052463265467,9.981760931955925
22.794999999996886,0.006793090631536874,0.4026394036289064,14.684576147100762
22.799999999996885,0.008598265754773689,0.31943064566583484,18.598927038128572
22.804999999996884,0.009944701991177921,0.21914384889586966,21.51579166985838
22.809999999996883,0.01076045080963234,0.158345156225804,23.279476494128673
22.814999999996882,0.011001996108369142,0.12676070153055277,23.797818496706604
22.81999999999688,0.01065654720006406,0.12764200433085468,23.043959639163784
22.82499999999688,0.009742724746280358,0.2378869771826332,21.054029501548538
22.82999999999688,0.00830962530222093,0.3353528004411502,17.932299801859052
22.834999999996878,0.006434240944090842,0.41480094281090113,13.846957146042001
22.839999999996877,0.005761129022150783,0.4719689258851733,9.020236083667331
22.844999999996876,0.005399264097386139,0.5038056632865089,5.28392143614309
22.849999999996875,0.004906120583158906,0.5086224919518355,4.777296393773645
22.854999999996874,0.0042943115802256265,0.4861637781938116,7.19575809247328
22.859999999996873,0.005549629778917295,0.43762562775779734,12.219502081932927
22.864999999996872,0.007557720888289617,0.3656108159911486,16.586422624727202
22.86999999999687,0.009156737215032145,0.2739957147058764,20.05961788938244
22.87499999999687,0.01026100457183766,0.18443633571937246,22.454176786433248
22.87999999999687,0.010811454282087745,0.18604250597945288,23.642851986623583
22.884999999996868,0.01077878260391655,0.1829840274020555,23.55954138772877
22.889999999996867,0.010165042861930878,0.17995856944209504,22.208955448238772
22.894999999996866,0.009003558084479378,0.2846353415385145,19.661753390329892
22.899999999996865,0.0073571581484163815,0.37392463288669814,16.053963148944323
22.904999999996864,0.005314805754075761,0.4430163248495675,11.582713636203968
22.909999999996863,0.0046320362244136526,0.48819644587411304,6.48933477361464
22.914999999996862,0.0050970800916002685,0.5070417639128868,8.245685269874096
22.91999999999686,0.005432808009685343,0.49855246257363595,10.201985298705775
22.92499999999686,0.00563184417227975,0.4632083717903354,11.13299421455578
22.92999999999686,0.006585076600493398,0.4029385286762551,14.414813909907663
22.934999999996858,0.008394940104648448,0.3210068729857803,18.35784836628303
22.939999999996857,0.009752040036334656,0.2218330996887145,21.31166095254413
22.944999999996856,0.010583521400775129,0.16055985002343548,23.117800487950184
22.949999999996855,0.010844841056588336,0.17402927483077674,23.67861145192197
22.954999999996854,0.0105221624682353,0.17005643721944194,22.964695674808738
22.959999999996853,0.009633096673485164,0.23278646632104075,21.013950222000087
22.964999999996852,0.00822575579183248,0.33014988634004566,17.931417785602683
22.96999999999685,0.006376163651283235,0.4096869698796681,13.88341563024694
22.97499999999685,0.004184158595794798,0.46711505231572525,11.21428257301979
22.97999999999685,0.002649125399717586,0.4993441861768786,10.906792067861714
22.984999999996848,0.0023030380925579677,0.5046412228562623,9.510244499708003
22.989999999996847,0.0032103501111618283,0.4827176124007067,7.164794483115243
22.994999999996846,0.0055040194817084324,0.4347501358179544,12.102567979410596
22.999999999996845,0.007499211895810891,0.36332682982304604,16.46675441855341
23.004999999996844,0.009088292501608978,0.272305412496202,19.94181251218497
23.009999999996843,0.010185541705945926,0.16659426923858697,22.342644790861957
23.014999999996842,0.010731736256794204,0.11057463318429367,23.54164246428218
23.01999999999684,0.010697296043488362,0.0921603588232976,23.47563254523687
23.02499999999684,0.010083860542801398,0.17971456385172513,22.146338426227732
23.02999999999684,0.00892424508741481,0.28413161830292,19.620483354251082
23.03499999999684,0.007280747542479341,0.373267399671282,16.033829193094444
23.039999999996837,0.005241812526038448,0.4423066069050923,11.581853700430266
23.044999999996836,0.0049023154827500266,0.48752492738863445,6.50547449298691
23.049999999996835,0.004477772673431079,0.5064911773683646,4.110051746100144
23.054999999996834,0.004032330159406314,0.49819336370208483,4.400150965417314
23.059999999996833,0.004482689024776626,0.4630750765028523,9.647163914276081
23.064999999996832,0.006647891795754423,0.40300603188828493,14.38045393155141
23.06999999999683,0.008458379776557431,0.32118916043293394,18.34629465058963
23.07499999999683,0.009816366149327169,0.22200538867497235,21.327214052595874
23.07999999999683,0.010648350072254963,0.16119748625982314,23.159669218932923
23.08499999999683,0.01090913147435766,0.1592762343775664,23.74585084155787
23.089999999996827,0.010584254856192101,0.15360732229838983,23.053912340876238
23.094999999996826,0.009690782514696631,0.23391390898704106,21.121640209479324
23.099999999996825,0.008276373935354069,0.3318495227499956,18.052605295703312
23.104999999996824,0.006416744809109757,0.412002127747745,14.008436703397132
23.109999999996823,0.00421164735839448,0.4700368525383846,9.205453212859211
23.114999999996822,0.004293618803193808,0.5028143049495716,9.141918013015
23.11999999999682,0.00462673807230999,0.5085692021863344,10.694227418242114
23.12499999999682,0.004846812460878065,0.48699483099848245,11.17801240732653
23.12999999999682,0.005553474537952326,0.43925522973164405,12.069660888505437
23.13499999999682,0.007571421675870821,0.3679236254357716,16.46298082984423
23.139999999996817,0.009183331516658004,0.27684031087911476,19.970344992819296
23.144999999996816,0.010302699560190708,0.170906906533977,22.4030167452367
23.149999999996815,0.010869521608777499,0.17477681939037898,23.630980708057432
23.154999999996814,0.010853515958791781,0.16404778950006518,23.587453610253895
23.159999999996813,0.01025574652952002,0.17688359881367816,22.276316757205677
23.164999999996812,0.009108540070804128,0.2819989846726885,19.76983758639936
23.16999999999681,0.0074737246768501134,0.3719271729089313,16.201437708098492
23.17499999999681,0.005439309731063874,0.44183880540558174,11.763215290562242
23.17999999999681,0.00311474653606279,0.4879864725948719,10.439988033313268
23.18499999999681,0.0021348958409396256,0.5079062847870426,8.664955586692935
23.189999999996807,0.00189611539283107,0.5005457293886296,6.027996903940559
23.194999999996806,0.004313282520465173,0.466321121665032,9.473547638359765
23.199999999996805,0.006496804247641904,0.4070875692056792,14.219873345381927
23.204999999996804,0.008329603130416542,0.32603198390419214,18.202360775213613
23.209999999996803,0.009713463976216245,0.22751235441570103,21.205491020183636
23.214999999996802,0.01057431077776595,0.12120316797521033,23.068904264422308
23.2199999999968,0.01086618029534976,0.1093692100507857,23.693065885519008
23.2249999999968,0.010573674084312746,0.11692392524414559,23.045080543875333
23.2299999999968,0.009712753976705206,0.22744411779887785,21.16299647801851
23.2349999999968,0.00832984786732369,0.3257183259537399,18.14668678392712
23.239999999996797,0.006499365142761822,0.4064747638710228,14.155888382986682
23.244999999996796,0.0044220453385521484,0.46537890614834115,9.405768527941113
23.249999999996795,0.004456007545036968,0.49927159283422573,4.385959356528498
23.254999999996794,0.004380979802019436,0.5063384532624106,4.435882415407795
23.259999999996793,0.004198348073921587,0.4862102090680637,7.402578036228415
23.264999999996792,0.005402771569359741,0.43998159835162165,11.764708583977274
23.26999999999679,0.007428112394615111,0.3701547317505442,16.166038056454322
23.27499999999679,0.00905475553873753,0.28050252589843716,19.694844284389234
23.27999999999679,0.010195654274578464,0.17585696843794685,22.163378699807787
23.28499999999679,0.010789916373920424,0.1348897035294498,23.440260155835162
23.289999999996787,0.010806034444573752,0.15078741652246808,23.459145578706796
23.294999999996786,0.010243540416689397,0.16959696811623629,22.219384452784503
23.299999999996786,0.00913300948421289,0.2746154048743763,19.78799025047237
23.304999999996785,0.007534397477160812,0.3648293979464685,16.29760697836526
23.309999999996784,0.005533790788474739,0.4354132775279776,11.93594485423899
23.314999999996783,0.003567696812561104,0.48259708793525957,9.748961625682607
23.31999999999678,0.003806830653612522,0.5038668075098659,10.882865425882036
23.32499999999678,0.0040933686814348825,0.49809753156124403,10.925891371780182
23.32999999999678,0.004285407030873416,0.4656146912953285,9.87439315000025
23.33499999999678,0.006326060963968079,0.4081751868458543,13.860684574041093
23.339999999996778,0.008168672392361473,0.3288693845115192,17.86163635969361
23.344999999996777,0.009570724554891104,0.2319514805003448,20.90552524477699
23.349999999996776,0.010457148391929903,0.16945284754398615,22.827845229288958
23.354999999996775,0.010780533856798127,0.15221596582255215,23.52492384394068
23.359999999996774,0.010523703706323658,0.11972138457276381,22.956805537664874
23.364999999996773,0.009700682157871322,0.21974042755904094,21.152088757192193
23.36999999999677,0.008355963297303077,0.3181471166682689,18.210586886499794
23.37499999999677,0.006562090422061625,0.3994020334283274,14.291379817524334
23.37999999999677,0.0044157201044036825,0.4591460936348679,9.697262970401347
23.38499999999677,0.002130014731744803,0.4941776039307784,7.567520922696565
23.389999999996768,0.0020218015089487067,0.5026181729734754,4.681353778886937
23.394999999996767,0.0029261794093078867,0.4840221580413145,6.408273736671398
23.399999999996766,0.005234756849839867,0.43940881817149746,11.437062211255832
23.404999999996765,0.007261286138646524,0.3712028973511826,15.84530611687075
23.409999999996764,0.008897029771886394,0.2830945559447794,19.398030445691287
23.414999999996763,0.010054339724743535,0.1798294251980871,21.908021852986522
23.41999999999676,0.010671298620664725,0.12478915559458431,23.2420949580913
23.42499999999676,0.010714983123828547,0.10871282657256769,23.331691072013925
23.42999999999676,0.010183185234134457,0.16323882397277487,22.171705755150743
23.43499999999676,0.00910453693426758,0.26822049597398595,19.82096304533457
23.439999999996758,0.007537013362681177,0.3587889326605886,16.40641162930721
23.444999999996757,0.005564830470546948,0.43008422419311987,12.111704983705877
23.449999999996756,0.004950722333807405,0.47827592869950214,7.1649768188474585
23.454999999996755,0.00487256786649887,0.5007668333987637,5.795784694701401
23.459999999996754,0.00467216817702578,0.4963380773988058,8.456745191991965
23.464999999996753,0.004354169726778849,0.46521048303328,10.268327968432065
23.46999999999675,0.006235929242005087,0.40903701576709167,13.621236621105815
23.47499999999675,0.008085577842873077,0.3308224245801201,17.66459985368349
23.47999999999675,0.009499516942787002,0.23475321538546218,20.7630838241805
23.48499999999675,0.010401335177052797,0.14371863976206906,22.7485710016599
23.489999999996748,0.01074208734281854,0.16065634886040084,23.510345132511713
23.494999999996747,0.010502997849137316,0.1718967404135981,23.005404244835297
23.499999999996746,0.009696530847958403,0.21662421501364387,21.25924757745194
23.504999999996745,0.008365774491233924,0.3156783276761588,18.36239748755483
23.509999999996744,0.006582181911090797,0.3977587043811071,14.469753194425168
23.514999999996743,0.00444174280225886,0.4584169391516855,10.344981555123246
23.51999999999674,0.0033412915733000742,0.494375952614494,10.992438982643801
23.52499999999674,0.0037760509616073085,0.5037009333890659,10.541681223712
23.52999999999674,0.004274707297030158,0.4858846760784733,9.035192915665057
23.53499999999674,0.005228800033087403,0.44187707082283584,11.336611539506432
23.539999999996738,0.007268608007793797,0.374046119059739,15.795769165732944
23.544999999996737,0.008918852773327305,0.28605178715367796,19.40196359669225
23.549999999996736,0.010090599990640646,0.1826470997716686,21.959911356112414
23.554999999996735,0.010720752661551432,0.1389712214525355,23.333341115495642
23.559999999996734,0.01077543583685657,0.10085445492925497,23.44852570980384
23.564999999996733,0.010251801475020429,0.1619130462638659,22.300413407505367
23.569999999996732,0.00917815449236473,0.26754574679842313,19.95266680631843
23.57499999999673,0.007612398079744908,0.3587568182495189,16.531761774120632
23.57999999999673,0.005638894294708695,0.4306446957649832,12.223389232065724
23.58499999999673,0.0033638937001000246,0.47935554207850434,7.260949293343129
23.589999999996728,0.0016466335439049035,0.5022866612721079,3.1992440877010884
23.594999999996727,0.0018471516259620402,0.498226201735796,3.535682198623275
23.599999999996726,0.00400560967360436,0.4674200813875046,8.786765940693584
23.604999999996725,0.0062030447276893285,0.41155394024650144,13.559690515708143
23.609999999996724,0.008066071496495708,0.3336567672760666,17.599178672466486
23.614999999996723,0.009495044023781183,0.23793224363813587,20.690630782706645
23.619999999996722,0.010413707210769887,0.1295330311573536,22.669054209607193
23.62499999999672,0.010773261379188425,0.10301813686429695,23.42870376930946
23.62999999999672,0.010554966341809397,0.10462991923378989,22.92941117938818
23.63499999999672,0.009771116649145718,0.2119332259038016,21.201218717462506
23.639999999996718,0.008464317519785115,0.3107864258404509,18.340061257198087
23.644999999996717,0.006705136929429422,0.3928858103018414,14.49969252735874
23.649999999996716,0.00485104552975975,0.4538486829807569,9.885456544207997
23.654999999996715,0.004760400652643688,0.4904200661072275,6.8362823033663265
23.659999999996714,0.0045569301203670955,0.5006505555639325,9.097795755637147
23.664999999996713,0.004246615513076471,0.48401307622942624,10.4449147093941
23.669999999996712,0.005025317898952257,0.44143135928824395,11.028595966369204
23.67499999999671,0.0070669509257360996,0.37522185142531045,15.455207178804818
23.67999999999671,0.008727410722441787,0.28896206725697793,19.04870648852893
23.68499999999671,0.009918050292457738,0.18729376074941267,21.618616114498042
23.689999999996708,0.010575483024354288,0.16260530075238186,23.027155381582865
23.694999999996707,0.010664945401169737,0.16633878028819168,23.202329935316193
23.699999999996706,0.010182087716579469,0.15338172117000595,22.139394572703402
23.704999999996705,0.009153114017273803,0.2583407871691965,19.897443273744454
23.709999999996704,0.007633334760956328,0.3495709153578062,16.594608001700205
23.714999999996703,0.005704244806093198,0.42206506658746185,12.403052490162644
23.719999999996702,0.003469248204589252,0.4719335740141357,10.599613124409823
23.7249999999967,0.003369060325463747,0.49648598516342546,9.712556420572255
23.7299999999967,0.003767405707909385,0.4943842148780577,7.859006025148747
23.7349999999967,0.004073441311565213,0.46572868166147496,8.344891193277597
23.739999999996698,0.006023713031867765,0.4120531571628358,13.125318606178537
23.744999999996697,0.007894433171256834,0.33623489859280736,17.201984821833523
23.749999999996696,0.009340864528869158,0.2423376444521347,20.356916834436362
23.754999999996695,0.010285187111102432,0.13539138844118306,22.421585569945233
23.759999999996694,0.010676496429366727,0.0792015394941449,23.282034260713893
23.764999999996693,0.01049358657385674,0.09429628106853337,22.889413712515505
23.769999999996692,0.009746147800541621,0.20467922825752047,21.26376516308026
23.77499999999669,0.00847427836599966,0.3040685455592747,18.491961757622242
23.77999999999669,0.006746350012219511,0.38710279595279934,14.721738399788324
23.78499999999669,0.0046553535433138905,0.44929579160946653,10.155459862879104
23.789999999996688,0.002479908176557655,0.48728529923412556,5.040343186984812
23.794999999996687,0.0021304388807012074,0.4990194287691697,2.663223897114105
23.799999999996686,0.002609079467545823,0.4838679567278903,5.71389744354481
23.804999999996685,0.004925383164413331,0.4426535220191327,10.771876439958602
23.809999999996684,0.006976017940591963,0.37760038845233757,15.249376986760085
23.814999999996683,0.00865055101827217,0.29221284261975927,18.905641346272002
23.819999999996682,0.009858816430615272,0.19109332231749193,21.542166774635792
23.82499999999668,0.010535777331746843,0.10844490632637889,23.01874689830522
23.82999999999668,0.010644992881450805,0.11879575408726016,23.259595657174753
23.83499999999668,0.010180533769143742,0.14977882666927325,22.250007709113238
23.839999999996678,0.009167314857295366,0.2555087380700859,20.041956851212674
23.844999999996677,0.007659809147753493,0.34749354574667607,16.751966219424187
23.849999999996676,0.00573917678223144,0.42075940046216165,12.554375666770703
23.854999999996675,0.004278810881293788,0.47133350417175973,7.693164816906692
23.859999999996674,0.0042339858566185365,0.4964686229173009,9.559606280140278
23.864999999996673,0.004094694827539578,0.4947923624788747,10.467590186829561
23.869999999996672,0.003863471933447046,0.46638177555559057,10.328541318678063
23.87499999999667,0.005989508839074357,0.4127623178132051,13.132834184158906
23.87999999999667,0.007863466894610245,0.3368209044011662,17.24373118065733
23.88499999999667,0.009312144117972017,0.2426499849435556,20.424636602387697
23.889999999996668,0.010257100506232726,0.16254660300169954,22.502329230741132
23.894999999996667,0.010647096460812893,0.1596457996487245,23.364374325020385
23.899999999996666,0.010460872783906516,0.140755218885798,22.964063157069262
23.904999999996665,0.009708301382058518,0.20587327850531822,21.323135351504117
23.909999999996664,0.008429850058444939,0.30550725094012415,18.530453622419124
23.914999999996663,0.006694385731308801,0.38867847991434595,14.738037967270282
23.919999999996662,0.004595433307104279,0.4509024897674805,10.161306416398297
23.92499999999666,0.0032207440936678684,0.4888249963140858,8.893938492222118
23.92999999999666,0.0036095573244556765,0.5003967721451544,6.7360107859284195
23.93499999999666,0.003909122488460369,0.48498804440494453,5.774764783853184
23.939999999996658,0.005011433881537939,0.44342475996111913,10.850548993677377
23.944999999996657,0.007064850268676844,0.37794179489446034,15.342637032986767
23.949999999996656,0.008739866985830402,0.2920648919669776,19.00812413800709
23.954999999996655,0.009946072088207651,0.19041714898393208,21.650973055211967
23.959999999996654,0.010618267928136573,0.07846118698764253,23.131411743304803
23.964999999996653,0.01071994087212633,0.06724690552363263,23.369866808448712
23.969999999996652,0.010245235706460592,0.15209005687456098,22.349352184681145
23.97499999999665,0.0092193321440394,0.2582713680939243,20.1231723030651
23.97999999999665,0.00769713021001872,0.3506094055143608,16.81204266511025
23.98499999999665,0.005760297736960898,0.42412358370878467,12.593628612659879
23.98999999999665,0.003512876473860005,0.4748449215315916,7.694906516463352
23.994999999996647,0.002219610283732332,0.5000262740141745,2.9702509945177895
23.999999999996646,0.0017663463022774292,0.4982924945208605,5.966133690276767
24.004999999996645,0.0038401462213917626,0.469726619499108,8.366391706370036
24.009999999996644,0.006054129555427732,0.41586671411529846,13.188758418718768
24.014999999996643,0.007942853513970866,0.33962286930197116,17.30877950661284
24.019999999996642,0.009404709663931468,0.24511959068228178,20.49253194126376
24.02499999999664,0.010361169179966276,0.1388468997764714,22.569618038989997
24.02999999999664,0.010761001928291136,0.13225088236227361,23.42851481435175
24.03499999999664,0.010583017580386767,0.15568671087500605,23.024087728987077
24.03999999999664,0.00983718844183758,0.20466903265963396,21.378476230848722
24.044999999996637,0.008564092412971383,0.3045693788868559,18.581662260040872
24.049999999996636,0.006832691332835433,0.3879910531675391,14.787007452233143
24.054999999996635,0.004940689341657558,0.45046032670610775,10.200701963194826
24.059999999996634,0.0050657890095948295,0.48864201368876525,10.070322351010715
24.064999999996633,0.005072620757824789,0.5005123166385731,10.502331332728605
24.069999999996632,0.004960037128362676,0.485451780483344,9.883321273363803
24.07499999999663,0.004873309692462117,0.4442764819180009,10.76975661399101
24.07999999999663,0.006932006870116119,0.37920238914361726,15.259880495763063
24.08499999999663,0.008614336708617464,0.29372954625693504,18.92925665891059
24.08999999999663,0.009829808663304058,0.19245923561771353,21.57886759677891
24.094999999996627,0.01051307288763274,0.15356760403467573,23.066245004801484
24.099999999996626,0.010627447611983944,0.14494082091312094,23.310962390018393
24.104999999996625,0.010166908347193433,0.1534719995677956,22.29806847784025
24.109999999996624,0.009156442316976906,0.25506727054369355,20.081183122467475
24.114999999996623,0.007650723392645967,0.34722029918869457,16.780028335533725
24.119999999996622,0.005731157532816712,0.4206060447430235,12.574269886198438
24.12499999999662,0.003501468222124526,0.47126967953387,8.130677125365644
24.12999999999662,0.0025268298967888085,0.4964847352730998,5.624869523803693
24.13499999999662,0.0031904065298153815,0.494904919952874,3.0749508367436977
24.13999999999662,0.0038002398420040624,0.4666342356656801,8.281509321236058
24.144999999996617,0.005999849409735575,0.41320959142694397,13.08834837425887
24.149999999996616,0.007876671138367037,0.3375191000256561,17.18784818625694
24.154999999996615,0.009329597572046898,0.24365147344630092,20.35920244548599
24.159999999996614,0.010280402528158806,0.13667050899847039,22.433183333647154
24.164999999996613,0.010677925415122327,0.03726092881084046,23.299561950965447
24.169999999996612,0.010500793206344424,0.09319152929810448,22.912508083053865
24.17499999999661,0.009758559235669765,0.20370205897176552,21.29170378641149
24.17999999999661,0.008491198746740735,0.30324213659985677,18.524327264825843
24.18499999999661,0.006766966460561598,0.386450777871813,14.75912924395729
24.18999999999661,0.004678727419928929,0.4488448383812721,10.19849495982689
24.194999999996607,0.002850180583530627,0.48706245252191055,5.08855069642876
24.199999999996606,0.0021412077321198587,0.49904642999944393,7.108098387847054
24.204999999996605,0.0025843180088866327,0.48415556810230537,9.202506017612091
24.209999999996604,0.00490269251926149,0.44319423604765706,10.72314776841944
24.214999999996603,0.006956588060517865,0.37836398045491065,15.208954468679682
24.219999999996602,0.008635371998970858,0.2931495949263017,18.87679974276461
24.2249999999966,0.009848589317884574,0.19213733263919527,21.528105172078817
24.2299999999966,0.01053085892709646,0.1446037051258027,23.018623465374425
24.2349999999966,0.010645428437864436,0.16221778611592583,23.266663648201426
24.2399999999966,0.010186189557652514,0.16364428675807313,22.257391795010605
24.244999999996597,0.00917802153482606,0.25451436378418973,20.047215580106048
24.249999999996597,0.007675415481324447,0.3465280576164685,16.758261952806215
24.254999999996596,0.005759489894255527,0.4198421772111157,12.56738588505334
24.259999999996595,0.00523745306394971,0.47051361107844875,10.376575931201552
24.264999999996594,0.005273513938540376,0.49582495836858714,10.414817374533355
24.269999999996593,0.005180281921708755,0.4944273788928692,9.41489572769041
24.27499999999659,0.0049599255573735,0.4664058649968825,8.226222513932509
24.27999999999659,0.005959158745760872,0.4132736521219686,13.026662636033546
24.28499999999659,0.00783707795027047,0.3378940296818866,17.1251863399999
24.28999999999659,0.009292631434925933,0.2443273641803108,20.301479860631208
24.294999999996588,0.010247476917402196,0.145598457996293,22.385134287413067
24.299999999996587,0.010650222537459805,0.15040112802669078,23.264229551531063
24.304999999996586,0.010479170954626811,0.15965951936698386,22.89395907202521
24.309999999996585,0.009743439908335406,0.2023843661705245,21.296566457768083
24.314999999996584,0.00848243437528278,0.3020178470505371,18.556825894237768
24.319999999996583,0.006763741760611347,0.3854591988180508,14.819714812768453
24.32499999999658,0.004679539700729556,0.4482216251346835,10.285255713885132
24.32999999999658,0.002569233995843462,0.48692664024758125,5.196750331274197
24.33499999999658,0.0032709058575902026,0.4994835643520742,3.088326944163287
24.33999999999658,0.0038958225975358326,0.4852036266987457,5.5379943718546
24.344999999996578,0.004911188664549924,0.4448420583803883,10.606632955488752
24.349999999996577,0.006974681976547229,0.38055526641855125,15.108083829246597
24.354999999996576,0.008665539347862085,0.29578768210740486,18.79894989521268
24.359999999996575,0.009892735033511967,0.19509059215255892,21.479886086726577
24.364999999996574,0.010590138180068348,0.08387066646999873,23.008084186298454
24.369999999996573,0.010720053509358583,0.08291910568896463,23.301996303263497
24.37499999999657,0.010275240491188097,0.14602067251429446,22.344458800893797
24.37999999999657,0.009279321861924013,0.2523467791913477,20.18598386992836
24.38499999999657,0.007785543067769463,0.34516473847048534,16.941199841727485
24.38999999999657,0.0058739493783747,0.41947273728743595,12.781999685053373
24.394999999996568,0.00364712110323466,0.4712585727685991,7.932334507412267
24.399999999996567,0.002535668630759836,0.4977241343682561,7.990924586622841
24.404999999996566,0.002376225296369418,0.4974327162098588,9.761604963553964
24.409999999996565,0.003682771323197692,0.47038469664817456,10.559953050760162
24.414999999996564,0.005903781642600783,0.41801943111308054,12.897355785173756
24.419999999996563,0.007806681901323473,0.3431406723760119,17.054147709654334
24.42499999999656,0.009288966490562444,0.24977316331958874,20.29285591291577
24.42999999999656,0.010270756585441566,0.15372205565334268,22.439259562093227
24.43499999999656,0.010699123176482231,0.16541422456633484,23.376385577054815
24.43999999999656,0.010550970140406572,0.16057702863288015,23.051109622413097
24.444999999996558,0.009834319259898111,0.19899537598892392,21.481050287370863
24.449999999996557,0.008587882673788353,0.2995792584549894,18.75250269905615
24.454999999996556,0.006878954487998005,0.38399201586116466,15.01260026341463
24.459999999996555,0.005324418067091135,0.44767994320680066,10.644404242811298
24.464999999996554,0.005416169903658022,0.4872109845288683,10.287606578412587
24.469999999996553,0.0053764615195165425,0.5004662734730876,8.900202684788713
24.47499999999655,0.005206246059858347,0.48674620770259935,6.621101773956699
24.47999999999655,0.004909609935724406,0.4467968725352938,10.539438035026473
24.48499999999655,0.006882467585188925,0.38277625052042563,15.068810770921358
24.48999999999655,0.008584783917008803,0.2981502822075396,18.781576554233787
24.494999999996548,0.009823916304418935,0.1975026727565242,21.47746722617323
24.499999999996547,0.010533366385922584,0.14812229499634452,23.0126579384609
24.504999999996546,0.010675253243990785,0.1593582517699973,23.30733264658064
24.509999999996545,0.010242295672639505,0.166771836585536,22.347785475498515
24.514999999996544,0.009258158467239713,0.24999447023706972,20.18583785018809
24.519999999996543,0.00777615182890427,0.34280818509712024,16.939648093832893
24.524999999996542,0.005876322280688539,0.41712363418918835,12.786531542994993
24.52999999999654,0.003661087862293802,0.4689701331687255,7.95206804882025
24.53499999999654,0.003171594739412975,0.49559329047761846,3.758009449718106
24.53999999999654,0.003687427802903832,0.4955888189838308,3.849931934715002
24.544999999996538,0.00427053577051465,0.4689679849336099,7.9493501478363875
24.549999999996537,0.005854992426197645,0.41716179343781595,12.773126450481646
24.554999999996536,0.007755272984016649,0.34295042968980205,16.911419048724593
24.559999999996535,0.009238445222816404,0.25031846583011197,20.14136649515225
24.564999999996534,0.010224840649621455,0.14423970489191718,22.290137880126583
24.569999999996533,0.010661467596651193,0.10208531262810584,23.241314508648546
24.574999999996532,0.010524870704798048,0.13893226097058842,22.943047323841615
24.57999999999653,0.009822404342149304,0.1959367143982628,21.411706170967996
24.58499999999653,0.008591832368501955,0.2962920750606867,18.730438094002434
24.58999999999653,0.006899276799118425,0.3807301526927397,15.044792958819412
24.594999999996528,0.004835651509554887,0.44471996313269313,10.55113121716248
24.599999999996527,0.004025541977865185,0.4848205695234529,8.999536380783814
24.604999999996526,0.0036870067609264504,0.4988707667609182,10.419644596919191
24.609999999996525,0.0032525811097307376,0.48610415295192216,10.795510753388571
24.614999999996524,0.004743102549099897,0.4471906818567157,10.327775358640013
24.619999999996523,0.006821619043298445,0.38421591582272085,14.862131054958459
24.624999999996522,0.008533585749456257,0.30057076664041876,18.595928617963104
24.62999999999652,0.009786909280301213,0.20075864569757407,21.328919759175605
24.63499999999652,0.010514181527429922,0.16828029045039636,22.91443725828867
24.63999999999652,0.010676298841233592,0.15646478714714931,23.266995056256906
24.644999999996518,0.0102645685553725,0.14792954184995058,22.367188575563357
24.649999999996517,0.009301189737695073,0.2459627403589849,20.26239288323389
24.654999999996516,0.007838084355694346,0.3392794124413179,17.064275949700072
24.659999999996515,0.005954133897464355,0.4143007708506944,12.944267414051177
24.664999999996514,0.005321206049454953,0.46697128028620544,9.916326215727848
24.669999999996513,0.005259433658396416,0.49444223237217316,8.100832424689923
24.674999999996512,0.00506494722475853,0.4952334720343017,5.477068161287502
24.67999999999651,0.0050496450861450765,0.4693103726996046,7.821291124496797
24.68499999999651,0.005756608566360128,0.41808149989462917,12.67025799749386
24.68999999999651,0.007662639568392002,0.3443309009181365,16.829981593103813
24.694999999996508,0.00915362785962268,0.25206441557414766,20.076612544492537
24.699999999996507,0.010149488312308734,0.15063880974385238,22.237247485054286
24.704999999996506,0.010596929365346194,0.16024969053898194,23.195996429178134
24.709999999996505,0.010472285779677376,0.16568507810272803,22.904301849597616
24.714999999996504,0.009782724636488185,0.19327036729344943,21.38220907489004
24.719999999996503,0.008565766389872088,0.293512931352999,18.714816548930635
24.724999999996502,0.006887187724477968,0.37791853480466325,15.047424831735752
24.7299999999965,0.004837453452261547,0.4419751740819226,10.575230879168492
24.7349999999965,0.003104599937580634,0.48225879118483905,5.53821596199842
24.7399999999965,0.003713820263144807,0.49662949168780074,4.64239128947047
24.744999999996498,0.004227855997204905,0.484345736221785,7.387353354047715
24.749999999996497,0.004698875889975493,0.4460885246241255,10.179318213471472
24.754999999996496,0.006773905512212201,0.3839233242705753,14.686761927949224
24.759999999996495,0.008486707584703355,0.30119750472590057,18.403565889921367
24.764999999996494,0.009745597404264842,0.20235842309870491,21.132066760957763
24.769999999996493,0.010483253212409633,0.11647017126545398,22.729742414837876
24.774999999996492,0.010660257542761523,0.14715960905776262,23.112684856234708
24.77999999999649,0.010267172896688633,0.16314863686535333,22.25912410066136
24.78499999999649,0.009325067197579778,0.24151058923285107,20.212435428200504
24.78999999999649,0.00788442101395705,0.3347478842162529,17.082482565160994
24.794999999996488,0.00602242569521336,0.41005024328123896,13.038461060834063
24.799999999996487,0.0053150207112535345,0.4633888081056103,9.453017438232978
24.804999999996486,0.004813551299904629,0.49191171487792323,10.413558624130648
24.809999999996485,0.00418539612301699,0.4940971969398508,10.33188773084595
24.814999999996484,0.0034449417429451316,0.4698352632095288,9.21694834771158
24.819999999996483,0.005649943773244986,0.4204315778363726,12.294705672373228
24.824999999996482,0.0075723523595692165,0.3485318566933359,16.465182784842092
24.82999999999648,0.009088646499482078,0.2579857992718214,19.753240183764525
24.83499999999648,0.010117745953446264,0.19972282674606365,21.979486599420184
24.83999999999648,0.010604743589132899,0.1978645918664985,23.024077541807205
24.844999999996478,0.010523857665677731,0.19095208254289234,22.833727779657504
24.849999999996477,0.009879758889066276,0.18414006930172364,21.422523403887485
24.854999999996476,0.008707258147851817,0.28486022718407006,18.865539749051923
24.859999999996475,0.007069456096681417,0.37026059328410355,15.294606690962155
24.864999999996474,0.005406245172814324,0.4357448147445896,10.899081893232783
24.869999999996473,0.005922092132642835,0.4777825967439329,6.885390227985404
24.874999999996472,0.006292740097971822,0.494107193881621,6.263129720274424
24.87999999999647,0.006507814580949588,0.4838348032328108,6.520360011011295
24.88499999999647,0.0065609461038981555,0.44751139468816287,9.80659920976494
24.88999999999647,0.006518826474059588,0.3870908284301799,14.361627293428768
24.894999999996468,0.008251133697508607,0.3058320609494424,18.141879698866965
24.899999999996467,0.009535997696800757,0.20811353876742864,20.945529173939338
24.904999999996466,0.010304272270459476,0.1287021973388948,22.621370054606764
24.909999999996465,0.010514628273010364,0.1533136884017383,23.078702094103907
24.914999999996464,0.010155785612676273,0.1740671303463499,22.293011818785946
24.919999999996463,0.00924712570865858,0.23498078714915432,20.306033257704375
24.924999999996462,0.00783765296903812,0.3288083086990418,17.224975362251428
24.92999999999646,0.00600334605736997,0.404914455968234,13.21748354542602
24.93499999999646,0.0038430495912642553,0.4592041304740701,8.498386256908866
24.93999999999646,0.0022904859920810645,0.48874486951590396,5.706842658028021
24.94499999999646,0.002787994097166467,0.4919237120465107,8.14299586173755
24.949999999996457,0.0033796689230844437,0.4685461121406416,9.761729674871289
24.954999999996456,0.005600660532897537,0.4198505317846146,12.17356452764557
24.959999999996455,0.007521394505411822,0.3484430572211157,16.38942529775468
24.964999999996454,0.009037912323205156,0.2581640698962311,19.72216963219994
24.969999999996453,0.010068024338869292,0.15388073636943242,21.991163778520395
24.974999999996452,0.010555773471344886,0.15196626345003816,23.073564120929976
24.97999999999645,0.010474470060385066,0.1612486072939266,22.910114929289666
24.98499999999645,0.009828153495608486,0.1847863449059004,21.508310631176364
24.98999999999645,0.008651400141475479,0.2859149967473129,18.943150105389506
24.99499999999645,0.007007455139216243,0.37166300415639575,15.356052858244295
24.999999999996447,0.005588138812321952,0.43741110678907086,10.943188194826273
25.004999999996446,0.004976128873554809,0.47962359819326894,10.31842188946817
25.009999999996445,0.004238586475629774,0.49603023253035966,9.821711614701718
25.014999999996444,0.0033944848968714292,0.4857485054456979,8.343528545050802
25.019999999996443,0.004539084907536129,0.44932612862785704,9.8354145252887
25.024999999996442,0.006634173947103352,0.3887094871990499,14.411242046234717
25.02999999999644,0.00837382037644527,0.30714908453773204,18.212919018293157
25.03499999999644,0.009664274192538838,0.20903244189970635,21.033738036917992
25.03999999999644,0.010435965170185904,0.20069578277686306,22.721659059314845
25.04499999999644,0.01064725473533476,0.18960733670498928,23.187169844169492
25.049999999996437,0.010286653928749837,0.17371829778245437,22.406460729754897
25.054999999996436,0.009373416098128928,0.2361829327139814,20.421832542082434
25.059999999996435,0.007956490210139293,0.3305874224818845,17.33996336507956
25.064999999996434,0.0061118935019291954,0.40725126080217033,13.325571963035445
25.069999999996433,0.006026585715359399,0.4620509709413184,8.594312092624182
25.074999999996432,0.006308407937986142,0.4920429829060035,6.45023919199068
25.07999999999643,0.006430028223435307,0.4956222930313035,6.547902652100081
25.08499999999643,0.006389006516465876,0.47259997776614865,7.238157462932058
25.08999999999643,0.0061871005636314055,0.4242107298198913,12.117541715571317
25.09499999999643,0.007521485789028652,0.3530465466517541,16.34813155168417
25.099999999996427,0.009061412469865361,0.26292412568294277,19.700836835841148
25.104999999996426,0.010115452680302565,0.15869195849194778,21.992030040557726
25.109999999996425,0.010627088949532614,0.16038912240387762,23.099733676192027
25.114999999996424,0.010568990045081002,0.17736017294418466,22.9661303961276
25.119999999996423,0.00994445700384665,0.18972383475594526,21.597467416795208
25.124999999996422,0.008787247576683335,0.2822726653523111,19.067156518919898
25.12999999999642,0.007159758997796411,0.3687227662024721,15.512883821145218
25.13499999999642,0.005149644835466672,0.4353228987294411,11.127169189642883
25.13999999999642,0.0028650710669276443,0.4785066086861893,6.716353632905617
25.14499999999642,0.0026485480052697947,0.49596770429870635,8.818343922966069
25.149999999996417,0.0034910972484431296,0.48677909714446854,10.037845099377043
25.154999999996416,0.00437353782007428,0.4514433432282918,10.252867478825392
25.159999999996415,0.0064818320542757895,0.3918743504523304,14.206861857559524
25.164999999996414,0.00823975260510112,0.3112938698778166,18.025330372246664
25.169999999996413,0.009553117196058628,0.21405196650519778,20.871430976801726
25.174999999996412,0.010351725318488433,0.15664777857873707,22.592842638585807
25.17999999999641,0.010593115803929064,0.15902985814632184,23.097705664298484
25.18499999999641,0.010264825736705159,0.14541166753419354,22.360634459146983
25.18999999999641,0.009385008632773707,0.2294459029734999,20.4253512906186
25.19499999999641,0.008001387271307728,0.3240026416129035,17.397344165143608
25.199999999996407,0.006188659003035987,0.4010886656958086,13.437065468019087
25.204999999996407,0.004250939830229146,0.45657222850455764,10.19482143911338
25.209999999996406,0.003950527208455821,0.4874837979133423,9.260430192365442
25.214999999996405,0.0037134554458540074,0.49218006227893385,7.396458964334275
25.219999999996404,0.003374978779259594,0.47042297727137666,6.9730716412266345
25.224999999996403,0.005405816132822506,0.42338325671126686,11.842816582817697
25.2299999999964,0.007348232700375653,0.3535833703100083,16.077137977686363
25.2349999999964,0.008894132067970907,0.2647763767281068,19.445659455075035
25.2399999999964,0.009960442791886017,0.17371988488439435,21.76572610099011
25.2449999999964,0.010489950796063276,0.16156344829858568,22.911323501004503
25.249999999996398,0.010454403108066586,0.14553177926791241,22.820537644836467
25.254999999996397,0.009856032865938148,0.17507373281974245,21.499209870406247
25.259999999996396,0.008727422766501942,0.27637030695474984,19.01941978359757
25.264999999996395,0.0071297203584297295,0.36271065627414895,15.516719944162745
25.269999999996394,0.00541716602484875,0.42945712491410787,11.181867511821391
25.274999999996393,0.00561187984589537,0.47303223055942917,6.248174746307495
25.27999999999639,0.005668673728801528,0.491101571518458,5.55305317979265
25.28499999999639,0.005587498942410335,0.48269680279373295,5.417655664124777
25.28999999999639,0.005371710296473835,0.44827141975248813,9.428684089303882
25.29499999999639,0.0063740610331124575,0.3896836012664089,14.006443305128348
25.299999999996388,0.008123514789011629,0.31009790109327456,17.82783676412609
25.304999999996387,0.009433275091828893,0.21380622003364222,20.688835659727687
25.309999999996386,0.010232779089331165,0.1400760871955257,22.43550076682082
25.314999999996385,0.010478958268233304,0.15309951134428393,22.972133782655614
25.319999999996384,0.010158577538676187,0.1622846200723975,22.269817021352765
25.324999999996383,0.009288945220550938,0.22722434283367332,20.368486345543904
25.32999999999638,0.007916963855654775,0.32156820312480355,17.369057770908928
25.33499999999638,0.006116616053868811,0.3985709175895973,13.432028015009223
25.33999999999638,0.003985005113303354,0.4540734586366037,8.76898840379376
25.34499999999638,0.002286350560835143,0.4850662262903016,9.429066521361202
25.349999999996378,0.0029626415746895353,0.48985265149616786,10.235914725948495
25.354999999996377,0.003589243178336466,0.4681554369355345,10.01821862914786
25.359999999996376,0.005418390747151404,0.4211362561013716,11.842335084751092
25.364999999996375,0.007349540854873957,0.35132378698766603,16.082652560731745
25.369999999996374,0.008884035394625006,0.2624740289127669,19.457250669228742
25.374999999996373,0.009938658658899688,0.15937527679711413,21.78225017703322
25.37999999999637,0.010456068406940936,0.15428782741950245,22.932411574057458
25.38499999999637,0.010407897155710723,0.13461920436505515,22.845886558289617
25.38999999999637,0.00979627699643003,0.17779094080080726,21.527640597444073
25.39499999999637,0.008653726090201545,0.27922942169059606,19.047751758472298
25.399999999996368,0.007041415999636476,0.3656946145354452,15.538325379468091
25.404999999996367,0.005045904299467931,0.43251006553198984,11.187855019150312
25.409999999996366,0.0044988906735909835,0.47605875401059,8.532243745693957
25.414999999996365,0.004068450108677425,0.4939814975696296,6.3520605000820956
25.419999999996364,0.0035289564218655145,0.485294427208288,4.412305195862641
25.424999999996363,0.004438132783769927,0.4504354101862189,9.531301612965276
25.42999999999636,0.006542355867916703,0.39125382347250925,14.14133307251918
25.43499999999636,0.00829779466732672,0.31092169629151317,17.991517799879993
25.43999999999636,0.009609491433571725,0.21375701020650006,20.874356634126062
25.44499999999636,0.010406343566563862,0.16724635553119147,22.63491025233021
25.449999999996358,0.010644927169759198,0.1643438961453554,23.17878762870548
25.454999999996357,0.010311815625141519,0.15708480850877132,22.478738140345225
25.459999999996356,0.009424274216808345,0.2313223471984274,20.572514285086896
25.464999999996355,0.00802932787664389,0.32665618886736647,17.56102238248954
25.469999999996354,0.006201258675965342,0.40457149140406834,13.605098632191927
25.474999999996353,0.004482648651969182,0.46087230972972293,8.915228698070399
25.479999999996352,0.004819086255072457,0.49251272601049745,5.010266962399549
25.48499999999635,0.005084970937519874,0.49776145526807014,6.084717624842237
25.48999999999635,0.0052192496856422336,0.4762994816425483,8.390083773565534
25.49499999999635,0.005520501000914031,0.42924043404610307,11.88027569958017
25.499999999996348,0.007491283818557069,0.3590726930111287,16.186820714410143
25.504999999996347,0.009062794506729293,0.2695315822577742,19.629623586932443
25.509999999996346,0.010150134267144189,0.16540432190819362,22.021280552900713
25.514999999996345,0.010694336148512076,0.13319056688973072,23.229875954791257
25.519999999996344,0.010665619063028226,0.1558254332669487,23.186002233798945
25.524999999996343,0.01006506887891158,0.17645680881415654,21.89141535886186
25.529999999996342,0.00892460302841036,0.27972953138634127,19.417673670012903
25.53499999999634,0.007305245796974796,0.36801336118789807,15.89585825061058
25.53999999999634,0.005293862591784344,0.4365399208883002,11.514765629550839
25.54499999999634,0.002998488190258153,0.4816098397221956,9.988277149045459
25.549999999996338,0.002535580655665877,0.5007989635568082,10.40051990492805
25.554999999996337,0.002384703609896909,0.49308273554370396,9.772347026337174
25.559999999996336,0.004322150997666708,0.458882437246787,9.431180483687926
25.564999999996335,0.006469462876792553,0.4000423144035694,14.104868653599665
25.569999999996334,0.008268907767886267,0.31973564203393134,18.017800294256233
25.574999999996333,0.009623973723602915,0.22229074025273957,20.96016041822136
25.579999999996332,0.01046210004241684,0.1511570830829837,22.772220773740635
25.58499999999633,0.010738583827746907,0.1253001041086512,23.358203391718014
25.58999999999633,0.010438944884436262,0.11748930418345338,22.691009025341412
25.59499999999633,0.009579624164758067,0.22623898368783213,20.808862776410997
25.599999999996328,0.008207035113804478,0.32279663669361497,17.814198425902966
25.604999999996327,0.0063950389244292844,0.40200183905647785,13.867882519242809
25.609999999996326,0.004240968554517334,0.4596263089083205,9.181905421494697
25.614999999996325,0.003379607272768056,0.49260049182934534,5.385446047747006
25.619999999996324,0.00269161103727744,0.49917210236586246,2.9235228458304126
25.624999999996323,0.003064456585512181,0.4789985587131324,6.69029392878365
25.629999999996322,0.005344889403979068,0.43317456867364196,11.639302087012908
25.63499999999632,0.007338261224839675,0.3641741596706176,15.960861514197394
25.63999999999632,0.00893799403460265,0.27571896423458603,19.421216660216
25.64499999999632,0.010058744755217622,0.17258132401141263,21.83383942905424
25.649999999996318,0.010640974352692272,0.15573547740831037,23.074484184131038
25.654999999996317,0.01065406754121703,0.14225099706199804,23.079017634670112
25.659999999996316,0.01009792209238134,0.16738493996573212,21.845662524204243
25.664999999996315,0.009002967901436587,0.27059673641217735,19.439056054374735
25.669999999996314,0.0074285576199442215,0.35916737618478245,15.989199854668074
25.674999999996313,0.005459763028473386,0.4283504604035684,11.68403383284685
25.679999999996312,0.005226874559534301,0.4744522008314679,6.756662338313289
25.68499999999631,0.005304715332994106,0.49502601712453426,7.266757544125675
25.68999999999631,0.005245283418704905,0.48899899030830657,9.294668448909444
25.69499999999631,0.00505035260238541,0.4567223177618404,10.399375513653533
25.699999999996308,0.006186983599939794,0.3999491389095044,13.682277427752766
25.704999999996307,0.007991232016297523,0.3217502276336024,17.59728708260876
25.709999999996306,0.009361499671913158,0.22635683461266298,20.560070125767858
25.714999999996305,0.010224703750839916,0.14733624492787056,22.41274493607912
25.719999999996304,0.010535141476757466,0.16405189850439272,23.057056483550927
25.724999999996303,0.010276907556929846,0.16456492509047457,22.460605416050253
25.729999999996302,0.00946470061914563,0.2163389137736682,20.657415557407802
25.7349999999963,0.008142984743594638,0.3123474364467395,17.74599351182153
25.7399999999963,0.0063835484401815485,0.3914270849185113,13.885865876887806
25.7449999999963,0.004281603396166587,0.44935093268749127,10.431831615866644
25.749999999996298,0.0025639021402951464,0.48302393412787903,10.423876761062267
25.754999999996297,0.003160998641614383,0.4906550942580611,9.379733948831483
25.759999999996296,0.0037531221400505326,0.4718550186009593,7.402978556637111
25.764999999996295,0.00513856874605786,0.42764983022856895,11.295108379493483
25.769999999996294,0.007108760084681296,0.3604267052208224,15.594141623605749
25.774999999996293,0.008694344036165235,0.2738068753727668,19.05379031561723
25.779999999996292,0.009809993572704144,0.17245293924280625,21.48778413636785
25.78499999999629,0.010395678363610925,0.11346577881705966,22.765000712791018
25.78999999999629,0.010419883397928723,0.07070071282651541,22.818975492291223
25.79499999999629,0.009881290672397115,0.16329812681985587,21.644689878535388
25.799999999996288,0.008808888849455394,0.2656626023568418,19.30110033625986
25.804999999996287,0.007260469308495328,0.3537052140271979,15.915944331883273
25.809999999996286,0.005319505875738635,0.42268015907549583,11.674033687436506
25.814999999996285,0.0038882053906264596,0.4688726235948984,6.80295212032487
25.819999999996284,0.003482434038783479,0.48978775149781145,3.4033667873940403
25.824999999996283,0.002992084919869986,0.48428309316106827,3.7649623755378463
25.829999999996282,0.004083506466047386,0.4526378411314367,8.893138436315065
25.83499999999628,0.006206466696677009,0.3965462511204307,13.543497568087812
25.83999999999628,0.00799538207792224,0.3190199013776772,17.46704232901431
25.84499999999628,0.00935348313711085,0.224220522297778,20.452709302946193
25.849999999996278,0.01020714238608044,0.14456711024560312,22.338228700139553
25.854999999996277,0.01050986556955726,0.1425753460234822,23.020603775622302
25.859999999996276,0.010244827610876524,0.13719328633438183,22.46234649382799
25.864999999996275,0.009425799881333548,0.21774981224423795,20.69306657468426
25.869999999996274,0.008096420468497541,0.3140019528901766,17.807789683692036
25.874999999996273,0.006327842270023109,0.39342932649961126,13.963159760082485
25.879999999996272,0.004604057378459954,0.45175554135225227,9.367326180974386
25.88499999999627,0.004491436428045291,0.4858395686253419,8.17491442899216
25.88999999999627,0.004650530881370613,0.4938349492157114,9.880523020409038
25.89499999999627,0.004816283225501674,0.47529168828861396,10.603886976965436
25.89999999999627,0.005267310854191341,0.4311884282224287,11.292132147749287
25.904999999996267,0.0072549753326181824,0.3638773631483249,15.632293881892886
25.909999999996266,0.008857049611732015,0.2769523484972214,19.137711978549287
25.914999999996265,0.009987063097607857,0.17505304585312456,21.622009079090326
25.919999999996264,0.010583726612090717,0.16645246376388118,22.954265286150623
25.924999999996263,0.010614183143105886,0.16078396950004042,23.062577703442827
25.929999999996262,0.010075782263193798,0.16393060443088306,21.937765055328693
25.93499999999626,0.008996285456838334,0.2678681181113118,19.63724041684368
25.93999999999626,0.007432453047246526,0.3576648457254253,16.281450628802475
25.94499999999626,0.005467074045752292,0.42848675487228494,12.04731302994197
25.94999999999626,0.0032045871308416783,0.4765080110919799,10.07906374478128
25.954999999996257,0.0030750835043779953,0.49912549534470607,8.665686630511145
25.959999999996256,0.003433883832418719,0.49509835161379157,6.392889308109703
25.964999999996255,0.004119312223988548,0.46460403692317787,8.701064140725624
25.969999999996254,0.006303877621133164,0.40922212193468727,13.451701854671098
25.974999999996253,0.008156594504580906,0.33186463144442574,17.491294341434163
25.979999999996252,0.009577856804597308,0.2366402885621471,20.5984428114781
25.98499999999625,0.010491032546387688,0.12863000815401268,22.60566935177661
25.98999999999625,0.010846620637618386,0.08070597352903908,23.40424257452159
25.99499999999625,0.01062493621966003,0.10227899552161453,22.949446969433072
25.99999999999625,0.009837195167474461,0.21281742535261944,21.265924962969823
26.004999999996247,0.008524933547739954,0.31208722254119453,18.441993912461037
26.009999999996246,0.006757824177292638,0.3947565256377471,14.625727326160662
26.014999999996245,0.004725218327606738,0.4563712093276563,10.020146149803544
26.019999999996244,0.004337680245615077,0.49360126458659476,4.871875953772136
26.024999999996243,0.003938533713766947,0.5044250181409979,3.7933221339156784
26.029999999996242,0.003755027902736626,0.4882367180517651,6.209231703390198
26.03499999999624,0.005056926636419297,0.4458753796330995,11.011589863784089
26.03999999999624,0.007120572751786857,0.37958306651394236,15.505335383879396
26.04499999999624,0.008801763912523786,0.29289339778084333,19.17053210936091
26.04999999999624,0.010010116864686612,0.19044778308429727,21.8077137692584
26.054999999996237,0.010680600832748502,0.16037510286883155,23.273077808275577
26.059999999996236,0.010777097617286619,0.1552064652392737,23.484079977998196
26.064999999996235,0.010294417967090685,0.15416752440544504,22.42699179317993
26.069999999996234,0.009258634156731472,0.2603887543905344,20.158602061770694
26.074999999996233,0.007725680990730549,0.3527925120098475,16.80290098595535
26.079999999996232,0.005778284210885505,0.42616619992818655,12.546574181380816
26.08499999999623,0.00437501404631549,0.47659175488108857,8.603300854331879
26.08999999999623,0.004707059665559096,0.5013977749959139,9.899288676271437
26.09499999999623,0.004921404314592606,0.4992852732277965,10.212829107316082
26.09999999999623,0.005013139922198594,0.4703921264608804,9.51037529286017
26.104999999996227,0.006066165883181025,0.4162799785671675,13.23136140411592
26.109999999996226,0.007956465028097255,0.33983967939934057,17.344758263015464
26.114999999996225,0.009418909845531722,0.24513824757445862,20.535814466938085
26.119999999996224,0.01037479474154378,0.15992948318556804,22.633200230697398
26.124999999996223,0.010772399175027658,0.14786055552622068,23.52265907617927
26.129999999996222,0.010589807312708338,0.12227406056172874,23.15288894545968
26.13499999999622,0.009836167063252096,0.20659329229159173,21.539304974813216
26.13999999999622,0.008551316911460083,0.3073467684252252,18.762085478641012
26.14499999999622,0.006803781983677565,0.3916672026877967,14.966088226388319
26.14999999999622,0.004687204853978416,0.4549636491918806,10.352490375245829
26.154999999996217,0.002315374148760745,0.49376863289520817,7.636100456406172
26.159999999996217,0.002373489086475845,0.5059442527697171,5.064193633342755
26.164999999996216,0.0026757912491409265,0.49080902072606875,5.754837661177607
26.169999999996215,0.005025756389083751,0.4491770352510808,10.897956528817975
26.174999999996214,0.007106983612430951,0.38331385408781715,15.44731593648808
26.179999999996213,0.008807267821816843,0.29679982966655394,19.158293832017957
26.18499999999621,0.010035062345574485,0.1943179798365139,21.834446099998946
26.18999999999621,0.010724343216477526,0.13184289883490238,23.334998424724294
26.19499999999621,0.010838091162789327,0.11745766306196238,23.58082498515471
26.19999999999621,0.010370242528439304,0.15124426374002647,22.558804510862103
26.204999999996208,0.009346010697786719,0.2584484685210161,20.32287740153466
26.209999999996207,0.00782055322019418,0.35173452251601256,16.991544196464687
26.214999999996206,0.005876049959105098,0.42606678191963665,12.741359564985558
26.219999999996205,0.005098697786433624,0.47742070100912576,7.800208070810487
26.224999999996204,0.005067896837935269,0.5030106198455679,5.258473537793477
26.229999999996203,0.004906473718875517,0.5014483385494789,7.407133953562552
26.2349999999962,0.004616549966116837,0.47282333064354226,9.294473527087572
26.2399999999962,0.006009392956999476,0.41870440442686463,13.258239306498854
26.2449999999962,0.007911288595671145,0.3420538510418191,17.401982047519976
26.2499999999962,0.009384055995268918,0.2470531087973029,20.598314850287288
26.254999999996198,0.01034884604709744,0.15065196190649527,22.677763894988995
26.259999999996197,0.010754340830405388,0.1623516304881699,23.533400323030676
26.264999999996196,0.010579403517555592,0.16986381654634203,23.124570844192363
26.269999999996195,0.00983409935402038,0.20481173888510382,21.47615409825515
26.274999999996194,0.008559081141395471,0.3051955461648704,18.67736881365234
26.279999999996193,0.006823393906398456,0.38907934783395054,14.876151853980419
26.28499999999619,0.004720804083339584,0.4519565813896159,10.274741568286242
26.28999999999619,0.003979111771717176,0.4904442057951559,10.297313081384237
26.29499999999619,0.004141981467586441,0.5024704697600414,10.084290667575583
26.29999999999619,0.004605032566755116,0.48738999575181624,8.86334968742508
26.304999999996188,0.005051216139942005,0.4460242276705846,10.82392023717861
26.309999999996187,0.006992278327053706,0.3806185848126039,15.338336906014227
26.314999999996186,0.008680610827777007,0.2947144154767301,19.02333082833608
26.319999999996185,0.009899793430264736,0.19295862551837195,21.678985155008057
26.324999999996184,0.010584331300710676,0.13754357688183488,23.161855988337717
26.329999999996183,0.010697621198777532,0.10369184445089556,23.396978448973837
26.33499999999618,0.010233835687328106,0.1499736411465074,22.376252636323507
26.33999999999618,0.009218126794823268,0.25630991585543655,20.158257247249033
26.34499999999618,0.007705198075494233,0.3488615718761903,16.862405161053243
26.34999999999618,0.005776359218544136,0.4226739709038648,12.662554450017193
26.354999999996178,0.003535209168520982,0.47378604910541594,7.78227683060365
26.359999999996177,0.0015426041738404593,0.49944648296123906,3.6345840558175104
26.364999999996176,0.0015630955052344756,0.49825645394742996,2.9579083172493963
26.369999999996175,0.003813376727747675,0.47024243558477136,8.24769902781427
26.374999999996174,0.006031146480079333,0.41686546534791097,13.103089066930359
26.379999999996173,0.007925692160798983,0.3409528069399648,17.261974296248766
26.38499999999617,0.009394469916380398,0.24655829529261322,20.495830362692725
26.38999999999617,0.010357755291412838,0.14226529167271268,22.625145866205138
26.39499999999617,0.010763048547691103,0.12139345135870483,23.53261690556852
26.39999999999617,0.010587975089052702,0.0973044573627459,23.168294709328617
26.404999999996168,0.009841528324297692,0.20518787465570942,21.550522654435667
26.409999999996167,0.008563605246043068,0.3059813566461507,18.76687014174169
26.414999999996166,0.006822857482265507,0.3903177488648886,14.967686745754152
26.419999999996165,0.005866841850853578,0.4536308384181859,10.357549075565272
26.424999999996164,0.005704486421475808,0.49249696783788666,5.956838666315724
26.429999999996163,0.005396893828299548,0.5048257272940807,8.25469401260401
26.434999999996162,0.0049516678648493136,0.4899644495370307,9.730658428459114
26.43999999999616,0.004979355549886883,0.44873149782179983,10.806068493110196
26.44499999999616,0.007059597904993349,0.38336544422080465,15.340352947288437
26.44999999999616,0.008761485684682954,0.2973896676550517,19.049957679013527
26.454999999996158,0.009993501235543439,0.1954165526891532,21.739288307346776
26.459999999996157,0.010689310568904483,0.1865939557025386,23.264460506207246
26.464999999996156,0.01081130496678675,0.19063979431521655,23.54218035684709
26.469999999996155,0.010352641176009031,0.18985766987973443,22.55648896570041
26.474999999996154,0.009337634462538255,0.25664659057958983,20.35970934264478
26.479999999996153,0.007820465382504126,0.350221041434075,17.07007099915008
26.484999999996152,0.0058822734357834435,0.42505573725421464,12.863807328906379
26.48999999999615,0.004158169166737534,0.4771259047994823,10.284348393831666
26.49499999999615,0.004803314951268641,0.5036195779771572,9.65941659023774
26.49999999999615,0.005328305650898913,0.5030928484239856,8.06531523673917
26.504999999996148,0.00571950135275395,0.4755499719719446,8.17324917767891
26.509999999996147,0.0060334378134150575,0.4224521560801483,13.065877179040148
26.514999999996146,0.007956167581556806,0.3466397511765672,17.259084782392968
26.519999999996145,0.009453207620484946,0.25217626439470187,20.526309930354003
26.524999999996144,0.010443983226577178,0.14413397804219885,22.690604610648116
26.529999999996143,0.010875105336649591,0.08620332427541096,23.63704021152431
26.534999999996142,0.010723241242824361,0.11246031510314591,23.3131075899304
26.53999999999614,0.009996377927252399,0.20168482271192725,21.736620088095865
26.54499999999614,0.008733401834402642,0.3035056144279856,18.99169659832833
26.54999999999614,0.007002030522837311,0.38904291019816184,15.223221709742843
26.554999999996138,0.004895200347662593,0.4536891598717433,10.635278159690202
26.559999999996137,0.002526065571470965,0.4939647506049281,5.474958133584064
26.564999999996136,0.0007076459483935843,0.5076959961446273,0.8896892340190654
26.569999999996135,0.0024826431281332927,0.4941267369475628,5.445243761121657
26.574999999996134,0.00485287973634689,0.45396790633789613,10.618288482745381
26.579999999996133,0.006961223632965239,0.3893696523094616,15.22101312862906
26.584999999996132,0.008694148434012634,0.30380026810951133,19.006740551351804
26.58999999999613,0.00995827865597098,0.2018518206738382,21.772638422918323
26.59499999999613,0.010685411493763222,0.1157250879522489,23.367564069392134
26.59999999999613,0.010836229680035312,0.10922872255730628,23.702577681525447
26.604999999996128,0.010402489676677638,0.1448219614088462,22.75659090832324
26.609999999996127,0.009407527909480615,0.25316274546997136,20.579722716127737
26.614999999996126,0.007905010373937952,0.34784426874710667,17.292886594727197
26.619999999996125,0.006214220549501357,0.42376156143635685,13.074030480973553
26.624999999996124,0.005972366224946027,0.47682306784564565,8.150572082742421
26.629999999996123,0.005580329721621537,0.5041768141011759,9.167205931148628
26.634999999996122,0.005047373705870515,0.5043624532850767,10.262884962190107
26.63999999999612,0.004386442443517835,0.47738125710427065,10.331081282927514
26.64499999999612,0.005958888736550643,0.4247050679033987,12.994667953936085
26.64999999999612,0.007893655335037568,0.34920157149138775,17.20673061086894
26.654999999996118,0.009404073837936594,0.25496582966823567,20.487566118392706
26.659999999996117,0.010409196933918197,0.19966617276202203,22.6654022591367
26.664999999996116,0.01085529008061527,0.20129626277491866,23.62642124886278
26.669999999996115,0.010718641666567115,0.19773918698483142,23.320404962378262
26.674999999996114,0.010006801477536525,0.1987228600385599,21.76345282357389
26.679999999996113,0.0087581802510919,0.3007256305393006,19.03765537672327
26.684999999996112,0.007040014192928687,0.38654079272599956,15.288409497956998
26.68999999999611,0.004944769133963034,0.451557230860279,10.718165755755273
26.69499999999611,0.005225235998376298,0.492292661143014,9.181617364346296
26.69999999999611,0.0057041172117074075,0.5065855664451293,7.167405206943684
26.704999999996108,0.006036309718879256,0.49370225377425964,6.231778653794927
26.709999999996107,0.006213738562852563,0.4543642847779038,10.440706766687642
26.714999999996106,0.006895612780233172,0.39070600253769144,15.02260612939786
26.719999999996105,0.008637767585165008,0.30615591943505716,18.79742711165659
26.724999999996104,0.009916283200766332,0.20525032680548314,21.564809940173877
26.729999999996103,0.01066289780031015,0.10215430529714083,23.177115577200016
26.734999999996102,0.010837828194007316,0.1276229486073361,23.550431840894458
26.7399999999961,0.01043186944290589,0.1497272186881888,22.664283908789752
26.7449999999961,0.009466891940688572,0.2470308559795445,20.564000520072586
26.7499999999961,0.007994706939426454,0.3418431445253155,17.360914898236572
26.754999999996098,0.00609433197197844,0.41830684245390615,13.224564273200373
26.759999999996097,0.0038677823830591696,0.47231299311382097,8.377895990766007
26.764999999996096,0.0014345943646266795,0.500962214259196,3.081792467384114
26.769999999996095,0.001403958562669675,0.5027147486499371,5.519961631329219
26.774999999996094,0.003525075416782278,0.47747620100455507,8.02062566587376
26.779999999996093,0.0057852765780678885,0.42660426350970854,12.634134650873627
26.784999999996092,0.007733845895107136,0.3528234633060069,16.878185430607694
26.78999999999609,0.009266100138031558,0.2600782338637753,20.219906346285782
26.79499999999609,0.010299622867175989,0.15333085779400607,22.479044081622867
26.79999999999609,0.010778712975097379,0.1270676349355353,23.531224886159116
26.804999999996088,0.010677429804260681,0.15271066277765943,23.318230747356758
26.809999999996087,0.010001021484411362,0.19174487423049963,21.85233746115059
26.814999999996086,0.008785643828345471,0.2944061881958671,19.21218812499726
26.819999999996085,0.0070964197285593045,0.3812834517186138,15.538717284102152
26.824999999996084,0.00532783296607975,0.44770175926888556,11.02860573600705
26.829999999996083,0.004853582245945907,0.4900773253925261,9.852296612649601
26.834999999996082,0.004257508635124291,0.506105973473642,10.452240259177739
26.83999999999608,0.0035560393888557406,0.49489791934738436,10.003550367211163
26.84499999999608,0.004693306008929855,0.4570408883122741,10.1697522445444
26.84999999999608,0.006822338331116678,0.39457204056247336,14.817786855376482
26.85499999999608,0.008585915223436809,0.31085871636559353,18.66754282337619
26.859999999996077,0.009889067814102466,0.2104023199006802,21.51501576259
26.864999999996076,0.010661572534805888,0.18012604618497374,23.206084845404813
26.869999999996075,0.01086174277283362,0.17219133502831652,23.6463317747149
26.874999999996074,0.01047872571301762,0.15995611830128048,22.811219260166474
26.879999999996073,0.00953311102277139,0.24357052534169774,20.746850573792674
26.884999999996072,0.00807580373131447,0.3393523912410825,17.565895785962027
26.88999999999607,0.006185251984917778,0.4168683073176105,13.440470644649782
26.89499999999607,0.004955265406320508,0.47194951240419364,8.592011389983924
26.89999999999607,0.005274736559451886,0.5016341773584742,5.94690426735811
26.90499999999607,0.005460289414084424,0.5043332491586995,5.504997872451788
26.909999999996067,0.005509095543160908,0.4799136416086225,7.565617148392719
26.914999999996066,0.005720305908558654,0.4296936890130843,12.522363889822943
26.919999999996065,0.007685468085522539,0.3563711817724863,16.806639006416905
26.924999999996064,0.009236108406912817,0.2638849467836386,20.187854989122933
26.929999999996063,0.010288826748895745,0.15720239000954148,22.485167720516827
26.934999999996062,0.010786964832515409,0.12105103715952932,23.57465090796946
26.93999999999606,0.010703664214277245,0.13643416264226857,23.39572276080064
26.94499999999606,0.010043344898105783,0.18875463573499576,21.956895239760808
26.94999999999606,0.00884148671718659,0.2919886366326919,19.336705119318527
26.95499999999606,0.0071627008017296125,0.3795257295501138,15.678132047650916
26.959999999996057,0.005097218769301136,0.4466670834212944,11.178409500821802
26.964999999996056,0.002756028627427989,0.4898089733279845,6.078346461854581
26.969999999996055,0.0018619874440352297,0.5066278095400476,6.664600445038364
26.974999999996054,0.002242137257581594,0.49620176159579615,8.837824999331245
26.979999999996053,0.0046303054224982616,0.4590655043708911,10.134163671829949
26.984999999996052,0.006770946267840952,0.39719083376620296,14.714972552584904
26.98999999999605,0.008548662592529338,0.3138956961091673,18.60308251023006
26.99499999999605,0.009867577194799724,0.2136701447989982,21.48713801383844
26.99999999999605,0.010656549141987652,0.14004671960219664,23.213466275289996
27.00499999999605,0.010872989447754066,0.1595397763907938,23.69099206302784
27.009999999996047,0.010505105615164462,0.1631397977040295,22.896411735620866
27.014999999996046,0.009572490206330858,0.24123514226721765,20.873236664774403
27.019999999996045,0.008125054174457469,0.33773927048215013,17.728414621199423
27.024999999996044,0.006240364456211914,0.416136616816088,13.630523912376354
27.029999999996043,0.004328616192384906,0.4722128519741731,10.210270858353836
27.034999999996042,0.004248482953988022,0.5029554882012734,10.386451025338435
27.03999999999604,0.004064283805590681,0.5067188937446786,9.523375215867457
27.04499999999604,0.003780189133303714,0.483308107446515,7.708532481507769
27.04999999999604,0.005710912059358168,0.43398330667876633,12.357327910454323
27.05499999999604,0.007699364397430533,0.3613976285501968,16.676943340974102
27.059999999996037,0.00927649975638751,0.26945651503260726,20.09950206606248
27.064999999996036,0.010357891153054707,0.16310004363428057,22.443086493269085
27.069999999996035,0.010885722926874206,0.13124084904051916,23.58386460303482
27.074999999996034,0.010831833312243421,0.13534269768854326,23.464606452710523
27.079999999996033,0.010199145662538213,0.1834865481362513,22.094608103455947
27.084999999996032,0.009021467104904474,0.2875848749172544,19.544722608946167
27.08999999999603,0.007361705085969391,0.3763199326567933,15.949300486870124
27.09499999999603,0.005308543885878085,0.44494454737974676,11.50054540231186
27.09999999999603,0.0036081394005632998,0.48978379581944875,6.435153973569337
27.10499999999603,0.0038029302321149153,0.50843159267124,3.4794004030311387
27.109999999996027,0.0039111971719237235,0.4998830242365471,4.443392141024581
27.114999999996027,0.004455773099643335,0.46458542137443254,9.675649003821542
27.119999999996026,0.0066282680055642605,0.40441254099395635,14.393503148369495
27.124999999996025,0.008445722234685876,0.3225691506547053,18.343852987331573
27.129999999996024,0.009810717185887765,0.22342882982606221,21.312275344126554
27.134999999996023,0.010650053648797224,0.1123057553377281,23.136954451208013
27.13999999999602,0.010918727396115133,0.07898846152731127,23.71985024810886
27.14499999999602,0.010602354488957922,0.12171290645232505,23.030809768597518
27.14999999999602,0.009717928016471575,0.2320576825422215,21.10710066736198
27.15499999999602,0.008312901810748053,0.32995279974719965,18.050946214630077
27.159999999996018,0.006462656126697776,0.4101454738729267,14.026123435661395
27.164999999996017,0.004266472739198735,0.4683278811267085,9.246839465851776
27.169999999996016,0.002825019785006074,0.5013696770078541,7.726545899164163
27.174999999996015,0.0025910365304212205,0.507500405927224,9.507029735214983
27.179999999996014,0.0031647091048786617,0.48640469063415726,10.341100665301688
27.184999999996013,0.005478786162354956,0.43922613235638025,11.950724512743076
27.18999999999601,0.007498114355408325,0.3685051448649844,16.337670483815838
27.19499999999601,0.009114497697063214,0.2780481917969849,19.845110743384787
27.19999999999601,0.01024143283136001,0.17272586192174344,22.28382120671271
27.20499999999601,0.01081877507238951,0.16268969205635841,23.52210976596109
27.209999999996008,0.010815983424941507,0.15886132352611412,23.493381417769434
27.214999999996007,0.010233752250793798,0.17356477618982602,22.201451670457004
27.219999999996006,0.00910393675876433,0.2783614206219703,19.71720610240159
27.224999999996005,0.007487807650657197,0.3680902226208972,16.174314697169887
27.229999999996004,0.005472738990836212,0.4379372413075142,11.7644927774775
27.234999999996003,0.004288687462986542,0.4841624870809593,10.066383326906513
27.239999999996,0.004146762584082271,0.5043028846197627,8.77754576834243
27.244999999996,0.003909357562568654,0.49730641549139293,6.619291035604334
27.249999999996,0.004209907173325891,0.4635776499731798,9.362365072317033
27.254999999996,0.006381221894310009,0.404948238420486,14.089399548760975
27.259999999995998,0.008205053986510653,0.3245845984597869,18.056056435519384
27.264999999995997,0.009583570291041558,0.226821923352587,21.049013607361392
27.269999999995996,0.010442955877888424,0.12093769548578476,22.906831179207792
27.274999999995995,0.01073738260932373,0.1260301842381905,23.53074090007649
27.279999999995994,0.01045145460573773,0.12816759541474873,22.88844462405213
27.284999999995993,0.009601008560845467,0.22496883533455167,21.015256460825157
27.28999999999599,0.008232231179409844,0.3225421172397088,18.01405630123853
27.29499999999599,0.006419150715039518,0.4026900685084367,14.045124206253224
27.29999999999599,0.004259667018471058,0.4611034101189657,9.320212437958874
27.30499999999599,0.002790748377498143,0.4946385863925156,4.093858071461293
27.309999999995988,0.003099725141801755,0.5014918546631518,3.117358878597685
27.314999999995987,0.0034309623501758376,0.48129556403082996,6.725965489722296
27.319999999995986,0.0053680691381815,0.43513904236914497,11.736643174952123
27.324999999995985,0.00736969904599619,0.3655129207567482,16.11380547000716
27.329999999995984,0.008973910933481648,0.27617183423744834,19.62262913771358
27.334999999995983,0.010094163999558117,0.17192939219314926,22.074347680006984
27.33999999999598,0.01067000249100108,0.0950022907219294,23.335007443637238
27.34499999999598,0.010670340487341832,0.13084467469708416,23.335716649076343
27.34999999999598,0.010095146970560699,0.17180660086471788,22.07860135771566
27.35499999999598,0.008975404177478006,0.2760905163683685,19.63496484374547
27.359999999995978,0.007371373448026316,0.3655217754123207,16.13753877383616
27.364999999995977,0.005369328728208361,0.43529611251487826,11.772196067187426
27.369999999995976,0.003349655128735655,0.48165231882754567,8.482461838902193
27.374999999995975,0.002911745089831629,0.5020780712313411,9.901640091783673
27.379999999995974,0.002535963494369603,0.49545431451568434,10.3362453163276
27.384999999995973,0.00427012860296266,0.4621174108044703,9.742728320357996
27.389999999995972,0.006435030878860699,0.4038434995547637,14.024320205298345
27.39499999999597,0.008254040639010248,0.3237604045050715,18.008917814579213
27.39999999999597,0.009628899367981543,0.22618308708345783,21.022009154067067
27.40499999999597,0.010485290788491754,0.16245316962739084,22.90183323106351
27.409999999995968,0.010776858694915783,0.15235113886769366,23.54608663759879
27.414999999995967,0.01048772741821822,0.12707735009517462,22.91786279319779
27.419999999995966,0.009633387996205514,0.2258295766770806,21.051491026432
27.424999999995965,0.008259859077334621,0.3235819908712884,18.049474651251927
27.429999999995964,0.006441158337040518,0.4038983052463684,14.077051098780718
27.434999999995963,0.004275245317631819,0.46246690251712974,9.70312748811986
27.439999999995962,0.004194621261629241,0.49615319233177535,8.038428911184587
27.44499999999596,0.004297059599197488,0.5031611685539045,5.568607679594735
27.44999999999596,0.004284045855304065,0.4831245497928454,6.693709876941173
27.45499999999596,0.005385920664051572,0.43712166879925873,11.707442520493897
27.459999999995958,0.007397773200090634,0.3676193456163832,16.09348675265694
27.464999999995957,0.009012688967137774,0.27834696120248653,19.615467012902478
27.469999999995956,0.010143801755453088,0.17409815412364904,22.084055818633423
27.474999999995955,0.010730214322049215,0.11379710542444238,23.3684568249044
27.479999999995954,0.010740234086354451,0.12660601387866843,23.401878898104258
27.484999999995953,0.01017304362254141,0.17041721873250862,22.18142187781525
27.489999999995952,0.009058780107228933,0.27528818739249167,19.76696558617886
27.49499999999595,0.00745700612019849,0.3654214074196993,16.286322424704935
27.49999999999595,0.005453543172757396,0.43596377155675536,11.930623230118002
27.50499999999595,0.0031558195710854288,0.4831256691120511,6.934135792000697
27.509999999995948,0.0028346954508843194,0.5043690885764661,4.271346925970513
27.514999999995947,0.0031711528661885536,0.49854361660394425,7.007728490522648
27.519999999995946,0.0042314400215912205,0.4659527575978508,9.142922819663422
27.524999999995945,0.006417173279040779,0.4083405453819911,13.901962066680996
27.529999999995944,0.00826002799367617,0.3288013404721811,17.91371989724365
27.534999999995943,0.009661063691133662,0.23161293851082718,20.96164088729874
27.539999999995942,0.010545108785930044,0.12200509940773405,22.88149475393946
27.54499999999594,0.010864793636601687,0.14288748286369188,23.573008664784663
27.54999999999594,0.010603050716580893,0.15971752906284,23.000931227285317
27.55499999999594,0.009773992092874299,0.22105744061339824,21.19564147037642
27.559999999995938,0.00842215252523313,0.3196783864430809,18.252736861497485
27.564999999995937,0.006620121470242988,0.4011340355529914,14.329522782467373
27.569999999995936,0.004464653592700543,0.4610531154640052,9.638109181938647
27.574999999995935,0.0025335896278395886,0.49622955430012494,10.283904436191486
27.579999999995934,0.002532365366169418,0.504792130508873,10.298348678054495
27.584999999995933,0.002908834806523845,0.48629887460781723,9.287709546171078
27.589999999995932,0.005228971904869103,0.441755964730306,11.42729745959277
27.59499999999593,0.007267262856016019,0.37356041572847787,15.850922141139105
27.59999999999593,0.008914605791788757,0.2853767585806312,19.422540718000345
27.60499999999593,0.010082916733897695,0.18194761826295427,21.94911540907131
27.609999999995928,0.010709894930988279,0.14508273509435865,23.292467666797723
27.614999999995927,0.010762416760036178,0.11418718702780359,23.378968144166596
27.619999999995926,0.010238330621518096,0.16179952645311332,22.206870855430022
27.624999999995925,0.009166521410499888,0.266924157954179,19.842981744997168
27.629999999995924,0.0076052812480425095,0.3575719070287856,16.416117884846255
27.634999999995923,0.005639122820537347,0.42889146397329597,12.111704892958482
27.639999999995922,0.004432362587609074,0.4770757412934762,7.1620060351140005
27.64499999999592,0.004398212324861918,0.4995590755087075,4.5358855455121345
27.64999999999592,0.0043476682131856625,0.495152048434702,4.368642353211048
27.65499999999592,0.0042386114626782176,0.46411716542572823,8.819814723008871
27.659999999995918,0.006133023139970947,0.4081588589048942,13.563507885325272
27.664999999995917,0.007979234310548705,0.3303256093262246,17.569791946143223
27.669999999995916,0.009392157718279113,0.23484375376595043,20.622950277967316
27.674999999995915,0.010296469630783128,0.1268810112356632,22.562146734148502
27.679999999995914,0.01064432262084684,0.13385818207140043,23.286183844187843
27.684999999995913,0.010417855045890056,0.13906978273699364,22.756775980759343
27.689999999995912,0.00963012154362789,0.21224618613233273,21.002812563158383
27.69499999999591,0.008324381068625809,0.3100500038685106,18.118714531313593
27.69999999999591,0.006571752451898574,0.3910014428223979,14.261861050241968
27.70499999999591,0.004467335059459062,0.4507655141534248,9.643767482169302
27.709999999995908,0.0025787404276227223,0.48616302634882474,5.355483420066809
27.714999999995907,0.0031023127922547677,0.4953341831317599,7.795350222988907
27.719999999995906,0.0035447658001642388,0.4778327626515679,9.446779224061187
27.724999999995905,0.005042842583027943,0.43464559857715324,11.121072120506188
27.729999999995904,0.007049796532823407,0.36813598134104925,15.482774773936008
27.734999999995903,0.008674912544588806,0.28191042336512423,19.007448416434755
27.739999999995902,0.009831234607267269,0.18061840170627053,21.509360247107622
27.7449999999959,0.010457031432879061,0.14792393866165335,22.857869020020907
27.7499999999959,0.010519029340744281,0.157861336024475,22.982728552306106
27.7549999999959,0.010014163144447854,0.1570453131262113,21.87493054123396
27.759999999995898,0.008969767639767968,0.26071288874575194,19.592099706583184
27.764999999995897,0.0074421275455982564,0.3503431489221457,16.26000436397508
27.769999999995896,0.005513414381958251,0.4211421165338726,12.059582680716272
27.774999999995895,0.0035013399220396478,0.46932624497194636,10.114229281476849
27.779999999995894,0.0029415974324334326,0.4923079469496265,9.6808844795347
27.784999999995893,0.002305998411548086,0.48883397590511307,8.285644773913697
27.789999999995892,0.00393945593751732,0.4590696756030644,8.537519606455783
27.79499999999589,0.006098625628739498,0.40459820088582515,13.251070280440375
27.79999999999589,0.007930959598153285,0.3283353868797058,17.254055322008043
27.80499999999589,0.009337744060664831,0.23437839812492486,20.32874017990516
27.80999999999589,0.010243143304728659,0.1518714289175261,22.310099269820345
27.814999999995887,0.010598286994959898,0.144311066441256,23.091949893671813
27.819999999995886,0.010383890032219515,0.13314396923085162,22.63250541829938
27.824999999995885,0.009611282831930044,0.2090079184277544,20.95667727758726
27.829999999995884,0.008321809946014539,0.3067812359384589,18.15264972669538
27.834999999995883,0.006584630094112957,0.38809070482218866,14.371137826797161
27.839999999995882,0.004863371726669764,0.44856084215938963,9.8169171080837
27.84499999999588,0.005094041136633626,0.48493907796706465,4.973802717316729
27.84999999999588,0.0052011132460749575,0.4952654932222679,5.1340116457420635
27.85499999999588,0.0051806217875939534,0.4789805378456493,5.910171037742428
27.85999999999588,0.005031719604954783,0.43695450003097663,10.90024408812702
27.864999999995877,0.007037692123051796,0.3714372795931323,15.306644087011295
27.869999999995876,0.008681145036775792,0.28594388589647984,18.890713391650422
27.874999999995875,0.009858679828167172,0.18507003066008224,21.458828702909514
27.879999999995874,0.01050695069460434,0.1310633107664468,22.873857195208025
27.884999999995873,0.010591053879303572,0.14681228007062463,23.060285984748216
27.889999999995872,0.010106384056425397,0.1590534352513702,22.009252047684353
27.89499999999587,0.009078861627858653,0.2577380843105305,19.777626830058164
27.89999999999587,0.007563539843885059,0.3483906292789197,16.483391157298268
27.90499999999587,0.005641688405333168,0.4203499461418533,12.300335587875756
27.90999999999587,0.0034164840729569526,0.4697317868086517,7.452400678844034
27.914999999995867,0.002840809802910638,0.49387171143556946,8.509205275018639
27.919999999995866,0.003163550756421953,0.4914754852678614,9.761596339855506
27.924999999995865,0.0038530924720354422,0.4626774459102191,10.039026694683393
27.929999999995864,0.006020525195294147,0.4090226352645685,13.104768154210166
27.934999999995863,0.007876546741016024,0.3333859830241979,17.149892741938757
27.939999999995862,0.009309582465438001,0.23982830674460476,20.27317776989932
27.94499999999586,0.010242607112969,0.15324519761423783,22.305524020822546
27.94999999999586,0.010625498700992718,0.15670842349119432,23.137063709624208
27.95499999999586,0.010437734230805962,0.14452547581390027,22.725317873608837
27.95999999999586,0.0096894519205502,0.2044320530859186,21.095154954202634
27.964999999995857,0.008420848747058847,0.3030092163106339,18.335710335684283
27.969999999995856,0.006699983050289207,0.3853370623972369,14.595428098957631
27.974999999995855,0.004619117982807517,0.4470089645954569,10.073332780330867
27.979999999995854,0.003380838430308829,0.48471911243838056,9.232663563636821
27.984999999995853,0.0026031222334919096,0.4964423766765512,7.491612364513447
27.989999999995852,0.0026080800918700723,0.4815472870457766,5.636615190739406
27.99499999999585,0.004914026030507604,0.4408310884092559,10.649864263869242
27.99999999999585,0.006957286565093379,0.3764731254250711,15.093320929805188
28.00499999999585,0.008628264646296034,0.2919181070560046,18.728686417822153
28.00999999999585,0.009837299147599008,0.191695693465196,21.36027901850216
28.014999999995847,0.010519489425876787,0.16976740372807456,22.845831229208848
28.019999999995846,0.010638188679239833,0.1544557603975974,23.106622509441014
28.024999999995845,0.01018695477576629,0.14679284488871966,22.13022884576726
28.029999999995844,0.009189886751543416,0.2520343648004383,19.966379118921083
28.034999999995843,0.007700368370930963,0.34377298744455553,16.72906993872655
28.039999999995842,0.0058149832978964715,0.41707854894728935,12.593154662367626
28.04499999999584,0.006024835549657653,0.468014670648127,7.781294017967789
28.04999999999584,0.006080931772038346,0.4938471448509583,6.292216831252183
28.05499999999584,0.005980747165403726,0.49318849159023614,6.230294860720669
28.05999999999584,0.00572582702291169,0.4660728042251258,8.031117978590617
28.064999999995837,0.005884961716660856,0.41395572706881495,12.8157128839342
28.069999999995837,0.007768943976052581,0.33963717668789123,16.91170726843589
28.074999999995836,0.00923581808453783,0.2471124667062204,20.098176724233273
28.079999999995835,0.010206988878101434,0.16594415397389256,22.20446967056398
28.084999999995834,0.010630488886838462,0.18182536627582407,23.120209506894522
28.089999999995833,0.010483732810762323,0.1930430594567405,22.796084885757978
28.09499999999583,0.009774737705143213,0.19927623277254788,21.245865448468596
28.09999999999583,0.008541741192942234,0.2963471458387953,18.552409270407498
28.10499999999583,0.006851157714129632,0.37988624568625984,14.863230668578973
28.10999999999583,0.004793981218795589,0.4429843524473746,10.376012035867454
28.114999999995828,0.0033062334186865524,0.48224735613234454,9.14229875935361
28.119999999995827,0.004123497680111263,0.4955562864124301,10.045498250970079
28.124999999995826,0.0048373329811704216,0.4821925504597183,9.944777343680805
28.129999999995825,0.005429071646937369,0.44287586200700735,10.386798326086407
28.134999999995824,0.006777144325763174,0.37972175535322916,14.874844335425434
28.139999999995823,0.008466771467047277,0.29612910116042657,18.56221734169631
28.14499999999582,0.009698586230983079,0.19659680441390473,21.250701356913282
28.14999999999582,0.010406284785705714,0.15509036781259222,22.794973418587325
28.15499999999582,0.010551785868238002,0.13717312023163084,23.110947356371707
28.15999999999582,0.010127302586690354,0.14151112815682354,22.180630121462848
28.164999999995818,0.009155775943014763,0.2470995293134212,20.054730341177113
28.169999999995817,0.0076896301693807735,0.33935878014018706,16.848969989530012
28.174999999995816,0.00580794266524831,0.41331622151281416,12.734006559521417
28.179999999995815,0.0036122053600289978,0.4649787005749296,8.74241812376756
28.184999999995814,0.0022339164570703176,0.491560086403505,6.684374023687722
28.189999999995813,0.0012636121181611893,0.49163668257866644,3.95660194088107
28.19499999999581,0.003629264906827714,0.4652158682034739,7.897394954036694
28.19999999999581,0.00582662244146051,0.4137271456496633,12.698094067487997
28.20499999999581,0.007710797483234355,0.3399428710598908,16.815615768421655
28.20999999999581,0.009180233111035337,0.24783138006051472,20.028980631329603
28.214999999995808,0.01015566301921177,0.16469497834597982,22.167338108850515
28.219999999995807,0.010584342335719935,0.1439312216016462,23.11643781789611
28.224999999995806,0.01044288046690767,0.11954672141601257,22.822375906629553
28.229999999995805,0.009738551151968443,0.19601583505758782,21.297601749162833
28.234999999995804,0.008508971615368852,0.29581597958225875,18.622456060706366
28.239999999995803,0.006820130295782298,0.3797205482523773,14.93937140734173
28.2449999999958,0.006185306309786391,0.4431901207383472,10.448457587046775
28.2499999999958,0.00610386636091805,0.4827969074101477,6.2952048184758675
28.2549999999958,0.005866081438230105,0.49640753782289876,6.024312456910759
28.2599999999958,0.005478684107671959,0.48329420173279325,7.929046379698808
28.264999999995798,0.004952352230954431,0.44417031540305063,10.35422501242825
28.269999999995797,0.006831346211033069,0.3811518882594107,14.853145845028283
28.274999999995796,0.008528344950814016,0.2976476076529825,18.548566397543755
28.279999999995795,0.009767874629737232,0.19816426391631467,21.244771097124204
28.284999999995794,0.010483413056885348,0.18686029582240266,22.800491692227542
28.289999999995793,0.010636580545444464,0.19232477528040975,23.133595692664393
28.29499999999579,0.010219171278261436,0.19274115178324147,22.2245978411906
28.29999999999579,0.009253620922744225,0.24604054685296778,20.119782758427505
28.30499999999579,0.007791839459214036,0.3386720385591205,16.932813924034335
28.30999999999579,0.005912427479425779,0.4130927533561982,12.835471994797357
28.314999999995788,0.0037164532774815627,0.465296927421507,9.620329644794602
28.319999999995787,0.004301607327680409,0.49246913869638187,10.146663895905805
28.324999999995786,0.004861355419397484,0.4931458848837028,9.659920707946513
28.329999999995785,0.005290101544914074,0.46729237671318524,8.208120209340663
28.334999999995784,0.005752067566570342,0.41629660961279585,12.608891975644003
28.339999999995783,0.007650057087127071,0.34289919860991197,16.750072425510194
28.344999999995782,0.009134928136434349,0.2510492211130111,19.98991857325092
28.34999999999578,0.010126776776250719,0.14999374438163737,22.15367594653616
28.35499999999578,0.010572246793394503,0.12660020377674114,23.123309161294156
28.35999999999578,0.010447421875265008,0.10015631606617369,22.846895374604202
28.364999999995778,0.009759103934058348,0.19289943718689848,21.3417837818477
28.369999999995777,0.008544403040242824,0.29298092033932166,18.690809479122425
28.374999999995776,0.006868702835442699,0.3772991615807425,15.036487017446616
28.379999999995775,0.004822133145905042,0.44132871423433834,10.5753340439922
28.384999999995774,0.0025147190710490754,0.4816369157080679,5.669055903475427
28.389999999995773,0.001999581668308697,0.49606829385822154,2.770286462451798
28.394999999995772,0.0023793689990669197,0.4838617246219289,5.10723240907877
28.39999999999577,0.004703251890532506,0.44569143196432526,10.160884653962974
28.40499999999577,0.006776524292429602,0.38361752879453115,14.66867661395524
28.40999999999577,0.00848798978405311,0.30096866785488613,18.390867761903472
28.414999999995768,0.009745835744779425,0.20216971643565076,21.128712805791544
28.419999999995767,0.010482541765819928,0.1097378870474194,22.734096976246878
28.424999999995766,0.010658535270852464,0.10376869203562757,23.117095802993628
28.429999999995765,0.010264371774344163,0.1355501086357822,22.25683166430353
28.434999999995764,0.009321257892720857,0.24169544401354828,20.201302486803797
28.439999999995763,0.007879888486589074,0.3348523184391771,17.06144728344851
28.444999999995762,0.006017709649957291,0.41001921621355236,13.005311826302192
28.44999999999576,0.0051253412592260445,0.46315801658742484,8.250208323247229
28.45499999999576,0.0048074273539212104,0.49141512108590374,6.526472246327345
28.45999999999576,0.004374622987092905,0.4932813432561088,8.600896718081454
28.464999999995758,0.0038532730979314363,0.4686721000968154,9.812503553155654
28.469999999995757,0.005637283861285105,0.41892502623099925,12.361276890671826
28.474999999995756,0.007551408295829743,0.34672474758687255,16.51883456697947
28.479999999995755,0.009058119561603337,0.255959758722577,19.78716097873954
28.484999999995754,0.010076797183292461,0.15845221825244704,21.99222652905948
28.489999999995753,0.010553045926859798,0.15918104284849255,23.017006462631453
28.494999999995752,0.010461599604905968,0.1559455519953284,22.804971029068277
28.49999999999575,0.009807701335698684,0.18599257142752854,21.365363039788065
28.50499999999575,0.008626861418072583,0.2863433956229227,18.77496663837044
28.50999999999575,0.0069829652183604415,0.37121508426194805,15.173708817240403
28.514999999995748,0.0049648319301023895,0.43603823104129025,10.755549894496983
28.519999999995747,0.003796038154619069,0.47732127743414626,10.02005981732862
28.524999999995746,0.0041880359973345,0.49283922670687647,9.148635660570497
28.529999999995745,0.004472909536060246,0.4817607742164407,7.361246987109839
28.534999999995744,0.004645807522004412,0.44469732202540063,9.944488833795518
28.539999999995743,0.00656752006942389,0.38366536800359147,14.46829277492868
28.544999999995742,0.008281614971037824,0.30197259264199716,18.208817369709777
28.54999999999574,0.009546635715986908,0.20403570533764706,20.96593755203109
28.55499999999574,0.010294579194014641,0.11367371719679692,22.591670233647626
28.55999999999574,0.010485348625281674,0.08166752065218034,22.998569462389657
28.564999999995738,0.010108890895013163,0.13174917874076927,22.167536687263745
28.569999999995737,0.009185686705896035,0.2375324969060905,20.145790578865636
28.574999999995736,0.007765608605085993,0.33049874341793833,17.040708025874263
28.579999999995735,0.005925256638995497,0.40564204301827544,13.016611814261195
28.584999999995734,0.0037638846717655884,0.45890674387370656,8.289268527911704
28.589999999995733,0.0031711454336199266,0.487415182097435,3.7556450338586957
28.594999999995732,0.0029800522878521596,0.48962939131478217,3.5842887672997144
28.59999999999573,0.0034321888359893425,0.4654335124038928,7.44992848971489
28.60499999999573,0.0056361082630240235,0.4161342584099981,12.269773107843461
28.60999999999573,0.0075374071758373086,0.3443853067153324,16.42980757002348
28.614999999995728,0.00903347562587508,0.25404207329978934,19.707485796194586
28.619999999995727,0.010043479958354437,0.14995965969196148,21.925479646937443
28.624999999995726,0.010512726749019737,0.12400204304656455,22.962761600182965
28.629999999995725,0.010415638090123575,0.11754987401652432,22.762669082534526
28.634999999995724,0.009757143496724102,0.1868233172271662,21.33684975528151
28.639999999995723,0.008572397295563985,0.2870751632368907,18.763888648609147
28.644999999995722,0.0069248674612863185,0.3719367704741899,15.180754246311288
28.64999999999572,0.0049029442770508165,0.436832503220028,10.7775388520245
28.65499999999572,0.003989182265067073,0.4782522661504818,7.469333855027726
28.65999999999572,0.004185840017324518,0.49394854733503213,9.222094988896528
28.664999999995718,0.004285666582972681,0.48306204840259165,10.050842177707846
28.669999999995717,0.004580871905866143,0.4461682461706251,9.914775166147832
28.674999999995716,0.006659399786148733,0.3852429059424285,14.455360925131371
28.679999999995715,0.008381391213702145,0.3035536650789511,18.22033542026036
28.684999999995714,0.009653988377350568,0.20548520038042858,21.00705045914948
28.689999999995713,0.010408463639261237,0.15665769925500725,22.66506793948469
28.694999999995712,0.010603933145926088,0.15300679885057436,23.103734501215875
28.69999999999571,0.010229576428553235,0.13399735779998911,22.299658904120204
28.70499999999571,0.009305219971373707,0.23811699764057848,20.29690605961561
28.70999999999571,0.00788026750602114,0.3318639885004609,17.20189028433819
28.714999999995708,0.006031065065571308,0.4078169876794876,13.179309387273072
28.719999999995707,0.0038568233380988173,0.46187970330952743,9.793933188065795
28.724999999995706,0.0025758118834884516,0.4911375764677255,8.523964651759599
28.729999999995705,0.0029184526306199566,0.4940182960834403,6.403293272519407
28.734999999995704,0.003399584895389615,0.47037184498357587,7.353495887695831
28.739999999995703,0.005629183757145212,0.4214676997186821,12.208162218262117
28.744999999995702,0.00755766448091603,0.3499245897896612,16.409081753346797
28.7499999999957,0.0090814133608122,0.2595749621688198,19.730769294990576
28.7549999999957,0.010118506058495161,0.1552621169043737,21.994368810788774
28.7599999999957,0.010613125011795952,0.058210358900210396,23.07629218458273
28.7649999999957,0.0105385937493902,0.0723979693782485,22.917081333096583
28.769999999995697,0.009898831427954807,0.18350695919591437,21.526514593970703
28.774999999995696,0.008728126445039572,0.2847750339701896,18.980715315740216
28.779999999995695,0.007089267722502326,0.37076845504472294,15.416653114073846
28.784999999995694,0.005070153135313715,0.43687737983073877,11.026916800333046
28.789999999995693,0.003663326019510647,0.4795689894973209,6.049727066300165
28.794999999995692,0.0031824501563329577,0.496575354667742,3.283326870431841
28.79999999999569,0.0026200198960434277,0.4869997449896792,5.792457218252401
28.80499999999569,0.004466157076323958,0.45135852651492736,9.67342451680748
28.80999999999569,0.006573469052913126,0.3915662641207579,14.243480440860875
28.81499999999569,0.008329485645135639,0.3108403727682619,18.046876100138242
28.819999999995687,0.009640392792487169,0.2135224861723613,20.880278538222846
28.824999999995686,0.010436293277699136,0.14863228006976623,22.593632765749664
28.829999999995685,0.01067491546147798,0.1437239470761171,23.096984159581268
28.834999999995684,0.010343831953915385,0.1490224441743155,22.36530952972172
28.839999999995683,0.0094610866734409,0.23005354356565363,20.438280446881592
28.844999999995682,0.008074215445879628,0.324694947458868,17.418281110404934
28.84999999999568,0.0062577080614677665,0.4019080063058915,13.466942428405071
28.85499999999568,0.0044619636342502055,0.4575638500211294,8.795395057690504
28.85999999999568,0.004757575841662461,0.48868434092885676,9.553766303374646
28.86499999999568,0.004938959706682615,0.4936056402436165,9.980122934563525
28.869999999995677,0.005000782792533284,0.4720764467942922,9.405875387979894
28.874999999995676,0.0053698918119053024,0.4252713870676456,11.794628090426011
28.879999999995675,0.007322370959989302,0.35572027216597113,16.025817870244435
28.884999999995674,0.008879608371993671,0.26717469263578947,19.392413941829005
28.889999999995673,0.009958580348494294,0.16441409796446874,21.71182392670019
28.894999999995672,0.01050206031297213,0.14463170992066465,22.862660128420462
28.89999999999567,0.010481642895186324,0.12844965438294323,22.78643697864522
28.90499999999567,0.009899203229278345,0.17183101142220436,21.488025613840584
28.90999999999567,0.008786760844517074,0.27314594248231366,19.03794681020398
28.91499999999567,0.007204731875194212,0.3596656452468444,15.569934295609071
28.919999999995667,0.0052386485561132816,0.42676768238554474,11.270880559871577
28.924999999995666,0.00299455551328104,0.47086953474737114,7.6420704013800504
28.929999999995665,0.002979046960956644,0.4896147493930063,5.245972686733235
28.934999999995664,0.003135595041321829,0.48200287859311053,4.172973793353272
28.939999999995663,0.00416183882026541,0.4484529426990363,9.247000564276732
28.944999999995662,0.006259932994206453,0.3907847268773986,13.820285764378815
28.94999999999566,0.00801718596342557,0.3121164608102634,17.64702066247594
28.95499999999566,0.009339222995670773,0.21669835208782945,20.52022282649846
28.95999999999566,0.010155180359203606,0.10968459332531096,22.285280678509842
28.96499999999566,0.010421508282278816,0.06917538851792128,22.849926289705415
28.969999999995657,0.010124255689218261,0.11574761312899956,22.18774932380547
28.974999999995656,0.009279740370596246,0.22205851431981363,20.336611152521048
28.979999999995655,0.007933623022700998,0.31638842483829743,17.395353054873212
28.984999999995654,0.006158461750949661,0.3936760838622528,13.519710554709556
28.989999999995653,0.004266230391608,0.449765673529196,8.916125312068218
28.994999999995652,0.0037569001327157,0.4816338531307431,4.208150280867383
28.99999999999565,0.0031601048664416623,0.48755618477690044,6.850535125445943
29.00499999999565,0.003088519270064326,0.46720490166974155,8.807542232406625
29.00999999999565,0.005310702918426433,0.42166855767511996,11.53623822507321
29.01499999999565,0.007248344507988766,0.3533880781498301,15.775953585043306
29.019999999995647,0.00879688287274747,0.2660272677536643,19.168370573423775
29.024999999995647,0.009872657641930115,0.16428263991940298,21.529480560281673
29.029999999995646,0.010417441308661833,0.15007173767706225,22.73124469816474
29.034999999995645,0.010401599279974062,0.15402622152596238,22.708141310511362
29.039999999995644,0.009825703055243525,0.17039085164382178,21.461144047658866
29.044999999995643,0.008720513599300638,0.27168493073334293,19.05648758815045
29.04999999999564,0.007145334261468091,0.3583868043996893,15.624261878388804
29.05499999999564,0.005184803959732845,0.4258253162944255,11.351142879506229
29.05999999999564,0.004604115864910716,0.4703681135115147,9.886110034017651
29.06499999999564,0.0048157014610196065,0.4896049565240312,9.866516328567366
29.069999999995638,0.004911985636032406,0.4824781739774318,8.856350253809284
29.074999999995637,0.004891471062950817,0.44934995322727606,9.171814083745858
29.079999999995636,0.006318738691419287,0.3919893496860178,13.772427332757891
29.084999999995635,0.008082394720294313,0.31347306186400736,17.634087796047005
29.089999999995634,0.009411118889257485,0.21801660572127288,20.54849466104761
29.094999999995633,0.010233043142929782,0.13628693969366007,22.356909328401347
29.09999999999563,0.010503559583554886,0.1149488279074562,22.962936769704278
29.10499999999563,0.0102077199851925,0.12810918600156967,22.33418337019224
29.10999999999563,0.009361040270912904,0.222882565864498,20.50311503666876
29.11499999999563,0.00800869121657441,0.31805705587091115,17.566680965897266
29.119999999995628,0.006223116116347979,0.3961729842196765,13.679690373609528
29.124999999995627,0.004100193155299019,0.45299620019992565,9.049596018490657
29.129999999995626,0.0020234575455854295,0.48543869354419567,4.014974955852469
29.134999999995625,0.001989701253684616,0.49173767269218494,2.1346233476886507
29.139999999995624,0.0030970491764368774,0.4715480000217331,6.668059408159009
29.144999999995623,0.005340799013573909,0.4259519348330988,11.570366667295133
29.14999999999562,0.007299186770515681,0.3574031679436269,15.849140088494238
29.15499999999562,0.008866683673474934,0.2695955932400875,19.273889792922294
29.15999999999562,0.009958799294273712,0.16725065507943315,21.664085471340336
29.16499999999562,0.010516560215890357,0.06239717423132197,22.894691133542263
29.169999999995618,0.010509620896322878,0.08359538596462027,22.898570851038713
29.174999999995617,0.009937898956534467,0.17005933452114855,21.673386399733243
29.179999999995616,0.008831620294331571,0.27245213036001914,19.28373193581583
29.184999999995615,0.007249729655028157,0.3603041253613605,15.85706606472142
29.189999999995614,0.005276745939502927,0.42888936084874807,11.577028130234128
29.194999999995613,0.00397300693920454,0.4745119332879651,6.672000845453057
29.19999999999561,0.0035008712297236446,0.49470052155889693,7.795813101828743
29.20499999999561,0.0030583792939965653,0.4883404511275073,9.401145265116385
29.20999999999561,0.004222585248337154,0.4557373023386267,10.075288899397483
29.21499999999561,0.006358450825678372,0.39860892859787866,13.757552616222995
29.219999999995608,0.008154963460245034,0.3199961252288012,17.68756873140861
29.224999999995607,0.009515191410869669,0.22409505502106428,20.67285935168695
29.229999999995606,0.010365516731602931,0.1500331157770664,22.55113334784076
29.234999999995605,0.010659636794036509,0.15826710649769551,23.21771528058486
29.239999999995604,0.010381131592680094,0.15262569615550012,22.633478297391918
29.244999999995603,0.00954441798620258,0.22167041034725887,20.82867294401099
29.2499999999956,0.00819400563034958,0.31849453199395206,17.90097571466709
29.2549999999956,0.006402100557870412,0.3982674969977307,14.008210286845
29.2599999999956,0.004280980047781089,0.4566897001557627,10.087703268916952
29.2649999999956,0.004628593744858215,0.4906135123374633,9.681736755747794
29.269999999995598,0.004869284873912306,0.49820571966227345,8.311438651017962
29.274999999995597,0.004996743761505543,0.4790405714665967,6.494088311882802
29.279999999995596,0.005301620485769498,0.4341219132141411,11.473374989099836
29.284999999995595,0.007301501522652647,0.36583050153913543,15.843189680902999
29.289999999995594,0.008910596377481915,0.27780744039258554,19.366034777717765
29.294999999995593,0.010042038513031341,0.17476941382719444,21.849175848439575
29.299999999995592,0.010634589768505667,0.10492646228167339,23.158154337422722
29.30499999999559,0.010655974139605395,0.11560061594869252,23.22121697665464
29.30999999999559,0.010104658457083745,0.1668289330860154,22.031420288692544
29.31499999999559,0.00901000175104472,0.2710337493296043,19.650506208743895
29.319999999995588,0.007430725491656312,0.3606767544257721,16.20669582972393
29.324999999995587,0.005451758390641889,0.43091008598001396,11.886636791973423
29.329999999995586,0.0031796470579412164,0.47793444710027433,6.923107656131137
29.334999999995585,0.002085596989415215,0.4991993070710091,2.5715880400605875
29.339999999995584,0.002431775990527609,0.4935412611970333,3.84605468175332
29.344999999995583,0.004132029283900891,0.46125495310054626,9.068468556841822
29.349999999995582,0.006295384271059258,0.4040870417628186,13.798695978249722
29.35499999999558,0.008118452944201167,0.32514042749396055,17.77994972929423
29.35999999999558,0.009503029463279614,0.22869018013742956,20.800149213319013
29.36499999999558,0.010374605153970129,0.11994009613878365,22.699884386140276
29.369999999995578,0.010686329720554607,0.09483332433532624,23.376261871369998
29.374999999995577,0.010421534078415043,0.1289102542147343,22.79082526697033
29.379999999995576,0.009594653510848677,0.22008423967571533,20.97567566298157
29.384999999995575,0.008250443374435399,0.3175998148896072,18.030554422576014
29.389999999995574,0.006461530936726783,0.3979651601938545,14.115583699123562
29.394999999995573,0.004885278700946165,0.45686071629461783,9.442638741182297
29.399999999995572,0.004460748686723032,0.4911252241924559,8.298548893121081
29.40499999999557,0.003925127947773942,0.4989210153256077,9.615341384981813
29.40999999999557,0.003290235278838701,0.47983819265774724,9.974793877870608
29.41499999999557,0.005254417891609732,0.4349240741999942,11.47736628064971
29.419999999995568,0.007258273391780688,0.3666181258684052,15.845013051986468
29.424999999995567,0.008871338470266237,0.27860790552582826,19.359075085045024
29.429999999995566,0.010006929650128834,0.17562856641921998,21.83266055759921
29.434999999995565,0.010604035070570686,0.17436049975283366,23.133325307079417
29.439999999995564,0.010630575183318143,0.16943018080074146,23.191138059349157
29.444999999995563,0.010085129317160128,0.16558078980466776,22.002155199101665
29.449999999995562,0.008997034120522017,0.26965728885058543,19.62844441926627
29.45499999999556,0.007424838839275952,0.3592208236478537,16.196969499641796
29.45999999999556,0.005453164890001158,0.4294487560620807,11.894203466049575
29.46499999999556,0.005029065280642812,0.4765703587428972,9.223211537364287
29.469999999995558,0.0053988576662439185,0.4980702792954124,7.581497571303283
29.474999999995557,0.00563741415225703,0.49281519818783504,5.541745054610594
29.479999999995556,0.005738290551615862,0.4611016589115898,8.937852652738474
29.484999999995555,0.006274833856442123,0.4046357522398628,13.648510015952814
29.489999999995554,0.008102542258617191,0.3264476086301801,17.62674742792093
29.494999999995553,0.009495506515039899,0.23073809393891465,20.6570584485861
29.499999999995552,0.010378996091452874,0.12265773662628297,22.575084476467513
29.50499999999555,0.010705699640270116,0.12387118800114444,23.27853701380026
29.50999999999555,0.010458265171724507,0.14322576375647153,22.729924273991788
29.51499999999555,0.009650225328847352,0.21621846683200768,20.958474331267535
29.519999999995548,0.008325264326084745,0.313765934273047,18.06051264514899
29.524999999995547,0.006554851230988943,0.394399303765289,14.192835151748488
29.529999999995546,0.004434375149568204,0.4537911288030245,9.56389486334617
29.534999999995545,0.0020779963611193574,0.4887603865765342,4.423808246058012
29.539999999995544,0.0017962502222743492,0.49744651130345685,4.193485097194276
29.544999999995543,0.0028296508907885236,0.4794054915797464,6.785656486999821
29.549999999995542,0.005117221304118849,0.43562267375240343,11.24607759674203
29.55499999999554,0.007127424895914616,0.3684587629659206,15.619486717851613
29.55999999999554,0.00875240755972718,0.2815343025591187,19.150297444869942
29.56499999999554,0.009905091576534353,0.17953930416376082,21.647701913274112
29.569999999995538,0.010523873783401047,0.10724559956503356,22.97858831906244
29.574999999995537,0.010575924804171598,0.13636699889639783,23.072111223987438
29.579999999995536,0.01005893790949725,0.15964158759504343,21.923255704150726
29.584999999995535,0.009001243051338197,0.2634363556685871,19.59465152526759
29.589999999995534,0.00746026709720541,0.3529540259845409,16.212416601114686
29.594999999995533,0.005519421184499461,0.4233843390978553,11.959708644211647
29.599999999995532,0.004682925755628468,0.4709512718090062,8.872935504691213
29.60499999999553,0.004115081344540711,0.49311278154038857,9.803601140790342
29.60999999999553,0.003447539204562108,0.4886889887222985,9.753336136984071
29.61499999999553,0.003947622010122879,0.45792685460777455,8.737797066269607
29.619999999995528,0.0060986745880209315,0.40249417655146497,13.435274156254728
29.624999999995527,0.007918382655079584,0.3253890502720116,17.406776355527285
29.629999999995526,0.009308792040375916,0.23077470384653292,20.43896221466497
29.634999999995525,0.010195113333660586,0.1745493737457417,22.369393937011996
29.639999999995524,0.010529734936277969,0.16794542716351224,23.094200418080757
29.644999999995523,0.010294789823123462,0.15719718629384302,22.572879750332785
29.649999999995522,0.009503139239430476,0.21258736063578335,20.83291536741424
29.65499999999552,0.008197684939283903,0.30959435942285707,17.969884147416074
29.65999999999552,0.006449019996946577,0.38987161751208815,14.141019088277014
29.66499999999552,0.004846399094259597,0.4491081359342446,9.553588280585998
29.669999999995518,0.005182925780988217,0.4841273925993206,6.643861202540291
29.674999999995517,0.005389284394787108,0.4930516734418169,5.427457482774855
29.679999999995516,0.005460809749512354,0.4753962228884384,6.177778172905512
29.684999999995515,0.005396222854277589,0.43209465174818124,11.142850283197735
29.689999999995514,0.0071082000109450125,0.36546023242065967,15.510917447811451
29.694999999995513,0.0087195292681588,0.27907147046486847,19.044587334505795
29.699999999995512,0.009861150028811324,0.17757683379615127,21.55326733298194
29.70499999999551,0.01047119000169541,0.12106445406571603,22.90180404248436
29.70999999999551,0.010516398858855606,0.1382456401888082,23.01610309787533
29.71499999999551,0.009993966457662724,0.16061734798374855,21.888591098261507
29.71999999999551,0.00893170475322854,0.2642873337899333,19.579403224213277
29.724999999995507,0.00738656628587552,0.35376805315128834,16.212884520329467
29.729999999995506,0.00544157688706872,0.42422770637144847,11.970976767735147
29.734999999995505,0.003201352849464939,0.4718619086700828,7.082704151718971
29.739999999995504,0.002365900878995868,0.49409682237172675,5.323336556646828
29.744999999995503,0.002381842562427433,0.4897277046710924,7.664240378062888
29.749999999995502,0.0040448854885976595,0.45898437246938,9.23857174565872
29.7549999999955,0.0062011356707271795,0.40351570038244644,13.44904436328129
29.7599999999955,0.008025674802625397,0.3262999523768561,17.437254838955532
29.7649999999955,0.009420138176479199,0.23148539716467692,20.488567245916975
29.7699999999955,0.01030927434397552,0.12416906983385899,22.43796368641112
29.774999999995497,0.010645008830625493,0.1445519344297232,23.179774316680266
29.779999999995496,0.010409049469655525,0.15392963516835628,22.673503299422602
29.784999999995495,0.009613885309528803,0.21355719483657346,20.945986949558968
29.789999999995494,0.008302107962344464,0.3111537440371731,18.092632730681693
29.794999999995493,0.006544082540879713,0.3920564245487423,14.268439473946625
29.799999999995492,0.004434140494321274,0.45192039407465145,9.677148336417602
29.80499999999549,0.003643783186143653,0.4875249198723704,9.88809168766352
29.80999999999549,0.003252473468926447,0.49695543547655346,9.451249113035125
29.81499999999549,0.003168121272131599,0.4797096255516121,8.071029222351006
29.81999999999549,0.005108398152905173,0.43671510301493643,11.09194078569078
29.824999999995487,0.007125877565692279,0.37027666209992327,15.483435580315039
29.829999999995486,0.008761463167405052,0.2839575785852001,19.04419782557497
29.834999999995485,0.009927331349008084,0.18238969405602273,21.582955986096838
29.839999999995484,0.010560865674595767,0.15381620218867287,22.96330716469076
29.844999999995483,0.010628017225253396,0.14287053344846623,23.11167367333421
29.849999999995482,0.010125125212782594,0.15699338907232097,22.020315589193622
29.85499999999548,0.009079105054203559,0.26141467435930216,19.74819852559974
29.85999999999548,0.007545994905937913,0.3518293849469696,16.41768570946797
29.86499999999548,0.005607944061583329,0.42339095279488026,12.206941429696919
29.86999999999548,0.004875837239721738,0.47226244974686893,7.341657351098926
29.874999999995477,0.005030372282623266,0.49582766191051764,5.0951033561508785
29.879999999995476,0.005058357946889989,0.4928348871664945,5.091962792506049
29.884999999995475,0.004959857123887609,0.46345587900723384,8.470065851734478
29.889999999995474,0.006095613554146576,0.40927033783495115,13.204150617179122
29.894999999995473,0.007951749493503487,0.33318403790782897,17.230369353670437
29.899999999995472,0.00938290246588363,0.23927715104424072,20.332385391765648
29.90499999999547,0.010312565690642029,0.13258813885912663,22.343219482280904
29.90999999999547,0.010691128996504923,0.131723460235472,23.15716266695709
29.91499999999547,0.010498504685850351,0.14289430462717514,22.73247382660325
29.91999999999547,0.0097451651650676,0.20544890056524226,21.092323300348852
29.924999999995467,0.008471560179160977,0.3039930937974178,18.325353992522146
29.929999999995466,0.006745936888743171,0.38625622236971935,14.57989743639916
29.934999999995465,0.004660679856783347,0.4478465904142279,10.056249781404741
29.939999999995464,0.002683518966501908,0.4854800711351339,6.197639669998857
29.944999999995463,0.0023257580855366193,0.49715615523077483,8.262900099007561
29.949999999995462,0.002941849990547537,0.48225863767856786,9.501781099532316
29.95499999999546,0.004887368829168333,0.4415831558775724,10.637894568217249
29.95999999999546,0.006934568673060383,0.3772967816792648,15.076655111106403
29.96499999999546,0.008609889522837704,0.29283155823167817,18.709434267928977
29.96999999999546,0.009823747772112678,0.1927117414783213,21.33849243341466
29.974999999995458,0.010511315103691757,0.1477250902952359,22.820127696588322
29.979999999995457,0.010636045229645244,0.15168058975075335,23.07520507350716
29.984999999995456,0.010191621030407511,0.14534653892317684,22.09415418699651
29.989999999995455,0.00920222907430338,0.25041024351848373,19.93132765112713
29.994999999995454,0.007721224336935113,0.34199165142883575,16.70123551301441
29.999999999995453,0.005828283500893204,0.41518468298794403,12.575977110629548
30.00499999999545,0.004231059651195552,0.4660641568555978,9.704799798113825
30.00999999999545,0.00415876080379253,0.49189928646446396,8.92616613611341
30.01499999999545,0.004203752075805269,0.49130354637367013,7.255009122499425
30.01999999999545,0.004139546359232341,0.4643084094639626,8.001519320451397
30.024999999995448,0.005808455143786632,0.4123599765687005,12.777853837653955
30.029999999995447,0.007684962517299386,0.338242972836417,16.868947655260108
30.034999999995446,0.009145417733984851,0.24593911383778216,20.052595944194636
30.039999999995445,0.01011131575025588,0.14042009267063688,22.15501252266441
30.044999999995444,0.010530806468204227,0.13336792647946352,23.062546742108893
30.049999999995443,0.010381501313570279,0.13588333129645838,22.72723360628909
30.05499999999544,0.00967166876381588,0.1968347635394786,21.167369264588693
30.05999999999544,0.008439786973513132,0.2959179525816305,18.465906352272903
30.06499999999544,0.006752492167466688,0.37899996983696177,14.766900549860269
30.06999999999544,0.004701014612000872,0.4415910523493824,10.269532455108466
30.074999999995438,0.0038932807621836784,0.4803134040461633,5.219408223604208
30.079999999995437,0.0038649866929264007,0.493093458782918,3.8610033710793124
30.084999999995436,0.003947879611279479,0.479264583773293,5.424163674947909
30.089999999995435,0.004765279017963012,0.439583506431503,10.448267261768423
30.094999999995434,0.006804703202647394,0.37618616744226707,14.910668333926544
30.099999999995433,0.008476379885992348,0.2924845058957287,18.569996284689545
30.10499999999543,0.009690067891402143,0.1929906962681998,21.227527566322873
30.10999999999543,0.010380225079019246,0.10047269122353285,22.739879429498952
30.11499999999543,0.010509526312990939,0.1077538374774526,23.029666157948714
30.11999999999543,0.010070811087892893,0.14413440484925258,22.083421705765637
30.124999999995428,0.009087446920727873,0.24921126201676355,19.947321161239643
30.129999999995427,0.007612140368921289,0.34091135870588263,16.732717514408748
30.134999999995426,0.005724174512538911,0.41427498384708483,12.612732542072699
30.139999999995425,0.0035251662876925353,0.4653283060914842,7.808596355687449
30.144999999995424,0.002105475404251144,0.491295827356809,8.746628611627866
30.149999999995423,0.0023255087928423833,0.4907539744075891,9.622731072323072
30.15499999999542,0.003707682940835004,0.46371178179079703,9.53423169281278
30.15999999999542,0.005895985078060193,0.4116090730992974,12.819359760013901
30.16499999999542,0.007768111573434609,0.3372415250504848,16.92765945951177
30.16999999999542,0.009222749791211623,0.24461376206033317,20.123445736549712
30.174999999995418,0.010181079375546027,0.14914962999158915,22.234830418209693
30.179999999995417,0.01059102776093476,0.1470156260724107,23.147885258342157
30.184999999995416,0.010430087696966248,0.13009789051832407,22.811550962269205
30.189999999995415,0.009706561683201985,0.19977309743624505,21.242764784443256
30.194999999995414,0.00845913370065734,0.299198095581624,18.52723447370915
30.199999999995413,0.006754771590995532,0.38254674828311375,14.812226606887391
30.20499999999541,0.004746243604661097,0.44531829390637306,10.29639164241683
30.20999999999541,0.004623780334199443,0.4841173010530733,8.244834198743638
30.21499999999541,0.004488194857407231,0.49684873519220485,6.277207542331571
30.21999999999541,0.004277274973340719,0.48283184785563915,5.476117374015491
30.224999999995408,0.004854228656714436,0.44282099478639136,10.528223853683976
30.229999999995407,0.006908677992532125,0.3789587395407019,15.016678244592368
30.234999999995406,0.008592747945446644,0.29466924162512,18.69912092164118
30.239999999995405,0.009815624838983268,0.1944815157895403,21.375969412591573
30.244999999995404,0.010511286033512812,0.14988133161933756,22.903452094312193
30.249999999995403,0.010642051821990545,0.15373549795621824,23.200391367077675
30.254999999995402,0.010200602755040235,0.1537476307698855,22.250142040023306
30.2599999999954,0.009210386830713485,0.25098338958176925,20.10202173310968
30.2649999999954,0.007724386835299943,0.3434166085836605,16.871265867647566
30.2699999999954,0.005822275495261506,0.41742792743173024,12.733261671580957
30.274999999995398,0.003606106037319162,0.46903985574522633,7.911509653817894
30.279999999995397,0.003844964714223199,0.4954817127813286,3.792557064088049
30.284999999995396,0.004288715113977101,0.49533998564754644,5.39115812864186
30.289999999995395,0.004626962528616711,0.46863720425271754,7.959188543795785
30.294999999995394,0.005905840501925737,0.4168209545896296,12.767311321439824
30.299999999995393,0.007804580035666972,0.34267485890688043,16.891126951660514
30.304999999995392,0.009286702682813426,0.2501741999517143,20.10913663040674
30.30999999999539,0.010272840741276284,0.14428102343343654,22.248133976905283
30.31499999999539,0.010710223767578651,0.11972661890269803,23.19540056146455
30.31999999999539,0.010575483512432156,0.14211315275657274,22.900789931987724
30.324999999995388,0.009875890227973801,0.19526902463723403,21.379504264461286
30.329999999995387,0.008648961240885822,0.2955025701979682,18.713913959833278
30.334999999995386,0.0069604393726770755,0.3799061770855446,15.047528795197968
30.339999999995385,0.0049007586928141314,0.4439660948596506,10.576438314444946
30.344999999995384,0.002580194808607233,0.48425945882312865,9.080969912559047
30.349999999995383,0.002314153684268526,0.4986406714460535,9.543232445571281
30.354999999995382,0.0023395328490978346,0.4863502613668334,9.050819250884002
30.35999999999538,0.004675533257108661,0.44804990183751675,10.192402001815294
30.36499999999538,0.006760143975710961,0.3857943856034213,14.709804491823407
30.36999999999538,0.008481955712132486,0.30293030896520273,18.435826163464682
30.374999999995378,0.009749063631610601,0.20391285882605478,21.17115389219534
30.379999999995377,0.010493977113170891,0.13908661231249872,22.7729761190006
30.384999999995376,0.010677175923467317,0.11669471294848503,23.15724127202553
30.389999999995375,0.010289195117196597,0.13441931282879602,22.301279987695622
30.394999999995374,0.009351157116960962,0.24079588726546572,20.24934978697317
30.399999999995373,0.007913675665445406,0.33419669334076896,17.110972643148926
30.404999999995372,0.00605415419546805,0.40961189465018927,13.055107880619836
30.40999999999537,0.004756171471756613,0.463002664016639,8.301199865960442
30.41499999999537,0.004507385192244293,0.4915209887590605,5.154458506879306
30.41999999999537,0.004190655604202363,0.4936610244215345,4.333349248778718
30.424999999995368,0.003770653020998351,0.4693329498713008,7.481114054075034
30.429999999995367,0.005607113569334266,0.41985995713376667,12.308083040939096
30.434999999995366,0.007526530207934016,0.3479066983061497,16.473220490108346
30.439999999995365,0.009039643195694946,0.2573384967982354,19.754060113058173
30.444999999995364,0.010065533247359579,0.15301752386762624,21.97432905918638
30.449999999995363,0.010549445843899682,0.15311751155334136,23.013674588497427
30.454999999995362,0.010465756247233175,0.15374686629869755,22.814672676880303
30.45999999999536,0.00981938910533865,0.18452350334279244,21.38538729422848
30.46499999999536,0.008645598126741077,0.2849928880962471,18.802366607154266
30.46999999999536,0.007008067845142949,0.3700192245430178,15.208167971554746
30.474999999995358,0.004995416476376071,0.4350413229637503,10.800671396738796
30.479999999995357,0.003631741530913768,0.4765895186811937,5.818606890238919
30.484999999995356,0.004067590219633447,0.49245579768609077,6.359573665624193
30.489999999995355,0.004407358082436167,0.4818040660055118,8.276260635998987
30.494999999995354,0.004637340368369258,0.4452213635904911,9.844483582056819
30.499999999995353,0.006534273315067133,0.38469310168705534,14.366821179318059
30.504999999995352,0.00825474636837569,0.3034961196363817,18.11197164095215
30.50999999999535,0.009528532533697556,0.20601834649237533,20.8791376166512
30.51499999999535,0.010287374283125313,0.13058141835732975,22.520859668806448
30.51999999999535,0.010490776899802169,0.14720032408818262,22.94940428588366
30.524999999995348,0.0101281655841895,0.1492054276137964,22.142560925753944
30.529999999995347,0.009219429179233846,0.23460734234518887,20.145488157490117
30.534999999995346,0.007813808365496276,0.3276409831498517,17.06796816437575
30.539999999995345,0.005987208019924602,0.40299915507883327,13.075300607217503
30.544999999995344,0.003838124645932235,0.4566341945181318,9.39988198158078
30.549999999995343,0.0023137929373385426,0.48565673209543136,9.479817122737519
30.554999999995342,0.002106535288173291,0.4885029645592492,8.6128872601548
30.55999999999534,0.003336816601391318,0.46502291110198946,7.300214506013441
30.56499999999534,0.005540587183486298,0.41648532173602093,12.114821240374354
30.56999999999534,0.0074455539686981145,0.3455013923487219,16.278750514545912
30.574999999995338,0.008949015859996601,0.25588336417068586,19.56846075666935
30.579999999995337,0.009969843812563401,0.15244781685604308,21.80575816918865
30.584999999995336,0.010452865570000216,0.10518265166274034,22.869014125754703
30.589999999995335,0.010371860797041539,0.0731627953021586,22.700458442584548
30.594999999995334,0.009730986907623598,0.1831867604650227,21.309127622562013
30.599999999995333,0.008564560696777229,0.2833837238735349,18.76965774084371
30.604999999995332,0.006935216174770166,0.3683540849293037,15.218486681464558
30.60999999999533,0.004930534267201886,0.4335186780980256,10.847350586024668
30.61499999999533,0.004336939275127302,0.47536728414125395,5.89209183126702
30.61999999999533,0.004048799543046114,0.49164282643032525,3.8045623797138886
30.624999999995328,0.003666088916579004,0.48145694787145593,4.692476507909422
30.629999999995327,0.004508944351972995,0.4453386526859372,9.754841566298397
30.634999999995326,0.006585311569774462,0.38520823443466723,14.297325734210101
30.639999999995325,0.008309021788913077,0.3042758532207937,18.07562675133997
30.644999999995324,0.009586892514369543,0.20687243696180313,20.885739752257095
30.649999999995323,0.010349623033597103,0.14793694144040812,22.575326740774234
30.654999999995322,0.010555554735789334,0.14314970414113798,23.051417491850952
30.65999999999532,0.010192956362613933,0.13785004362591005,22.2866503343486
30.66499999999532,0.009280697386109328,0.2357113311840198,20.320978372128312
30.66999999999532,0.007867271728143437,0.3296589320023486,17.25806195520399
30.67499999999532,0.006028227712827807,0.405958674123919,13.261834893424801
30.679999999995317,0.003895360747835954,0.4604831158075178,8.547941780015151
30.684999999995316,0.004192537267061368,0.4902756556201267,7.269096023429772
30.689999999995315,0.004378863439704997,0.4937053973355066,8.911270076922705
30.694999999995314,0.004450112749453822,0.4705594961573953,9.669132534231354
30.699999999995313,0.005616944930098657,0.4220630532056735,12.137394168321068
30.704999999995312,0.0075491425578367195,0.3508159978895681,16.36142795812175
30.70999999999531,0.0090777977023609,0.26064605992011747,19.70654722965927
30.71499999999531,0.01012040056647359,0.15639508572496713,21.99384244840178
30.71999999999531,0.010620535612545367,0.1519271558110857,23.100618760086785
30.72499999999531,0.010550901240080056,0.14805224085110305,22.968026997362763
30.729999999995307,0.009914767106224966,0.18294097185216812,21.60328906755612
30.734999999995306,0.00874579551389718,0.28464766507895567,19.07938822315978
30.739999999995305,0.007106241465472913,0.37117395429076555,15.531127461564887
30.744999999995304,0.005083631624379926,0.43786998214644646,11.147283680707957
30.749999999995303,0.002786102025923848,0.48114185723600433,9.349894705441997
30.754999999995302,0.002010599915962227,0.4986488493066063,8.122402809512968
30.7599999999953,0.002133587592737178,0.48943629161523544,6.08615729312546
30.7649999999953,0.004492146983603232,0.4539874647312059,9.653177203938391
30.7699999999953,0.006612599415906033,0.39419350818993276,14.264405412571337
30.7749999999953,0.00838121668573481,0.31325339974159294,18.111637966765247
30.779999999995297,0.009703111158630193,0.21550438941657146,20.987966163244216
30.784999999995296,0.010507327628286656,0.11019792328375025,22.740910224977032
30.789999999995295,0.01075063398148998,0.10238965473362137,23.275832019307817
30.794999999995294,0.010419861844736325,0.12344919753677584,22.55998412952792
30.799999999995293,0.009532677506937304,0.23142453758284046,20.630151888898826
30.804999999995292,0.008136668297363581,0.3269791462466612,17.591691576630236
30.80999999999529,0.006306762267608999,0.40498326565518744,13.609956186780947
30.81499999999529,0.004490752247946965,0.4612579092894774,8.899901266935482
30.81999999999529,0.004309977905152481,0.4927934431761557,4.005745974039803
30.82499999999529,0.004071677684668143,0.4979064470717934,3.9061402145814688
30.829999999995287,0.003981790043416365,0.4763288215478366,6.961939480101981
30.834999999995286,0.005420190313375296,0.4292245245681044,11.879779311791328
30.839999999995285,0.00739108090737584,0.35913171303212965,16.15734530259923
30.844999999995284,0.008963486083511892,0.26983035742230466,19.5631969413315
30.849999999995283,0.010053403102914915,0.16613645033891353,21.914365892025856
30.854999999995282,0.010602819349600034,0.13696810191184397,23.08819490948513
30.85999999999528,0.010582760106276502,0.13881677668224382,23.025322690391818
30.86499999999528,0.009994777071954957,0.17353946806407103,21.728966269416983
30.86999999999528,0.008870856979254426,0.27602856901615164,19.26667411141613
30.87499999999528,0.007271733864625022,0.3636206768356237,15.770169016373435
30.879999999995277,0.00528364170062167,0.4316161887657341,11.428035755671326
30.884999999995276,0.00372504814728671,0.4763724609459097,8.011349985342495
30.889999999995275,0.0037915289963351925,0.4955005118047711,9.318736461980894
30.894999999995274,0.003929508061994535,0.487990631898846,9.699455028894299
30.899999999995273,0.004230366937106167,0.45426005702642797,9.311530759452006
30.904999999995272,0.006356338135376842,0.39612842228186046,13.941123138375486
30.90999999999527,0.008138467059434062,0.3167231473410426,17.82098683795237
30.91499999999527,0.009481059068146643,0.2203136561440007,20.74280964086523
30.91999999999527,0.010312055224055015,0.15173489808645257,22.548730328993894
30.92499999999527,0.010586930732649056,0.1418787499731154,23.139033271443832
30.929999999995268,0.010291133947183879,0.11792166452741275,22.48077017759709
30.934999999995267,0.00944089084653596,0.22391312885483827,20.610836802604535
30.939999999995266,0.008082308956362153,0.31951962721469607,17.631762541339413
30.944999999995265,0.006288859641245401,0.39786009883201945,13.704426105590626
30.949999999995264,0.004157410993079206,0.4547193604344769,9.039278535392805
30.954999999995263,0.00242944440398343,0.48703481626889306,7.380903161478935
30.95999999999526,0.002077937934429415,0.4930684467213563,5.066372902344097
30.96499999999526,0.003061173218268303,0.4725077981240896,6.750807821518287
30.96999999999526,0.005308628323766178,0.42647424407507967,11.66261379808612
30.97499999999526,0.007268434832749066,0.35744835951809195,15.947740024709582
30.979999999995258,0.00883491023894701,0.2691418029610988,19.374882598088437
30.984999999995257,0.009923548940806584,0.16631367778274075,21.75636747325564
30.989999999995256,0.010475622716940755,0.12817952567094007,22.962770571468795
30.994999999995255,0.010461370907348022,0.11532018808492694,22.930185100115352
30.999999999995254,0.009881588050732634,0.17169658613813407,21.66182675192888
31.004999999995253,0.008767555298671998,0.2739165146861295,19.22614466727011
31.00999999999525,0.007179346474596997,0.3613670149438848,15.754055435832733
31.01499999999525,0.005202601857753948,0.42933083179335146,11.431471303954511
31.01999999999525,0.004749808712331155,0.4741331606416279,6.489460235356454
31.02499999999525,0.0047657567327098116,0.49334713481776765,4.774381902123929
31.029999999995248,0.0046631290283898705,0.48593776085807006,6.63102967696383
31.034999999995247,0.004443996801217989,0.45231302335566104,9.290015981985105
31.039999999995246,0.006385101280751394,0.3942882642626308,13.919887655227441
31.044999999995245,0.00815828681324271,0.3149859487339108,17.80103855626128
31.049999999995244,0.009492435241720106,0.21867342265705939,20.72397187448008
31.054999999995243,0.010315465618790088,0.13512351430959016,22.52990591996831
31.05999999999524,0.010582838118635663,0.14080120527900414,23.121476641492187
31.06499999999524,0.010279956347896867,0.14954635002849812,22.467824090550593
31.06999999999524,0.009422941686897834,0.22524288433680842,20.604137619048668
31.07499999999524,0.008057760880871383,0.3208294380737836,17.630483875742225
31.079999999995238,0.006257752482426201,0.39917392130430474,13.707309416466861
31.084999999995237,0.004119671292840829,0.4560585545298622,9.04654387375661
31.089999999995236,0.0031928720419472983,0.48842140916038884,9.593457574540226
31.094999999995235,0.0036772971996020224,0.49451795414369,9.552142503286209
31.099999999995234,0.004074456081370718,0.47401557738475236,8.558020307373893
31.104999999995233,0.005375268910418409,0.4280076453962515,11.66220207695935
31.10999999999523,0.007342666451532473,0.3589513710493908,15.960307661785512
31.11499999999523,0.008916404405321966,0.27054381046642045,19.402716571403396
31.11999999999523,0.010011590571868997,0.16753065615240165,21.80254515420501
31.12499999999523,0.010569040164020245,0.13307119964373293,23.030045023515587
31.129999999995228,0.010558482588507924,0.10373523162637344,23.018511624939002
31.134999999995227,0.009980211985553274,0.17163603026883334,21.767016117382717
31.139999999995226,0.008865098119091823,0.2744095163157563,19.34237830138731
31.144999999995225,0.007272941982052581,0.36245293849995397,15.874990572292516
31.149999999995224,0.0052892706509510695,0.4310155939406676,11.55007160399348
31.154999999995223,0.003020753480968557,0.4763912740523568,6.600200440682506
31.15999999999522,0.0018332748914676783,0.4961264296464368,3.964134688427247
31.16499999999522,0.0018737493360296551,0.4891569934540961,4.0816362738859935
31.16999999999522,0.004236291134171706,0.45585972580274464,9.237270786654898
31.17499999999522,0.006371005108576576,0.3980258639592214,13.896273950754951
31.179999999995218,0.008162984908846715,0.3187660561488494,17.807649173394516
31.184999999995217,0.00951577061392239,0.2223482258814322,20.759482933573246
31.189999999995216,0.010356572569676785,0.12250344760820533,22.59078485086736
31.194999999995215,0.010640228185426131,0.10870269948839531,23.202361765503433
31.199999999995214,0.010351647319362778,0.1149220363047521,22.562328708161758
31.204999999995213,0.009506606580005798,0.22309425943804753,20.70656054515731
31.209999999995212,0.008150866044263816,0.3192019548587563,17.73651762312697
31.21499999999521,0.0063576700083708745,0.3980764594984356,13.813284232745398
31.21999999999521,0.004623518419820499,0.4554830205897962,9.149340203799271
31.22499999999521,0.004519803611142836,0.48834932625322014,5.117309859720149
31.229999999995208,0.004418404007815387,0.49492806046568266,7.433989270046938
31.234999999995207,0.004213919831110275,0.47488592602235247,9.012040497460406
31.239999999995206,0.00527905379508448,0.42932039522170234,11.575046919513786
31.244999999995205,0.007254112510545836,0.3607030909628569,15.871874784025003
31.249999999995204,0.008837740417905799,0.272748071981142,19.31013280866173
31.254999999995203,0.009945124330829612,0.1702054931883928,21.706898708438818
31.259999999995202,0.010517136375336354,0.14223999872733364,22.93556872119583
31.2649999999952,0.010523469299636571,0.1523220384511546,22.930623082217217
31.2699999999952,0.009964243312063324,0.16762424013508162,21.692611014127742
31.2749999999952,0.00886999028907093,0.2700769690618854,19.288480556594646
31.279999999995198,0.007299995178227668,0.3579210752754326,15.849161928824975
31.284999999995197,0.005339072103473864,0.4264481546261056,11.561669811444746
31.289999999995196,0.003092963130061839,0.47199543473872374,9.715949814235
31.294999999995195,0.003476431893463952,0.49213913342739346,9.35825493424916
31.299999999995194,0.0038907193052445652,0.4858223069061363,8.07100246361954
31.304999999995193,0.004209002388974631,0.4534072628764938,9.039049761489174
31.309999999995192,0.0062355068769628244,0.39665516165117387,13.661790728639305
31.31499999999519,0.00802372511621041,0.31863213404787566,17.54742031268069
31.31999999999519,0.009379164632181825,0.22354367234070213,20.487964370189562
31.32499999999519,0.010229297594464297,0.12526010758548595,22.32569953717462
31.329999999995188,0.010528788812493636,0.09217770169571422,22.963315635966236
31.334999999995187,0.010261889507492896,0.11004669663974233,22.37015287570937
31.339999999995186,0.009443221573559752,0.21742047693352234,20.57935924180355
31.344999999995185,0.008116966373791584,0.313081602973756,17.68509117429066
31.349999999995184,0.006354520706787392,0.39189666382793586,13.840933167381955
31.354999999995183,0.0042506918795320245,0.4496348670742291,9.25434813113585
31.359999999995182,0.0023626395902056796,0.48320489816958007,4.173664307004803
31.36499999999518,0.0020804472236006562,0.4908146417052186,2.2530752280464936
31.36999999999518,0.0029236333896631717,0.4720561608543131,6.373625447613024
31.37499999999518,0.005173604341722346,0.4279322199693755,11.275950906362372
31.379999999995178,0.007145458637934888,0.3608094985156581,15.573137675125173
31.384999999995177,0.00873319911488617,0.2742866922648689,19.035984825191253
31.389999999995176,0.009851410235903774,0.1729977561421819,21.47958962388441
31.394999999995175,0.01043983105225802,0.11385511028925835,22.771284673180713
31.399999999995174,0.01046661933670351,0.10267414621246745,22.839046135158938
31.404999999995173,0.00993011269210488,0.1629474012181314,21.677811703564497
31.409999999995172,0.008858951004717864,0.26551727373668416,19.350137303857487
31.41499999999517,0.007310551545245392,0.3538425100523179,15.979957222396756
31.41999999999517,0.005368043440690655,0.42316073176959335,11.747331464513948
31.42499999999517,0.004288816905273652,0.4697301038926298,6.880417384701
31.429999999995168,0.004331443885232476,0.49103556877970966,8.073229038274844
31.434999999995167,0.0042743759024764984,0.4859245422874343,9.368428550489556
31.439999999995166,0.004118550542173368,0.45466603802198163,9.72918028942769
31.444999999995165,0.006193972623274041,0.3989331878528729,13.475917528503864
31.449999999995164,0.007995590822422195,0.3217140918064045,17.411720890084155
31.454999999995163,0.00936775519038004,0.2271516553767451,20.413253681780432
31.459999999995162,0.010236437383215271,0.1473698402807466,22.31891976597668
31.46499999999516,0.010554639807298875,0.1523246997396079,23.025669786530482
31.46999999999516,0.01030494111154295,0.14212927570025435,22.493919835290797
31.47499999999516,0.009500463731191545,0.21495172596210696,20.751080078168265
31.479999999995158,0.008184188606544317,0.3115583238967953,17.891559095707898
31.484999999995157,0.006426644731157615,0.3914592262579004,14.068801848734777
31.489999999995156,0.004322113350019189,0.450353326197488,9.710911029142286
31.494999999995155,0.002974544607813852,0.4850754406341276,9.011012763912206
31.499999999995154,0.0033290880311712076,0.4937641476752867,7.41020149375786
31.504999999995153,0.0035999855265116984,0.4759513949353246,6.200576264893273
31.509999999995152,0.005159193984847554,0.4325876412598119,11.14492520531222
31.51499999999515,0.0071556514032622455,0.3659953261060819,15.492000856180379
31.51999999999515,0.008769996697607262,0.27974279163193894,19.00901293347757
31.52499999999515,0.009915492677524045,0.17845560033478436,21.505863585385118
31.529999999995148,0.010530563335226742,0.07689524451185767,22.847311450009965
31.534999999995147,0.010582127637119404,0.06038885165907925,22.960530444204085
31.539999999995146,0.010067402680381813,0.15894304070580736,21.83790904242634
31.544999999995145,0.009014076141386376,0.26238757489237635,19.539904632202127
31.549999999995144,0.007478820559134438,0.35171465800841195,16.190928614212844
31.554999999995143,0.005544230376888446,0.42212141489000177,11.97177413842366
31.559999999995142,0.0033143526565100386,0.46982967326138003,7.111529210128023
31.56499999999514,0.002695439247129065,0.4922918995486674,3.314667840486311
31.56999999999514,0.002337077846614591,0.48832053330859376,4.116352839971959
31.57499999999514,0.003908646109439152,0.45814496740383537,8.608318561086948
31.579999999995138,0.006062509991776674,0.4034005855311919,13.2894341879709
31.584999999995137,0.007888611687577866,0.32704009278930074,17.254762908786248
31.589999999995136,0.009289146169639882,0.23317370003551754,20.291794192727878
31.594999999995135,0.010189200882362564,0.13140070780667454,22.23841180005475
31.599999999995134,0.010540759558020899,0.12282872889133344,22.990748137462184
31.604999999995133,0.010325270787817134,0.13563402739470648,22.507683262960686
31.609999999995132,0.009554642438233027,0.2082805465423684,20.81621803747506
31.61499999999513,0.008270584186836467,0.3053427540162663,18.00866495208492
31.61999999999513,0.006542348532526919,0.38595150770756764,14.234836524436304
31.62499999999513,0.00446302883702207,0.44577637049438973,9.695108590293012
31.62999999999513,0.004440112888713899,0.48159719771678644,8.727488444194162
31.634999999995127,0.004494403532020027,0.4914879472604011,9.669008237677653
31.639999999995126,0.004441785106984825,0.4749236789188926,9.646794666243983
31.644999999995125,0.004973468206361573,0.43280479906698754,10.898767085378886
31.649999999995124,0.006973993160867701,0.36740518273548045,15.261079447224521
31.654999999995123,0.008598135621577291,0.2822518015483701,18.800273027620413
31.659999999995122,0.009758611097060835,0.1819383886450579,21.32509213370533
31.66499999999512,0.010393142232367824,0.1502792364668987,22.700637133221583
31.66999999999512,0.010467798900683445,0.13431829445606266,22.853548318474026
31.67499999999512,0.00997880983569787,0.15358422784274053,21.775583558025684
31.67999999999512,0.008952755631700258,0.2568374537563127,19.525706807404056
31.684999999995117,0.007445113736184026,0.34621930445019283,16.22703347014876
31.689999999995116,0.005537226660081758,0.4169355259907308,12.059455146066995
31.694999999995115,0.003331870048231419,0.4652071187494234,8.492456100755053
31.699999999995114,0.0018735379106333677,0.4884637247898288,6.588451204695272
31.704999999995113,0.002476185861975804,0.4854675567621108,4.027079819877414
31.709999999995112,0.0038417542039624964,0.4563800190243248,8.383087425275574
31.71499999999511,0.005989611529392146,0.40276291114755314,13.063755725433586
31.71999999999511,0.00781526746983154,0.32749946502822014,17.04162272230025
31.72499999999511,0.009220616667582646,0.23464021407223393,20.102077660095013
31.72999999999511,0.010130175426182613,0.12918328936776086,22.080692221695145
31.734999999995107,0.010495129686695245,0.035107691885115255,22.873257590492088
31.739999999995106,0.010295922370713684,0.09648134122992119,22.438644836395422
31.744999999995105,0.009543280273161795,0.20457549779084128,20.799017787973536
31.749999999995104,0.00827764882618886,0.30167708099834284,18.041615495027933
31.754999999995103,0.006567035226043235,0.3825683590599222,14.314895729604498
31.759999999995102,0.0045033637480525615,0.4429002321363649,9.817853500973145
31.7649999999951,0.0028896693969547747,0.479417417752628,4.789020745532302
31.7699999999951,0.0024129975721292546,0.4901302837817576,5.149474415519953
31.7749999999951,0.002637709867360316,0.47443381096007586,7.483612406927581
31.7799999999951,0.004906686671378813,0.4331569106473421,10.736045330301495
31.784999999995097,0.006910877488725622,0.3685194162913985,15.118952412076503
31.789999999995096,0.008542191159420998,0.2840060519867658,18.68639330977729
31.794999999995095,0.009712654104510514,0.18417912604905082,21.244377065309575
31.799999999995094,0.010359184177454114,0.13216725481570119,22.65411210295396
31.804999999995093,0.010447003255657155,0.14311010020380266,22.841157887275706
31.809999999995092,0.009971487170198239,0.15277790836986999,21.79719830841146
31.81499999999509,0.008958378270316874,0.2543423976161617,19.579295803496912
31.81999999999509,0.007462374669336431,0.3440590427760285,16.307362260450578
31.82499999999509,0.0055641681676223765,0.4152235579096094,12.158443792982395
31.82999999999509,0.004437021282318932,0.46401554152301167,9.240954269927755
31.834999999995087,0.004583013872567114,0.4878309988150637,9.805274766771074
31.839999999995086,0.004621643030564991,0.4854167995950227,9.384858573774501
31.844999999995085,0.0045516936333581245,0.4569261375766102,8.26275185490672
31.849999999995084,0.00595458982452439,0.40390068392977874,12.947429603826368
31.854999999995083,0.007787317780603571,0.32919049850190907,16.936644567322123
31.859999999995082,0.009202316063190033,0.23680881453268793,20.016029020367128
31.86499999999508,0.010123619090046844,0.14558878855379132,22.022538308691296
31.86999999999508,0.010501725422504509,0.1301021806351275,22.850365466117164
31.87499999999508,0.010316219880327483,0.13870405627934562,22.454630700628783
31.87999999999508,0.009576874021020577,0.2020059900789318,20.85482387341
31.884999999995078,0.00832315822418024,0.29948032865721425,18.134911557903823
31.889999999995077,0.006622178284146227,0.38091164735640526,14.43761592177323
31.894999999995076,0.004565141262343759,0.44190316136459956,9.958989681505038
31.899999999995075,0.002262495767169512,0.4791550367051188,5.571965244032686
31.904999999995074,0.0027942812117567883,0.4906578965074405,3.329012890656167
31.909999999995073,0.0032776773499611765,0.4758021249071043,5.6016921063605425
31.91499999999507,0.004856196399263364,0.4354017870390031,10.558443040880276
31.91999999999507,0.006873806923613921,0.37164242270123715,14.94530269422669
31.92499999999507,0.008522814708827545,0.28796069138422664,18.527389832578198
31.92999999999507,0.00971485339881248,0.18885478460975785,21.11497287721017
31.934999999995068,0.010386084680834283,0.07963772819896874,22.57184968710643
31.939999999995067,0.010500577720431876,0.05427491384433627,22.819446536454155
31.944999999995066,0.010052237796728198,0.14549545712154505,21.8425313681927
31.949999999995065,0.009065174800372968,0.2493297414205552,19.691182351412234
31.954999999995064,0.0075924675739210195,0.33975314916023674,16.478180744461163
31.959999999995063,0.005713360143529213,0.411889822996502,12.37648879004552
31.96499999999506,0.0035938646602370295,0.46185858733076324,7.611016943659356
31.96999999999506,0.003051827212827811,0.48698814606034624,6.266626606347595
31.97499999999506,0.002433955289907442,0.4859423319056488,8.296421360303645
31.97999999999506,0.003637252062895898,0.45877692898010564,9.496058022154626
31.984999999995058,0.005801566552143019,0.4069488667187613,12.724195944373651
31.989999999995057,0.0076520705664039615,0.33325273898563174,16.754255148878794
31.994999999995056,0.009089361916887957,0.24166380120797853,19.881319962183277
31.999999999995055,0.01003630402168465,0.14828500642328563,21.93898423672654
32.00499999999506,0.01044215007040308,0.1492006910780005,22.816080536889242
32.00999999999506,0.01028527756759945,0.15245272017477007,22.46382293302801
32.01499999999506,0.009574376741706438,0.19638595045908966,20.900805291360115
32.019999999995065,0.008347983022122175,0.2941715373746263,18.213429474855353
32.02499999999507,0.00667236104521572,0.37607725338796993,14.54885693048277
32.02999999999507,0.004637889841393737,0.4377112281408406,10.104732970666031
32.03499999999507,0.004787621291921839,0.4757708828861105,9.709273914731613
32.039999999995075,0.004895668924425924,0.4882189339447273,8.905937474368493
32.04499999999508,0.0048819729524917374,0.4743957119821914,7.215353070760596
32.04999999999508,0.004746393170713994,0.43505484271616957,10.346967425390005
32.05499999999508,0.006754400642565351,0.3723242223844943,14.745280707280632
32.059999999995085,0.008409185500081604,0.2895897206220212,18.348519997709346
32.06499999999509,0.00961142801514434,0.19130728540308334,20.964454089866646
32.06999999999509,0.010296605760649957,0.12154497246292718,22.45293495170011
32.07499999999509,0.010428009317177063,0.13580348330899678,22.733546243298573
32.079999999995096,0.009998724050638088,0.14667521846006065,21.790184252279325
32.0849999999951,0.009032012805563863,0.24517278160243014,19.67424181778644
32.0899999999951,0.007580053463029816,0.3356109554112011,16.50102770572273
32.0949999999951,0.005721109514441428,0.40796662402416994,12.441239739465404
32.099999999995106,0.0035553136566575517,0.4583517190893991,7.712798286626673
32.10499999999511,0.0025068738250422465,0.4840613892021606,2.763688789824592
32.10999999999511,0.0027717053081316775,0.48372406312620037,2.842943876326448
32.11499999999511,0.003572916287652393,0.4573693539779177,7.835883470451063
32.119999999995116,0.00573238937178066,0.4064198796734074,12.543906251353507
32.12499999999512,0.007582484103130713,0.3336180128666292,16.576840471358395
32.12999999999512,0.00902371548677183,0.24287454058983032,19.720548439361902
32.134999999995124,0.009978534485379307,0.1390530588531691,21.808044255303486
32.139999999995126,0.010395464748418891,0.0798644796880692,22.725560740897762
32.14499999999513,0.010251888240429899,0.10921055837674722,22.42191762747739
32.14999999999513,0.009555304356456306,0.19348390403117627,20.91178416168719
32.154999999995134,0.008342963116999245,0.291452591751658,18.2756909265063
32.15999999999514,0.006679880435105269,0.3737804810059468,14.655464775209923
32.16499999999514,0.004655349984368779,0.4360316992886662,10.24502253787833
32.16999999999514,0.0038612386391356575,0.47484628568190695,7.09016655870446
32.174999999995144,0.003721309285722294,0.4881204719553343,8.821849054532082
32.17999999999515,0.0034877570725451476,0.4751184084499784,9.677480901242177
32.18499999999515,0.004716438996588311,0.4365135609198106,10.212251119972255
32.18999999999515,0.006743622773593265,0.3743599498821883,14.649193295077204
32.194999999995154,0.00840949327709977,0.29198825152042807,18.29948604962757
32.19999999999516,0.009624019499824995,0.19382223756967215,20.966919530675636
32.20499999999516,0.010321405892826645,0.1523756409847143,22.509047644796734
32.20999999999516,0.010463620879119132,0.15004843528190753,22.84241025320094
32.214999999995165,0.010042449073066033,0.14022239730724492,21.948018624098722
32.21999999999517,0.009079968026045871,0.2447700215008279,19.871031053335344
32.22499999999517,0.007627426770998157,0.3362464805182698,16.71955255364217
32.22999999999517,0.005762557095425052,0.4097013897109884,12.66241112344589
32.234999999995175,0.0046117938377665145,0.4611582700359507,9.534976785161739
32.23999999999518,0.004684062054290673,0.48783586954278907,8.401868876477632
32.24499999999518,0.004642532222704161,0.48829336913943494,6.430550392974164
32.24999999999518,0.00448943357642533,0.4625013659190639,7.749102330610755
32.254999999995185,0.005790223670173132,0.41183316725390645,12.518177135452646
32.25999999999519,0.007667269723066394,0.3389852539034146,16.620988204744705
32.26499999999519,0.009134344517746116,0.24784466396848678,19.835247769227205
32.26999999999519,0.01011219385281621,0.14329507005955924,21.984589794344714
32.274999999995195,0.010547830397419343,0.12376516654487409,22.949619116800942
32.2799999999952,0.0104174549855327,0.132087445168418,22.678085010421512
32.2849999999952,0.00972775621262362,0.19276979662728153,21.185948625949557
32.2899999999952,0.008515539872344456,0.2921167394843949,18.55282851689665
32.294999999995206,0.006845753208924791,0.3757979258834854,14.91964604274026
32.29999999999521,0.0048080088766880155,0.4392998070112421,10.481106408362955
32.30499999999521,0.002511775420110919,0.47919357561961606,5.476401034986942
32.30999999999521,0.0022932397624040894,0.4933246000921123,2.4993038396960943
32.314999999995216,0.0028249877799901195,0.4809295790904807,5.295340845789233
32.31999999999522,0.0046641722928701035,0.44267715120766826,10.166953998460924
32.32499999999522,0.006722448080294758,0.38063316376221124,14.65064097972242
32.32999999999522,0.008419404116261292,0.29814925062441744,18.34292427539581
32.334999999995226,0.009663964559065272,0.19967492649718496,21.046805375498067
32.33999999999523,0.010389434739125056,0.11392383264875114,22.617907012683055
32.34499999999523,0.010557075323523608,0.12006483997341498,22.970115904936577
32.349999999995234,0.010158197789366262,0.1431919588503196,22.08476014639131
32.354999999995236,0.009214621323535883,0.24133648443653036,20.012192869969912
32.35999999999524,0.007777451421135839,0.3335314765234996,16.86580396481855
32.36499999999524,0.005924279491110322,0.4077372954867228,12.816523620471335
32.369999999995244,0.005221354768560051,0.4599885316285143,8.083970836245662
32.37499999999525,0.004980625093343377,0.4875068047950867,9.2015516055862
32.37999999999525,0.004611149542420128,0.48884246444016544,9.74100964746941
32.38499999999525,0.004121304760930658,0.4639451032974563,9.310823901852466
32.389999999995254,0.005631896071458919,0.4141671212186263,12.341322946800569
32.39499999999526,0.007522797909146611,0.3421936138564666,16.448079998063946
32.39999999999526,0.009008015574715393,0.25189345237105837,19.671984596100142
32.40499999999526,0.01000802786798721,0.1703816186931296,21.840810377253067
32.409999999995264,0.010469352381079215,0.1755803127254461,22.836439478167744
32.41499999999527,0.010367442719083788,0.17626531367611353,22.603778680404076
32.41999999999527,0.009708034433940176,0.18658110896015143,21.15578286473772
32.42499999999527,0.008526827381013494,0.28590171221053107,18.572458435414973
32.429999999995275,0.006887534645752935,0.36981538189370644,14.993009437855921
32.43499999999528,0.0048784570375278264,0.43381566139635436,10.607102363203797
32.43999999999528,0.004353344563479821,0.47445390859461145,7.782925014651303
32.44499999999528,0.004868330954284347,0.4895338347413198,5.5556212197655155
32.449999999995285,0.005261156374529036,0.4782420243867551,5.342724765077649
32.45499999999529,0.005521258368380145,0.4411932680047003,9.919004468412183
32.45999999999529,0.006574171963446914,0.3803898675388657,14.402355717922187
32.46499999999529,0.008272911461100265,0.29910593152248915,18.111218688629133
32.469999999995295,0.00952495555972353,0.20171170792682724,20.846470749636506
32.4749999999953,0.010262852538858835,0.09344708372730189,22.459378930174573
32.4799999999953,0.01044682709320448,0.10018270883324537,22.862359356364205
32.4849999999953,0.010066944223711367,0.1320958858082059,22.033090171302042
32.489999999995305,0.009143661938447666,0.2372170282972818,20.015366824329238
32.49499999999531,0.007726736182953623,0.32955327390034733,16.91913141689771
32.49999999999531,0.005892517921976574,0.404134030490488,12.91317121915917
32.50499999999531,0.003739800320308419,0.4569530101767924,8.214420655363043
32.509999999995316,0.0016033568045731917,0.4851778255276899,3.638660307411566
32.51499999999532,0.0016960134514556501,0.4872938830254758,6.27820741701513
32.51999999999532,0.0034228902742088276,0.4631798105238357,8.293610457687233
32.52499999999532,0.0056161231245362726,0.41411332960716124,12.210045851895776
32.529999999995326,0.007508185586527627,0.3427116551893968,16.350623915210658
32.53499999999533,0.008996969616228563,0.2528019566909908,19.6132554841525
32.53999999999533,0.010002005793840783,0.14921251435390578,21.822521450682416
32.54499999999533,0.010468813045694652,0.13170539989918686,22.85832973582278
32.549999999995336,0.01037185801426195,0.14969271869169987,22.662784403526924
32.55499999999534,0.009715960768241516,0.18606649944745246,21.246855791164304
32.55999999999534,0.00853603610838203,0.28590336449635273,18.687890228396647
32.564999999995344,0.006895210416979598,0.3704269120646339,15.121528798916543
32.569999999995346,0.005358878494983235,0.4350727124817606,10.736791367934714
32.57499999999535,0.005008338121653293,0.47634102974354425,9.59046174196314
32.57999999999535,0.004532055187680124,0.49199840613236656,9.751947439142063
32.584999999995354,0.003942499925542818,0.48119994618040546,8.939409566666288
32.58999999999536,0.004565233096408931,0.44452630421472217,9.857657786739221
32.59499999999536,0.006636394640916117,0.38393831358817,14.37753846388225
32.59999999999536,0.008352916517470686,0.30267043703367186,18.12961215791771
32.604999999995364,0.009622274856693595,0.20507289865550263,20.90940319335087
32.60999999999537,0.010375927407570464,0.1773180829300247,22.564507590750534
32.61499999999537,0.010573063595429824,0.17398175220343318,23.00419970795311
32.61999999999537,0.010202840592907303,0.1662429626623856,22.204563454448344
32.624999999995374,0.009284966807562524,0.23659395968041286,20.210798634715086
32.62999999999538,0.007868605301325951,0.329950642814229,17.131874618812148
32.63499999999538,0.006029695319389129,0.4056133499605155,13.13320823970311
32.63999999999538,0.004537909104115515,0.4595200013453855,8.429452314245312
32.644999999995385,0.00496182766928815,0.4887785797059763,5.113934632788687
32.64999999999539,0.005258746175625404,0.49182473173801483,5.386922547262901
32.65499999999539,0.005421876575504406,0.46850326373034284,7.273068985893298
32.65999999999539,0.005577653735378694,0.4200731189072738,12.098988943334717
32.664999999995395,0.007500676359789711,0.3491359308571494,16.27588627671571
32.6699999999954,0.009022255965436725,0.25949591140166894,19.580121505477248
32.6749999999954,0.010060908648338278,0.15596516175896102,21.83217835160683
32.6799999999954,0.010561087768383838,0.1079961596314885,22.911291848271684
32.684999999995405,0.010496157510039345,0.12702268347855947,22.762738494262127
32.68999999999541,0.009869764439735647,0.18047863852441942,21.397281076680585
32.69499999999541,0.00871558186608084,0.28119439093751253,18.889019888557502
32.69999999999541,0.007095490048872121,0.3668423359459889,15.370158114833794
32.704999999995415,0.0050963020079944805,0.4328328804050845,11.026059668804958
32.70999999999542,0.0028251731502412876,0.47561866269621195,6.088253247646399
32.71499999999542,0.0020098758730722243,0.49289367929441624,7.247338373908938
32.71999999999542,0.0022003588934106865,0.48373212153383005,8.962653606111688
32.724999999995426,0.004368620287816958,0.44864711087065506,9.78864904644641
32.72999999999543,0.0064641141517544215,0.38955043470434825,14.091042697122964
32.73499999999543,0.008212064908851532,0.3096298681345106,17.877183930812766
32.73999999999543,0.009519072150785858,0.21317302863923104,20.705551867299896
32.744999999995436,0.010315388658384328,0.14228725526196934,22.422229828327918
32.74999999999544,0.010558691870554103,0.15445933615956123,22.93211574463919
32.75499999999544,0.010236398527892258,0.15132012752607593,22.208987455456647
32.75999999999544,0.009366326789639693,0.22714364776854465,20.294452638966597
32.764999999995446,0.00799568551039219,0.3211128639304686,17.293233825803785
32.76999999999545,0.006198497295793058,0.3977624219091989,13.36658936568901
32.77499999999545,0.004380357080306309,0.4529900595918564,9.861414447035592
32.779999999995454,0.004074244497055029,0.4838406923773583,9.623053816986133
32.784999999995456,0.004090223468569428,0.48866714777929526,8.42622682374782
32.78999999999546,0.003998292749554226,0.4672216826132401,6.892980820370458
32.79499999999546,0.005311186111640537,0.4206717763408369,11.72698168859121
32.799999999995464,0.007241707306490747,0.35153670159926365,15.927048208038675
32.80499999999547,0.008779425722263718,0.2635506647099376,19.267366547692518
32.80999999999547,0.009841958388989819,0.1614624019805117,21.567938544078746
32.81499999999547,0.010372563995092983,0.14642491675216565,22.70508606382342
32.819999999995474,0.010343185645078924,0.13869541542254935,22.619322307034302
32.82499999999548,0.009755940114280296,0.17236703185307295,21.315018247642524
32.82999999999548,0.008643004850293361,0.2728070737417107,18.86099850781343
32.83499999999548,0.007064902720627218,0.35843377812475996,15.38968324540696
32.839999999995484,0.005107238570371024,0.42463188197773455,11.089558295783394
32.84499999999549,0.004174829792889211,0.4678445329684336,6.195502100496637
32.84999999999549,0.004413980891062162,0.4857688347425336,4.34755390725449
32.85499999999549,0.004545095784773623,0.47746965676031783,4.414760444869976
32.859999999995495,0.004566509674982685,0.4434154575011376,9.32778990164255
32.8649999999955,0.006290467777967473,0.3854536934129158,13.856915733646641
32.8699999999955,0.00802089929678929,0.3067189141158257,17.636995985190087
32.8749999999955,0.009316357738211658,0.2114644624531321,20.464784679888165
32.879999999995505,0.010107091857906618,0.10482918542485833,22.189326131422263
32.88499999999551,0.01035056683665705,0.10006940180496705,22.718025608395447
32.88999999999551,0.010033752489688866,0.12293378339895651,22.020914766769224
32.89499999999551,0.00917384450087126,0.22467665066445708,20.135127553977366
32.899999999995515,0.007817348871108243,0.3179216012407609,17.16285267654494
32.90499999999552,0.006037558785230567,0.39399443311032417,13.266280071281033
32.90999999999552,0.0039305591217380425,0.44880543228670366,8.658119599271165
32.91499999999552,0.0019779475324726947,0.4794165160405518,8.016885235424317
32.919999999995525,0.0023035689338099068,0.4841874523710454,9.368286157055408
32.92499999999553,0.0031666298100106894,0.46286220358965524,9.784358691342764
32.92999999999553,0.005365247716082291,0.416584958839004,11.65873775777555
32.93499999999553,0.007276309699593749,0.3478398345655955,15.83931195158846
32.939999999995536,0.008796717693026302,0.26032336280743834,19.167276751675136
32.94499999999554,0.009844393466149324,0.15874694644177934,21.463289794589343
32.94999999999554,0.010362696800508105,0.153660363494744,22.605733861428366
32.95499999999554,0.010323455744880266,0.14412003048069302,22.53234488041695
32.959999999995546,0.009728493864537202,0.173713942584357,21.244908332177392
32.96499999999555,0.008609567688335566,0.2738565278963073,18.812125792603545
32.96999999999555,0.007026674617919851,0.35930070026999206,15.36554315687107
32.97499999999555,0.005064811824204665,0.42544441721609877,11.091943621572172
32.979999999995556,0.0047835271527247435,0.46872582596396917,9.15562041042061
32.98499999999556,0.004591162537120459,0.486803906231307,7.594617333572913
32.98999999999556,0.004272308353929165,0.478680877244017,5.281823131865319
32.994999999995564,0.004281766093948041,0.44476553116647727,9.306314606741255
32.999999999995566,0.006360830337579094,0.38686016628596165,13.855831345465502
33.00499999999557,0.008098140873672655,0.30806404815147787,17.662615908328725
33.00999999999557,0.009399812926937295,0.21260477315438872,20.52109409050775
33.014999999995574,0.01019535071121769,0.15899460155710082,22.276678948138354
33.019999999995576,0.010441455473962207,0.1642425066012556,22.834831458959552
33.02499999999558,0.010124366424501423,0.16508341425671114,22.164668086794865
33.02999999999558,0.009260624403622691,0.22582962402715023,20.300307794326006
33.034999999995584,0.007896203477817684,0.3199387462948643,17.3433411127604
33.03999999999559,0.006104022628133384,0.39693359357887126,13.45459780084302
33.04499999999559,0.003980001569006568,0.4526748300718728,8.841896796358025
33.04999999999559,0.004049406612227783,0.48415653230244,4.196307956225957
33.054999999995594,0.004523468743128059,0.48966501942861246,4.721174701376755
33.0599999999956,0.004880279889342158,0.46887699631273594,6.767820000950721
33.0649999999956,0.00542239697640128,0.4228874920037695,11.627981722636244
33.0699999999956,0.0073649987398267495,0.35415321336643524,15.865729732298055
33.074999999995605,0.008916263047225967,0.26635250959326534,19.254551776970626
33.07999999999561,0.009992600334131357,0.16418240516889995,21.613489992776422
33.08499999999561,0.010535836151603972,0.10278116068282508,22.814703346724325
33.08999999999561,0.010516349999321977,0.13204150799471118,22.792618474516214
33.094999999995615,0.009934690836920362,0.17175728222770223,21.547741323386248
33.09999999999562,0.00882157084695429,0.2734907137587364,19.145631289028266
33.10499999999562,0.007236236319188851,0.3606430973474531,15.715322146459146
33.10999999999562,0.005263293315106346,0.4285341042855654,11.44108062878634
33.114999999995625,0.0030081680340244225,0.47351600814722317,8.620987011313773
33.11999999999563,0.0023371162150618405,0.49316996118303813,9.597671577499586
33.12499999999563,0.002333793079360455,0.48644051155111273,9.616333758544553
33.12999999999563,0.004207910126286304,0.4536943105088271,9.096800265695345
33.134999999995635,0.006333889126975372,0.39669728976681795,13.702008031108837
33.13999999999564,0.008121918138882316,0.3185143149959752,17.571181877228916
33.14499999999564,0.009476557904172976,0.22334159112029997,20.497907673042004
33.14999999999564,0.010325613513647316,0.1514275584166323,22.326467707301575
33.154999999995646,0.01062397605598161,0.13591406449329524,22.960047654766147
33.15999999999565,0.010356013399816814,0.11024942673019766,22.365468743024504
33.16499999999565,0.009536383110815248,0.2176026888704355,20.575836113071517
33.16999999999565,0.00820921887787524,0.313263004305579,17.688290060986702
33.174999999995656,0.00644575087477467,0.3921241969346641,13.856186990647954
33.17999999999566,0.004754784257132974,0.44997291822831087,9.28330152681124
33.18499999999566,0.00436096217770877,0.4837196179422608,6.778360740402117
33.18999999999566,0.0038519700274856463,0.4915707531813388,4.229206594875994
33.194999999995666,0.0032412859035568595,0.4731246207187951,6.3035287218798794
33.19999999999567,0.005099968488783857,0.4293877283474342,11.191228226664833
33.20499999999567,0.007080222391925796,0.3627138329093582,15.478329948566175
33.209999999995674,0.008678709118653774,0.2766808577818461,18.93486010243946
33.214999999995676,0.009810186370665445,0.17591004302283228,21.373465801166944
33.21999999999568,0.010414507921638637,0.16671351640967652,22.663120461386946
33.22499999999568,0.010459857715143631,0.16056556305725975,22.73577447097471
33.229999999995684,0.009944438682410276,0.15848895312889452,21.58834279480333
33.234999999995686,0.0088965515927598,0.2606658827313043,19.282429046161457
33.23999999999569,0.00737307933197792,0.3487230215814609,15.940426493901919
33.24499999999569,0.005456451598348455,0.41792807187034126,11.74159362165085
33.249999999995694,0.004602796830536018,0.46456911356677727,6.914823056923916
33.2549999999957,0.004903424209035035,0.48616262193278437,5.256071533048729
33.2599999999957,0.005073531086061565,0.48157986575095174,7.329950622264515
33.2649999999957,0.005108990850333486,0.45109842520036225,8.951861261895765
33.269999999995704,0.005996384712122455,0.3963863994163693,13.24791685557377
33.27499999999571,0.007788387149555767,0.3204145755569708,17.14081268818632
33.27999999999571,0.009157655656305441,0.22729282714291063,20.107886677438554
33.28499999999571,0.010031002025529936,0.12204572054689508,21.99095596096856
33.289999999995715,0.010361972827802945,0.13998974723744415,22.690292112865887
33.29499999999572,0.010133308200421985,0.15028249879799913,22.170128557938483
33.29999999999572,0.009357838039436933,0.2083796130793305,20.458336147915738
33.30499999999572,0.00807778494456597,0.30364162486906565,17.646468567979102
33.309999999995725,0.0063625041260550585,0.3824707025353134,13.885162498520621
33.31499999999573,0.004304765067952351,0.4406249207057873,9.376524769669405
33.31999999999573,0.0023611303335185326,0.47497626628457196,9.712276630342652
33.32499999999573,0.002267015141598986,0.4836819437011064,9.352323983474879
33.329999999995735,0.0027557943094236215,0.46628241027330497,8.05591234730535
33.33499999999574,0.004980810446132386,0.4237240444102198,10.945275469344617
33.33999999999574,0.006935889023453183,0.35830738651811533,15.221387687497765
33.34499999999574,0.00851556860190862,0.27356444486407333,18.67578897411975
33.349999999995745,0.009634659746626813,0.1740720130232133,21.12118376222514
33.35499999999575,0.01023285282502907,0.12520466645552994,22.425534111983175
33.35999999999575,0.010277976859177855,0.09155574732466769,22.51879509436785
33.36499999999575,0.009767732846880012,0.15694200024096158,21.39576313074556
33.369999999995756,0.00872980922197886,0.2582274497195075,19.118416660673642
33.37499999999576,0.007220356925571891,0.34555346884329347,15.811990988841478
33.37999999999576,0.0053209136404781445,0.41422384519422123,11.65615955153017
33.38499999999576,0.004184748451753401,0.4605493205223356,6.8740305797159715
33.389999999995766,0.004057402850401962,0.48203305452762424,4.003694278612843
33.39499999999577,0.0038305592849885873,0.47749927006192133,3.823936279705879
33.39999999999577,0.003932976377540273,0.44716887178946213,8.599182500303037
33.40499999999577,0.006032552356558741,0.39266151981794306,13.203758288305112
33.409999999995776,0.00780648047304875,0.31690972677807583,17.09695892764242
33.41499999999578,0.009158739005090451,0.22399368603861644,20.06945736814215
33.41999999999578,0.010016014046490513,0.13418997378179282,21.96148483873916
33.424999999995784,0.010331653136577192,0.13401813309859792,22.669325164524327
33.429999999995786,0.010088205873065116,0.13746990039421225,22.15368140801675
33.43499999999579,0.009298397293972568,0.21120522071893466,20.441122512321513
33.43999999999579,0.008004471070344403,0.30636526873234265,17.62289669304252
33.444999999995794,0.006275927239445131,0.38505226362738076,13.851901264973355
33.449999999995796,0.004304060320748005,0.44301288945092326,9.332349064444083
33.4549999999958,0.004365600620371998,0.4771119947319907,5.970759264161071
33.4599999999958,0.004311975510565842,0.48549734486493873,8.054383709490818
33.464999999995804,0.004146010318942095,0.46770060025182597,9.32971237944151
33.46999999999581,0.005114981917006533,0.42466574035402516,11.04839910867931
33.47499999999581,0.007073398283883114,0.35870080639662383,15.3375744742818
33.47999999999581,0.008653541589589009,0.27335651588574755,18.800141730069477
33.484999999995814,0.009770008764719978,0.17323035416664975,21.250322957570514
33.48999999999582,0.010362352098151287,0.14534929778495018,22.559027026738647
33.49499999999582,0.010398286702014587,0.1499138918386842,22.657019719837667
33.49999999999582,0.009875397228815183,0.15982265161920722,21.5387858636225
33.504999999995825,0.008821276476950272,0.26182564912676626,19.262413139401968
33.50999999999583,0.007292081572638195,0.34985231259807764,15.94825224912334
33.51499999999583,0.005369552686443372,0.4191592418798681,11.774519463593444
33.51999999999583,0.0031566194930606186,0.46601403547325226,9.65464778800574
33.524999999995835,0.0023757001268453156,0.48789778541043466,8.92981915020917
33.52999999999584,0.0028212661346722805,0.4836341342125602,7.312321129202837
33.53499999999584,0.003999697152617282,0.4534487835519789,8.58257778397047
33.53999999999584,0.006130705120861648,0.39895440374578567,13.215174138507233
33.544999999995845,0.007935743008823399,0.3230607514389301,17.142286784235633
33.54999999999585,0.009317952859747916,0.22982318893088854,20.152738218981778
33.55499999999585,0.010203085769560558,0.12422997499417554,22.084547355704352
33.55999999999585,0.010543499634839413,0.11988078264211893,22.833214195019025
33.564999999995855,0.010320736881362246,0.11325171001732393,22.357283255225227
33.56999999999586,0.009546531950664735,0.2086412997707724,20.682967649789145
33.57499999999586,0.008262173206853882,0.3051021977535794,17.901391543334483
33.57999999999586,0.00653626562468315,0.3852608351147284,14.162063401125812
33.584999999995865,0.004724019214842278,0.44482581004887045,9.66392657253148
33.58999999999587,0.004599308500236817,0.4805985375983601,4.64516444726466
33.59499999999587,0.004399372061661678,0.4906469387493731,4.286025784103902
33.59999999999587,0.0044438740052871305,0.4744204404985172,5.864795313483111
33.604999999995876,0.004961297584355791,0.43278099471070464,10.79098300164231
33.60999999999588,0.006963124884130427,0.3679499251991665,15.141444802973496
33.61499999999588,0.008591475444363887,0.28339029889423156,18.682405719001228
33.61999999999588,0.009759029057320739,0.1836311462885188,21.22125532328473
33.624999999995886,0.010403178330870264,0.14425990372253542,22.619777939604973
33.62999999999589,0.01048942395513575,0.14749768026362536,22.803772682955568
33.63499999999589,0.010013226724890448,0.15094857867302208,21.763533416213384
33.639999999995894,0.009000257063146042,0.254239286024749,19.552749524478227
33.644999999995896,0.0075050484122744935,0.34384417432388303,16.289205795176127
33.6499999999959,0.005608079806016859,0.4149432681791866,12.150431746945884
33.6549999999959,0.003411419299486809,0.46372093443285234,7.360634754520827
33.659999999995904,0.0035607911878102008,0.4875656574168903,8.721811321831224
33.664999999995906,0.003986262172704283,0.48520521061845356,9.661021354046966
33.66999999999591,0.0043137855507986754,0.4567746315812211,9.633419401075157
33.67499999999591,0.005905144579463675,0.40381361791429077,12.933607010348615
33.679999999995914,0.007737644933762093,0.32918652380509206,16.917230633331503
33.68499999999592,0.009152912384072625,0.23692045631913314,19.989196361052837
33.68999999999592,0.010075170904225897,0.15075491725169562,21.98580546972793
33.69499999999592,0.010455181047682827,0.14940740337471534,22.7989329709095
33.699999999995924,0.010272894275126884,0.13304323404433271,22.383835150516774
33.70499999999593,0.009538535761418483,0.2008075908203959,20.764875312454105
33.70999999999593,0.008292013712276763,0.29780122883630233,18.032579893909293
33.71499999999593,0.006600709775698085,0.37872034579518293,14.33506688964361
33.719999999995935,0.004555820828540033,0.4392352330680553,9.87088801950582
33.72499999999594,0.0034516369437313805,0.47610943258937216,8.471324842575461
33.72999999999594,0.0028032466155009377,0.4873707915792177,6.517828387368939
33.73499999999594,0.002540725890610493,0.47242300625503597,5.604865936589848
33.739999999995945,0.004801991765220373,0.4320833435889354,10.530999129850715
33.74499999999595,0.006803535178866989,0.36853402186972806,14.888729557832793
33.74999999999595,0.008437878845079528,0.2852034446153018,18.44350134393844
33.75499999999595,0.009617354037585237,0.18658663238699166,21.00322354738647
33.759999999995955,0.010278813172052918,0.15909671472112358,22.43262084737656
33.76499999999596,0.01038698070963439,0.1478966356653011,22.658190259657825
33.76999999999596,0.009936291522806352,0.14554566836372182,21.668074538833004
33.77499999999596,0.008951171402557604,0.24850237973578498,19.514610009993113
33.779999999995965,0.007484733761993994,0.3380726764896714,16.313508691562223
33.78499999999597,0.005615934901646839,0.4094468676492065,12.236167772252418
33.78999999999597,0.005309991570336543,0.45878760381835126,7.500126695405915
33.79499999999597,0.005457919738633917,0.48343890024135566,5.495391357989215
33.799999999995975,0.0054693358679167485,0.48207711974625844,5.533870034677152
33.80499999999598,0.0053432870051132895,0.4547791062317082,8.014101333985291
33.80999999999598,0.005810626178149618,0.40301210419412675,12.692699481047766
33.81499999999598,0.007642063617585538,0.3295628715802573,16.686993564500668
33.819999999995986,0.009061950668844661,0.2383919489234042,19.781375498241378
33.82499999999599,0.009993956547750529,0.1344104026389507,21.81124301554092
33.82999999999599,0.01038801812519645,0.15008644372680205,22.66722670427226
33.83499999999599,0.010223023184861079,0.16307923108996447,22.303346420924765
33.839999999995996,0.009507934976498511,0.19682307887146339,20.741003338233487
33.844999999996,0.008281282285651281,0.293837997467439,18.064964100157557
33.849999999996,0.0066090731207965655,0.3750456684744618,14.418104302652216
33.854999999996004,0.004581263663307847,0.43607811452104267,9.994874115980624
33.859999999996006,0.0030279143857849813,0.47364641093561327,9.29834411598616
33.86499999999601,0.0034369679865061333,0.48572367770615504,9.829300624136652
33.86999999999601,0.0037610555211848927,0.471659146986661,9.378760592049442
33.874999999996014,0.004744610089691131,0.43221291542176965,10.354218079790217
33.879999999996016,0.006748916883091325,0.36950980193832456,14.727027313588373
33.88499999999602,0.008389998927765416,0.28692301593132574,18.307687089211875
33.88999999999602,0.009579545608379432,0.1888956563142909,20.903256757602932
33.894999999996024,0.010253539918195565,0.14552732658808668,22.37417872324702
33.89999999999603,0.010375708695279274,0.12320599243457997,22.64047103309473
33.90499999999603,0.009939479293290402,0.1426572040168691,21.68858786218038
33.90999999999603,0.008968317696835927,0.24580743456492923,19.57150435704457
33.914999999996034,0.007514441881804362,0.33574289144770925,16.40267839606819
33.91999999999604,0.005656015378550329,0.40762770985392005,12.35124896641669
33.92499999999604,0.0035912175487429004,0.4575926154821915,7.792802957657439
33.92999999999604,0.0028505678852065366,0.4829454940920781,5.538585497689478
33.934999999996045,0.002037040915371773,0.48231844469899166,2.7572579162971635
33.93999999999605,0.003616696695062635,0.455744011044822,7.872515545371031
33.94499999999605,0.005767683245571922,0.40465060915891143,12.564845208993711
33.94999999999605,0.007608769035730105,0.33178370690437764,16.581915692820424
33.954999999996055,0.009040879366159094,0.24106042526723034,19.707396962039272
33.95999999999606,0.009986926754626703,0.1666601200895995,21.7733610969254
33.96499999999606,0.010395955877058912,0.15308711464920466,22.668803409777496
33.96999999999606,0.010245881835349331,0.1356627314790642,22.345538346209473
33.974999999996065,0.009544676760590436,0.19419929436666566,20.821085185698124
33.97999999999607,0.008329937752819217,0.2916963087418323,18.17772056436931
33.98499999999607,0.006666865515634693,0.3735325861319917,14.556790391695126
33.98999999999607,0.005689551823520976,0.43530553775158476,10.152390256142597
33.994999999996075,0.005802867287284756,0.4736892293356344,5.834676068186271
33.99999999999608,0.005771230859434844,0.48661273850688613,6.3525171764763115
34.00499999999608,0.005594985745500235,0.47337329260651917,8.38093253209929
34.00999999999608,0.005278115716973431,0.43467681899222843,10.214493794546561
34.014999999996085,0.006716745196712777,0.3725964644214045,14.617648033783572
34.01999999999609,0.008374390700502981,0.29046173709469175,18.236242896902237
34.02499999999609,0.009582262089030505,0.192686818316328,20.873724614444107
34.02999999999609,0.010275316775329179,0.1625236935882669,22.386980230828947
34.034999999996096,0.010416231239544393,0.17494466322867158,22.694750457255388
34.0399999999961,0.009997409177448572,0.18301540692431756,21.781363064429694
34.0449999999961,0.009041373640731326,0.24305466036563575,19.696679353317037
34.0499999999961,0.007599541590072257,0.33367815989800387,16.552720459630958
34.054999999996106,0.005749463287103581,0.40635316128948257,12.517280096961125
34.05999999999611,0.0035906680305940438,0.45716494131435087,9.659539601970137
34.06499999999611,0.0033815227067610625,0.48337679539918493,9.799850392344734
34.069999999996114,0.0041084889041962174,0.48357864642619863,8.96120931476594
34.074999999996116,0.004734402737160916,0.4577633490573091,7.7295496374143005
34.07999999999612,0.005694150807195756,0.4073250120362631,12.445785171004527
34.08499999999612,0.0075499103263551815,0.33497879562752314,16.49270139249209
34.089999999996124,0.008998889089444349,0.24461270960815648,19.65373301525537
34.094999999996126,0.009963118760426553,0.1410791587847332,21.759687314114846
34.09999999999613,0.010390663350284032,0.11129672346716346,22.696505336474726
34.10499999999613,0.010258426133447173,0.08283356389300633,22.412391084033434
34.109999999996134,0.009573418551002327,0.1911694690849376,20.921970992739986
34.11499999999614,0.008372402300216011,0.28923703122959904,18.30505386512541
34.11999999999614,0.0067199201340256386,0.37175583524656414,14.70246774166127
34.12499999999614,0.004704824885910422,0.4342822639995398,10.308103759529502
34.129999999996144,0.0027662216153616645,0.47344752584603983,5.358000979070813
34.13499999999615,0.0019007162804463272,0.48713723178151175,2.156057465119773
34.13999999999615,0.002370321167947019,0.4746066422883938,5.13011719236536
34.14499999999615,0.004648149673676337,0.4365247600033528,10.102635721651383
34.149999999996155,0.006676808759942435,0.3749388745031036,14.5317184784488
34.15499999999616,0.008347056281149434,0.2931601339797107,18.179777730909073
34.15999999999616,0.009568914707994647,0.1955832367583849,20.85098115762208
34.16499999999616,0.01027650743369749,0.15143519741448974,22.40077213662945
34.169999999996165,0.010431621042434579,0.13174851825643977,22.74413328364365
34.17499999999617,0.010025789181432543,0.13692433437289572,21.862236454346824
34.17999999999617,0.009080753492878896,0.24108994104857076,19.80400621592407
34.18499999999617,0.007647270785865994,0.3323031417566025,16.681274067289383
34.189999999996175,0.005802357539937409,0.40566215661484706,12.66233187600908
34.19499999999618,0.005851452984690001,0.45722270650813185,7.961888081305248
34.19999999999618,0.0057586863931656474,0.4842063195469683,7.230353427232485
34.20499999999618,0.005520210505062315,0.4851561745228145,8.948079604593056
34.209999999996185,0.005142525383012664,0.46002274490303136,9.773278433133083
34.21499999999619,0.005670256408478857,0.4101675317898653,12.340328541244451
34.21999999999619,0.007541391433914745,0.33828647838450576,16.41209282090001
34.22499999999619,0.009007749738961589,0.24825684363424436,19.599761079205365
34.229999999996195,0.009990690148860632,0.16717854506069585,21.735248244340504
34.2349999999962,0.010437533983349897,0.17672481261750583,22.705194497682257
34.2399999999962,0.010324368720321393,0.18166472993105026,22.455818363141606
34.2449999999962,0.009657353859570235,0.18772162561873898,20.99910441166297
34.249999999996206,0.00847241586412113,0.28625357256091377,18.413674365207772
34.25499999999621,0.006833313893394824,0.36938721572962246,14.83978290227639
34.25999999999621,0.00482818813835039,0.4326630862881684,10.470565321142477
34.26499999999621,0.0034791672151744434,0.4726939695274662,9.585837853015791
34.269999999996216,0.004118529444510356,0.4873448925247222,8.393496584100385
34.27499999999622,0.004648422776715361,0.47584331418255815,6.365493426837393
34.27999999999622,0.005056365161923689,0.43881618303893954,9.891639896256475
34.284999999996224,0.006572602425132546,0.37825642055773073,14.332265096227587
34.289999999996226,0.008261800147825862,0.2974226685196107,18.001235719021153
34.29499999999623,0.009507022873172927,0.20066642161922513,20.701263041133878
34.29999999999623,0.010241673334351232,0.0982420427272611,22.287800465715694
34.304999999996234,0.010426614109060641,0.0667854036648118,22.67668586246186
34.309999999996236,0.010052243113289307,0.13053094534019904,21.84871108628352
34.31499999999624,0.009138978023599862,0.23477509053558662,19.848946991872392
34.31999999999624,0.007736135669949157,0.32636185092470754,16.785757163776733
34.324999999996244,0.005919263507607793,0.4003870140118533,12.82430807108221
34.32999999999625,0.0037860715589893654,0.4528897654355359,8.176792498391235
34.33499999999625,0.001877073388472834,0.48106080710129556,3.0916241679128595
34.33999999999625,0.0017848008134128148,0.4833921360606496,2.6768174818687607
34.344999999996254,0.0033178222815629797,0.45976188446157235,7.2930080554598655
34.34999999999626,0.005495839237030645,0.4114448977255123,12.033786638964509
34.35499999999626,0.007377061573116342,0.3410440367087827,16.12655776772798
34.35999999999626,0.008860538660144924,0.25234679810266314,19.352337674720594
34.364999999996265,0.009866703415086574,0.1501191038740054,21.538740016743375
34.36999999999627,0.010341632742697037,0.09965741193369411,22.56785066478615
34.37499999999627,0.010259952874795255,0.12216683382060205,22.383029935647606
34.37999999999627,0.009626227703718234,0.1809654940999157,20.993337971960376
34.384999999996275,0.008474729607219332,0.2796337444996551,18.47396218793624
34.38999999999628,0.0068675922597385575,0.36322119449266843,14.961017809269782
34.39499999999628,0.004891456612243269,0.42723306450546356,10.643730195848818
34.39999999999628,0.0046918334888062675,0.46822809855871045,7.948791184770238
34.404999999996285,0.0044418477638091345,0.48400116232776896,9.348636091809738
34.40999999999629,0.004087897380102026,0.4737003329886874,9.81563499228582
34.41499999999629,0.004400966516292747,0.4378769991586885,9.654059714193867
34.41999999999629,0.006441812676623461,0.37846146497361455,14.112153959836228
34.424999999996295,0.008134612716501972,0.29865855097780436,17.80901163848855
34.4299999999963,0.009388189037490533,0.20277197741763098,20.54561778558166
34.4349999999963,0.01013504240448741,0.15375216721899637,22.175425429021384
34.4399999999963,0.010334972514105461,0.14483848138243224,22.611252536990992
34.444999999996305,0.009977229858918895,0.13810065846948313,21.829711865739334
34.44999999999631,0.009081087332891464,0.23135727387025357,19.873303066072413
34.45499999999631,0.007694796854458476,0.3231589175029538,16.847354387008437
34.45999999999631,0.0058929973657057535,0.3975608779981506,12.913429811070921
34.464999999996316,0.003772721088007203,0.45054963308128765,9.23932383217731
34.46999999999632,0.003117744566748483,0.4792610529534212,7.707607655248504
34.47499999999632,0.0035016830719427376,0.48214303017960475,5.406708258853058
34.47999999999632,0.0037969659068545023,0.4590456347199619,7.189253347661536
34.484999999996326,0.005483958559986027,0.4112227904101074,11.939884376280727
34.48999999999633,0.007365145609004023,0.3412520291971068,16.04842010892015
34.49499999999633,0.008850499855471457,0.25288966938987933,19.296523813971604
34.499999999996334,0.009859907731435085,0.15087348099558093,21.509951543748667
34.504999999996336,0.010338786324322884,0.07202933655130712,22.56825839066766
34.50999999999634,0.010261042363671615,0.07177554042005006,22.413140241170307
34.51499999999634,0.009630509582249773,0.1804375721486918,21.05167245028731
34.519999999996344,0.008480771808638649,0.2794575372957679,18.556313608543967
34.524999999996346,0.006873373089420347,0.3635019503915663,15.061451629776057
34.52999999999635,0.004894509465223199,0.4280434992873099,10.755167928521887
34.53499999999635,0.002791531699121089,0.46960182409828216,5.868161995867376
34.539999999996354,0.002766636579911092,0.48592819500200835,3.8500887944587885
34.54499999999636,0.002669365233917976,0.4761284588868221,6.4725977237373025
34.54999999999636,0.00443567748196811,0.4407143236150681,9.583373297004034
34.55499999999636,0.0064914057277864635,0.3815769747122907,14.071566264107531
34.559999999996364,0.008200058952907633,0.3018843153361915,17.805497486332822
34.56499999999637,0.009469546940175488,0.20591087957096202,20.58387681975981
34.56999999999637,0.010231347850370043,0.10579269665071586,22.256681205879485
34.57499999999637,0.010444199153607526,0.1326053489969957,22.73469788161629
34.579999999996375,0.010096306572730217,0.14937061894760842,21.99294448925846
34.58499999999638,0.009205970902530714,0.23064619894075294,20.070307431421398
34.58999999999638,0.007820621487170786,0.3234935672032304,17.068639873570316
34.59499999999638,0.006014300377993644,0.3990348764676416,13.147883832194735
34.599999999996385,0.003883711973584923,0.4532004852958652,8.625696258715108
34.60499999999639,0.0034944163191701115,0.4830704872364377,9.648177000122217
34.60999999999639,0.0035753174504031837,0.4870321535738675,9.70523866024051
34.61499999999639,0.0035728042970899934,0.46486171620878547,8.789828353234348
34.619999999996395,0.005468450743541631,0.4177358875166551,11.827131072981738
34.6249999999964,0.007383222239397977,0.3481727108258998,15.998139603320944
34.6299999999964,0.008903403246965046,0.25989969220094034,19.311067846663565
34.6349999999964,0.009947287480008046,0.15765400101626864,21.58720862720597
34.639999999996405,0.010458738893966537,0.1363818537154108,22.703765952449814
34.64499999999641,0.010410222206008086,0.10755524088105037,22.60015577460866
34.64999999999641,0.009804293749905402,0.1760381426905666,21.28180540141404
34.65499999999641,0.008673467303722246,0.27629243578270535,18.819911835442305
34.659999999996415,0.007078458793787162,0.3617109681913418,15.347501128013018
34.66499999999642,0.005104913904287297,0.427706987608621,11.05090663889924
34.66999999999642,0.002858805426457864,0.4707364035231713,6.794984656896017
34.67499999999642,0.0022007059807196776,0.48849124863998483,4.236818019634812
34.679999999996426,0.0024641316055029608,0.4800243451154414,4.327839729621814
34.68499999999643,0.004275109199663887,0.44579825941473705,9.362594550660232
34.68999999999643,0.006358756736537653,0.38766075533478733,13.892407081320156
34.69499999999643,0.008099768690221526,0.30874402613877655,17.67428459708483
34.699999999996436,0.009404871971181138,0.21329728624507951,20.5044113603948
34.70499999999644,0.010204264838480878,0.10645986067482312,22.230558867708663
34.70999999999644,0.010455363589518037,0.06616197900543926,22.76152950620442
34.714999999996444,0.010145062971899328,0.11809988678752925,22.070281104825366
34.719999999996446,0.009290408213443312,0.22376201659488443,20.194570818117583
34.72499999999645,0.007937661460820929,0.31733668445408,17.235296325561393
34.72999999999645,0.0061598097680301955,0.3938039926622285,13.35162695769866
34.734999999996454,0.004052639193903906,0.4490642369883051,8.752470772732403
34.739999999996456,0.003248959547103816,0.48015853780133033,5.001933506839918
34.74499999999646,0.003040215373273826,0.4854297706818922,7.369417552516411
34.74999999999646,0.0030594971344840684,0.46461367740050036,8.996108877374878
34.754999999996464,0.0052681584887317315,0.4188508642985835,11.5554443284635
34.75999999999647,0.007191839505887227,0.3506215425636313,15.736284365518005
34.76499999999647,0.008727420321854118,0.2636107838231374,19.06801913068026
34.76999999999647,0.009792717425874188,0.16250805778489977,21.373071284615683
34.774999999996474,0.01033086625131144,0.14068920164255147,22.529562873342854
34.77999999999648,0.010313339259982682,0.15111730651600433,22.47593365126402
34.78499999999648,0.00974146251024859,0.16898843097213337,21.214531168986653
34.78999999999648,0.008646348996450911,0.2690569745469472,18.8128862609397
34.794999999996485,0.007087227638319097,0.3545915687057915,15.400951402598706
34.79999999999649,0.00514824419487177,0.42100180867315573,11.163144584347528
34.80499999999649,0.003217623760105474,0.4647268814352921,9.72640420060171
34.80999999999649,0.003394272669381009,0.4834223461739176,9.367292696959948
34.814999999996495,0.003493980835149692,0.47608807105159456,8.070945532665696
34.8199999999965,0.004133261281371503,0.4431257845026244,9.099903195716141
34.8249999999965,0.006206865484563844,0.3863158967743293,13.624051895602452
34.8299999999965,0.00794445280577172,0.30871903170883586,17.414694130595556
34.834999999996505,0.009252531410304734,0.21451241010438107,20.2679545111872
34.83999999999651,0.010060730510392786,0.12488898568956167,22.03011755822765
34.84499999999651,0.010325589127502883,0.10772926548104687,22.60628764883365
34.84999999999651,0.010032902121447222,0.11425101933546238,21.964606850630375
34.854999999996515,0.00919850221864942,0.21950894178366526,20.138562128651667
34.85999999999652,0.007867426092044867,0.31292150885816733,17.226464701149915
34.86499999999652,0.00611149747305728,0.38944993873688255,13.384907250336791
34.86999999999652,0.004025463684652031,0.44496357662523484,8.820547905004629
34.874999999996525,0.0027886428222475344,0.47646532167358285,3.780150114334834
34.87999999999653,0.0029194639793171957,0.48225600664630647,3.807523377434742
34.88499999999653,0.003035611181408259,0.46202371315916285,6.629041269612251
34.88999999999653,0.005232818331026306,0.41685914668807456,11.436785318823452
34.894999999996536,0.007147962071483834,0.349198349494953,15.62753355842575
34.89999999999654,0.00867768083368852,0.2626891553869343,18.97614408478247
34.90499999999654,0.009739380466580058,0.1619906977696902,21.30323896211604
34.90999999999654,0.010275668996537493,0.0816183568188041,22.48315446044567
34.914999999996546,0.010257452862191816,0.0918803763375594,22.45119840549418
34.91999999999655,0.009685523312119726,0.1689606520772824,21.20859524479609
34.92499999999655,0.008590526119879482,0.2690382248188244,18.822433851821526
34.929999999996554,0.007031310217422718,0.3546481361638951,15.421530686207474
34.934999999996556,0.005091752924522782,0.4211747809960956,11.189127246673312
34.93999999999656,0.0032372811624987686,0.46502999742362405,6.352959324338449
34.94499999999656,0.00290203082426559,0.4838458628024677,8.082325294994842
34.949999999996564,0.002502990472504308,0.4766028297736376,9.362769146399753
34.954999999996566,0.004197787915623699,0.44368417506311714,9.706553773618781
34.95999999999657,0.006274132976929297,0.3868538494591398,13.635268396114167
34.96499999999657,0.008014171777139355,0.30916167062489847,17.441603137583037
34.969999999996574,0.009324029177034305,0.21478128933309212,20.31054937914033
34.97499999999658,0.010132948691559979,0.14614735244124658,22.087359763223713
34.97999999999658,0.010397106500359904,0.1507051204844948,22.676604010535524
34.98499999999658,0.010101967119941239,0.14012736042749982,22.046982490683448
34.989999999996584,0.009263061111782172,0.22063004405337736,20.232091446565786
34.99499999999659,0.007925156037140382,0.31453198580334985,17.32868525342403
34.99999999999659,0.006159866665696547,0.39158376277419915,13.492025534916333
35.00499999999659,0.004061820840532259,0.44763456729153417,9.680687760994124
35.009999999996595,0.003346803006115101,0.47966303158368173,8.949990317643994
35.0149999999966,0.0035778452186426514,0.48593906811513415,7.323085156466994
35.0199999999966,0.0037507956688515123,0.4661151676933985,6.556885336434297
35.0249999999966,0.005268963737327182,0.42124472906789295,11.391290113768354
35.029999999996605,0.007206391744156328,0.35372647366378224,15.616012047876534
35.03499999999661,0.008758651472554902,0.2671774176956604,19.00361033937294
35.03999999999661,0.009842191482724402,0.16623858637214903,21.371922190032492
35.04499999999661,0.010398598444963958,0.08135889509033001,22.593832949356965
35.049999999996615,0.010397737210543195,0.09102183576120976,22.60332337690843
35.05499999999662,0.009839379606305234,0.16667434940320608,21.398939467581584
35.05999999999662,0.008753235709615817,0.2677832092725704,19.04460448016499
35.06499999999662,0.007197374047507074,0.3545614555709403,15.666694039183678
35.069999999996625,0.00525510721482616,0.4223452775014419,11.446834733017514
35.07499999999663,0.0030305133304350694,0.4674922762550132,6.6119647684113865
35.07999999999663,0.002186034862217606,0.48757652758240483,2.6273329489929234
35.08499999999663,0.002294690029850726,0.4815173438462609,4.216392231616724
35.089999999996635,0.004107778762428037,0.44963681803295846,8.906801068318318
35.09499999999664,0.0062159790436397905,0.39364329445176105,13.490608364161188
35.09999999999664,0.007991437294476884,0.3165400058830914,17.35070706330734
35.10499999999664,0.009338945864087863,0.22246342196131183,20.279926505405278
35.109999999996646,0.010186258398242328,0.11646159170048136,22.120805598927824
35.11499999999665,0.010487971664072568,0.10676860790011,22.77434522861898
35.11999999999665,0.010227965039126432,0.13544548986707375,22.20568646805793
35.12499999999665,0.00942026293961745,0.21485447519352624,20.4455577653242
35.129999999996656,0.008108279716853118,0.3099388139122182,17.58817772215338
35.13499999999666,0.006362491550052581,0.3883764528080115,13.786877836164495
35.13999999999666,0.004276651823547468,0.4459594377940513,9.246316158251947
35.144999999996664,0.0038032802772824765,0.47960222950142567,8.71768600139748
35.149999999996666,0.0034759973834162343,0.48750710344423837,9.63211983422646
35.15499999999667,0.003063092038689309,0.469260170866746,9.582055736146925
35.15999999999667,0.0050847240257856875,0.42585189431447074,11.113388537486419
35.164999999996674,0.007048407405987191,0.3596214577661474,15.378786081843502
35.169999999996676,0.00863278651586058,0.2741301861832212,18.81772255132771
35.17499999999668,0.0097530406090173,0.17397145107947615,21.2457714901712
35.17999999999668,0.010349287388085363,0.14837140257006148,22.531904722518668
35.184999999996684,0.010389807478258213,0.13668852798594708,22.606689288029123
35.18999999999669,0.009872751953885551,0.15850298527045617,21.466815028708993
35.19499999999669,0.008826229654273817,0.2601059345742466,19.174364692807995
35.19999999999669,0.007306778499616034,0.3476745272888795,15.85307239304593
35.204999999996694,0.005396314601284126,0.4165110320439003,11.681529508962958
35.2099999999967,0.0035870033494743714,0.46292491287399234,8.39398578043689
35.2149999999967,0.003995453553459231,0.4844314157677265,6.444433389845186
35.2199999999967,0.004311877814263595,0.47988487495930116,4.053380318719399
35.224999999996705,0.00452755196500973,0.44954020782230636,8.60067219700843
35.22999999999671,0.006016469010056958,0.3950395896459776,13.199575073523604
35.23499999999671,0.007802377176850783,0.3193236770715679,17.086789956240956
35.23999999999671,0.00916686931058797,0.2264731764233183,20.053410303059707
35.244999999996715,0.010036776302375663,0.12148962029176649,21.940012149561902
35.24999999999672,0.010365564888555948,0.09199092958661073,22.645510295005497
35.25499999999672,0.010135832849747195,0.10304010510880507,22.132267258676844
35.25999999999672,0.009360237225430397,0.20831962002287346,20.42812886893222
35.264999999996725,0.008080805095018849,0.3034532321417564,17.625315978621753
35.26999999999673,0.0063666616374751205,0.38220415087574955,13.875051514976194
35.27499999999673,0.004310302119708525,0.4403396562309062,9.379150627086956
35.27999999999673,0.0020226139030853807,0.4747356304183709,4.379239047899145
35.284999999996735,0.0015096774633343098,0.4835441528846231,5.314329199938004
35.28999999999674,0.002747681998798936,0.4662944245661502,7.607141615087102
35.29499999999674,0.004973216613647993,0.4239194213734913,10.905940011072936
35.29999999999674,0.006929777993734486,0.3587051306611225,15.179776273875248
35.304999999996745,0.008511957090361382,0.27416650798964964,18.635672794714647
35.30999999999675,0.009634517850541547,0.17485779608242633,21.08781196817553
35.31499999999675,0.010236981167544915,0.11990094160269837,22.404294177225488
35.31999999999675,0.01028687955265978,0.14330830412204953,22.51398877953793
35.324999999996756,0.009781508656333366,0.15598018185759052,21.410813294307196
35.32999999999676,0.008748076628774231,0.2573926291660723,19.15416562908637
35.33499999999676,0.007242240658968592,0.3449417587561963,15.865486206963952
35.33999999999676,0.005345110099969255,0.4139104648435544,11.72199622797986
35.344999999996766,0.0047562037466713425,0.46058305317717113,9.19979821711717
35.34999999999677,0.004394580767651274,0.48244463288234846,9.727787366784222
35.35499999999677,0.0039205042710626446,0.47831538528785933,9.28317717557741
35.359999999996774,0.003917416929691641,0.44841420432612566,8.511180570294087
35.364999999996776,0.006024321276501095,0.3943475343976737,13.115487401087234
35.36999999999678,0.007807747463717437,0.3190229404888784,17.014350162431562
35.37499999999678,0.009171533506439383,0.2264914765999108,19.998235393156286
35.379999999996784,0.010042084872898512,0.16774178160384784,21.906727253309462
35.384999999996786,0.010372332445789532,0.16855972800361163,22.636917071126234
35.38999999999679,0.010144269109503492,0.165119047192135,22.149184072771277
35.39499999999679,0.009369926077908942,0.208141918950747,20.469466032696587
35.399999999996794,0.008090733020083339,0.30353530417950486,17.687888058807328
35.4049999999968,0.006375295440954559,0.3826397274720217,13.953881258200028
35.4099999999968,0.004315709226236494,0.4411947584152217,9.46813111908048
35.4149999999968,0.004707792796819561,0.4760444848972428,5.469282024253514
35.419999999996804,0.00509355690798991,0.48530728465416656,5.092082815464348
35.42499999999681,0.0053528136335956825,0.46847732351279103,5.965344885591556
35.42999999999681,0.0054780065539113965,0.4264520043992847,10.844782759811343
35.43499999999681,0.006972392573175479,0.36148376642269303,15.142512430825933
35.439999999996814,0.008568750677628733,0.27705947535862135,18.627203994803445
35.44499999999682,0.009705682147808923,0.17771311271346477,21.11134106326005
35.44999999999682,0.01032191745053009,0.09603558710341648,22.461500672123805
35.45499999999682,0.010384155960250885,0.11882217403539545,22.605144472555818
35.459999999996825,0.009888856646491887,0.15423412101691458,21.53426213953528
35.46499999999683,0.008862433798019062,0.2563350183722246,19.306096802589604
35.46999999999683,0.00735984497272347,0.34470051174602445,16.040100546931086
35.47499999999683,0.005461645295021105,0.41457935933493795,11.911438488634861
35.479999999996835,0.0032696645658326067,0.46221293234048,7.1419907135822935
35.48499999999684,0.001544783866915781,0.4850387810516647,6.3020075545966145
35.48999999999684,0.002037455940604999,0.48182859763535946,8.310282308759863
35.49499999999684,0.00385208785167722,0.452753277289463,9.489125082704144
35.499999999996845,0.005982403497066247,0.39937298086616624,12.99441256837417
35.50499999999685,0.007792218866154617,0.32455316676919693,16.93351307041419
35.50999999999685,0.009184379122868723,0.23231093591645777,19.963379270682275
35.51499999999685,0.01008415524923297,0.1306850473547767,21.921189244202324
35.519999999996855,0.010443259706910412,0.14844886648916147,22.701709230805463
35.52499999999686,0.010242442349807493,0.15137532132777595,22.262882659048415
35.52999999999686,0.009492526683225592,0.20359705534986644,20.62825496773869
35.53499999999686,0.008233829203514906,0.29988193653441886,17.88569750608308
35.539999999996866,0.006533992322553737,0.3800528158500633,14.182654220175356
35.54499999999687,0.005082804402112125,0.43980494054827374,9.718195659109295
35.54999999999687,0.004599373519170445,0.4759312216925964,9.660567156852432
35.55499999999687,0.0039975655468798554,0.48649462473309335,8.827926180058412
35.559999999996876,0.003292838024011106,0.4709321122608885,7.112435498871743
35.56499999999688,0.0048571660171820505,0.43008472157464506,10.62090686803689
35.56999999999688,0.00684775913274832,0.3661525246518798,14.951971901069726
35.574999999996884,0.008469581348469596,0.2825763616366444,18.478493305025157
35.579999999996886,0.0096356530549974,0.18385232097448764,21.01112295983842
35.58499999999689,0.01028350796668447,0.1803421627523744,22.413947949819285
35.58999999999689,0.010378545354438879,0.17232035805733745,22.61178496975216
35.594999999996894,0.009915884265614218,0.15983673229241777,21.5942383633317
35.599999999996896,0.00892062018782922,0.2503158841827199,19.416216537241972
35.6049999999969,0.007446470814755307,0.3393438650468577,16.194975808413886
35.6099999999969,0.005572883400328001,0.41009110072408045,12.103918462475821
35.614999999996904,0.005194743819389162,0.45875855294428486,7.363062425606369
35.61999999999691,0.005492576197155654,0.4827346403352525,5.7164284720709935
35.62499999999691,0.005648433754127596,0.4807357658006146,5.865455212721216
35.62999999999691,0.005658617385696309,0.45287542771753847,8.11721288859454
35.634999999996914,0.005829511791769345,0.4006582025195744,12.769677190591558
35.63999999999692,0.007648404308991812,0.32689880436942814,16.734082069467544
35.64499999999692,0.009054577154649263,0.2355703338935646,19.797306120878655
35.64999999999692,0.009972479012816773,0.13159040937344674,21.7946636871694
35.654999999996924,0.010352846862344396,0.13852586454229532,22.61880788716776
35.65999999999693,0.010175353761011257,0.15497468344156978,22.225472676221077
35.66499999999693,0.00944969984263774,0.1987075963785496,20.635977486854287
35.66999999999693,0.00821508686976278,0.29513759277144475,17.936021070304637
35.674999999996935,0.006538105243809807,0.37565505760975904,14.270964865021734
35.67999999999694,0.004509148654514534,0.43592757810836746,9.838043334422158
35.68499999999694,0.0022375491578244923,0.47271222056766865,7.190663093740464
35.68999999999694,0.002217090407894388,0.4840300427830358,8.88512520481205
35.694999999996945,0.002988059971683855,0.4692725743442234,9.692284151267643
35.69999999999695,0.004783830701245224,0.42923448880575954,10.460931603012517
35.70499999999695,0.006772094058738413,0.3660708541915327,14.804522242678777
35.70999999999695,0.008395224523286652,0.2831813316277765,18.351286782824406
35.714999999996955,0.009565745935905793,0.1850272334198898,20.91035250033111
35.71999999999696,0.010220542575679777,0.15112599610808367,22.34397187174175
35.72499999999696,0.010324256647980758,0.14790104020379471,22.574914551869774
35.72999999999696,0.009871193183593602,0.1458195921855494,21.59060489462435
35.734999999996965,0.008885630058149716,0.24840565799201345,19.44382142796209
35.73999999999697,0.007420515880831773,0.3376400129351762,16.249920549303788
35.74499999999697,0.005554624893792451,0.40871638188056864,12.180627028853772
35.74999999999697,0.00385906834546911,0.4578048347656989,9.426942219121804
35.754999999996976,0.003217406706363268,0.48225784246260833,8.221297289707788
35.75999999999698,0.002499903289013657,0.48075285575947047,6.192679320239119
35.76499999999698,0.0037046528848149714,0.45336366358692387,8.027233234198539
35.76999999999698,0.005841953220749718,0.4015564707869931,12.695643885774205
35.774999999996986,0.007666122316044224,0.3281111673308247,16.68247749669382
35.77999999999699,0.009078830519493049,0.23697211404871688,19.773143816150096
35.78499999999699,0.01000385129749109,0.15480639684872585,21.80122294313455
35.78999999999699,0.010391165890760647,0.1434923981708912,22.657399854141964
35.794999999996996,0.010219659414461495,0.128649068616641,22.295348479578788
35.799999999997,0.00949826327820162,0.19806622382697603,20.734248780420188
35.804999999997,0.008265481846022297,0.29504634904476357,18.057801306695644
35.809999999997004,0.006587328610315499,0.37621494523797033,14.409637170587704
35.814999999997006,0.004721268373666338,0.4372031888772041,9.985660285106299
35.81999999999701,0.004876703288616137,0.4747259714370677,5.023452738839438
35.82499999999701,0.004907543397372246,0.4867585873840863,4.9820578246324825
35.829999999997014,0.004814627804355472,0.4726459238317592,5.606769631210789
35.83499999999702,0.004792721958679489,0.43313793929988714,10.368534751850108
35.83999999999702,0.006801440909755801,0.3703496411306547,14.746784515843373
35.84499999999702,0.008446433740753911,0.2876474912686033,18.334075428977872
35.849999999997024,0.009639223447693458,0.18946839150722566,20.937564475574
35.85499999999703,0.010315598014581512,0.12590584105421865,22.41721802811652
35.85999999999703,0.010439063952282725,0.13623861494061879,22.693380138091094
35.86499999999703,0.010002810919813046,0.1456353592372031,21.75105692304801
35.869999999997034,0.009030081697608093,0.24628553606162876,19.6406963734602
35.87499999999704,0.00757292749340202,0.33657614562081295,16.475547450214233
35.87999999999704,0.005709415107296526,0.40882880882140055,12.42551783002149
35.88499999999704,0.003539435997098084,0.4591628352579946,7.968581403774855
35.889999999997045,0.0022764763899763892,0.4848745908777345,9.321087258130868
35.89499999999705,0.0026886481545919014,0.48458272415036174,9.742534187382244
35.89999999999705,0.0036015136270822136,0.4583023843579929,9.19121957944278
35.90499999999705,0.005765880455302363,0.407444346930085,12.524435248444558
35.909999999997055,0.007621339117876788,0.3347391180997011,16.55765628370964
35.91499999999706,0.009068412646339858,0.24409029328553936,19.70187364195586
35.91999999999706,0.010029550467885057,0.15140946028809502,21.788309539241325
35.92499999999706,0.01045329130269082,0.1421017969619307,22.70502515787499
35.929999999997065,0.01031702412239317,0.1185649832361554,22.40292256155882
35.93499999999707,0.009628199016427504,0.19189167167745008,20.898397825893362
35.93999999999707,0.008423922770237438,0.28981882679858667,18.272464222562107
35.94499999999707,0.006768960961550984,0.3721658966760094,14.6663637284077
35.949999999997075,0.004752254569560736,0.43451666012010676,10.273941649231773
35.95499999999708,0.003199009646669391,0.4735297665651104,7.479539483109228
35.95999999999708,0.0030418127197901304,0.4871181935949017,5.172016637292332
35.96499999999708,0.0028139353709246036,0.47456117527197517,5.126877212317408
35.969999999997086,0.004601439477953125,0.4365426880215429,10.080517687855792
35.97499999999709,0.006630581976652641,0.37511431145828084,14.490832937449591
35.97999999999709,0.008302329469791035,0.29358468579709096,18.12101732702709
35.98499999999709,0.00952714509434756,0.1963415640255298,20.776231381598215
35.989999999997096,0.010239538479080663,0.11083560062570157,22.31407828152742
35.9949999999971,0.010401577693170658,0.1086893025991087,22.65227935824822
35.9999999999971,0.010004918929984565,0.13486340104272224,21.773039366154148
36.0049999999971,0.009071245352225463,0.23860603006092643,19.724012241128403
36.009999999997106,0.007651091821613979,0.3294553821836789,16.61572860797336
36.01499999999711,0.005821118959103627,0.402533762820477,12.615623646746391
36.01999999999711,0.003679983225451716,0.4539205306403059,7.939083481185633
36.024999999997114,0.0035190170775331567,0.480862734837951,4.0169295134500755
36.029999999997116,0.0034548769994398945,0.481922809895036,6.595627473617046
36.03499999999712,0.00352664449828169,0.4570555866174448,8.518485776770211
36.03999999999712,0.005573049851960259,0.4076104376236992,12.244938461500697
36.044999999997124,0.007432721949623115,0.3362584014414592,16.295876011396
36.04999999999713,0.008890488483095756,0.24684821194760975,19.4681997861446
36.05499999999713,0.00986810671211042,0.14419907965826395,21.591453129594594
36.05999999999713,0.01031320754746888,0.13449884500352746,22.55167693966235
36.064999999997134,0.010202106443200723,0.15070973072270133,22.29750333134325
36.06999999999714,0.009541070430972137,0.18613270869905232,20.84290167132351
36.07499999999714,0.008365973749311521,0.2839059639652036,18.2664004351378
36.07999999999714,0.006740360532729739,0.3663393226675232,14.706943045790757
36.084999999997144,0.004752018645875644,0.4289974320741318,10.356300716853175
36.08999999999715,0.0025082493708965077,0.46851027791754185,9.614685404495917
36.09499999999715,0.002363874221862566,0.48275444836366627,9.64362365589746
36.09999999999715,0.002254216607987574,0.470967216908799,8.710355653697892
36.104999999997155,0.004516103469540175,0.4337875277122603,9.908152538730018
36.10999999999716,0.006533626128531817,0.37322153588441404,14.318244192409074
36.11499999999716,0.008198016364679726,0.292534558574764,17.95654673145164
36.11999999999716,0.009419540888607834,0.19607525099648976,20.627176299858878
36.124999999997165,0.010132332744328785,0.13429845321383274,22.186327581979178
36.12999999999717,0.010297938017147075,0.10565092862047086,22.550021800612555
36.13499999999717,0.009907387054413812,0.1334210029287284,21.69862650504773
36.13999999999717,0.008981678663579629,0.23686235340495304,19.677913685443016
36.144999999997175,0.007570651190834656,0.32754863569304804,16.59659922979572
36.14999999999718,0.00575030116753965,0.40059137362497,12.620495942973665
36.15499999999718,0.003742816713198302,0.4520515998076124,7.963594530083775
36.15999999999718,0.0036877703937140903,0.47915196666746596,4.0775131649481215
36.164999999997185,0.003545496566387902,0.48042639162048356,3.4161912967847594
36.16999999999719,0.003448824769751328,0.45579908510037576,7.484140375392515
36.17499999999719,0.005604794547628776,0.4065888260506219,12.19996324450945
36.17999999999719,0.007459862296304604,0.3354382734197253,16.26025780784983
36.184999999997196,0.00891388771110085,0.24617189249878557,19.44629456052688
36.1899999999972,0.00988829337878146,0.14359037457346643,21.58631260960163
36.1949999999972,0.010330300519817122,0.11366664192729542,22.56484448346504
36.1999999999972,0.010215777222302375,0.11880523237937328,22.32886859153757
36.204999999997206,0.009550545913531465,0.18707072266166774,20.890700134449617
36.20999999999721,0.008370079374804641,0.28511589282907135,18.327367932512647
36.21499999999721,0.006737601275929721,0.3678753467209106,14.776413624223753
36.21999999999721,0.004740693327030079,0.43088783283896315,10.428580822997722
36.224999999997216,0.0035319620815148743,0.4707530027278204,5.517487132545458
36.22999999999722,0.003536513577384037,0.48531458034428954,7.468144017254596
36.23499999999722,0.0034449358812050413,0.4737766528164975,9.064013266301583
36.239999999997224,0.004577614485054572,0.43674682021776173,9.889618114335367
36.244999999997226,0.0066099912218980155,0.37620387451963283,14.327560164916754
36.24999999999723,0.008288980187570228,0.2953917117492665,17.9973049432305
36.25499999999723,0.009524072700432276,0.19864529339556297,20.701262398251753
36.259999999997234,0.01024858034529741,0.14298313896020431,22.29374913977566
36.26499999999724,0.010423228469163635,0.15318553793846537,22.68876268202616
36.26999999999724,0.010038276795808165,0.14817514920929614,21.86469305164683
36.27499999999724,0.009114052768719976,0.23700745649709795,19.865427811918984
36.279999999997244,0.007699868857788884,0.3286661078753511,16.7980327393831
36.28499999999725,0.005871381640245892,0.40272877914186095,12.827035767221455
36.28999999999725,0.0037265342432488565,0.4552101796569714,9.756040169797098
36.29499999999725,0.0023076628233421608,0.48328343369424254,9.388800684469787
36.299999999997254,0.002433182835056512,0.4854322491170737,8.08567389815188
36.30499999999726,0.0034089010486882607,0.46153257149530375,7.3556200417552535
36.30999999999726,0.005594881401719423,0.4128595697171798,12.113580669494771
36.31499999999726,0.007482078708835768,0.34201935312937426,16.2225059656281
36.319999999997265,0.00896914980136935,0.2528090838840711,19.46160173249391
36.32499999999727,0.009976205548306466,0.15001321489078384,21.656745864821854
36.32999999999727,0.010449105040646878,0.09914872818064432,22.689907273338687
36.33499999999727,0.010362366881882402,0.08385568462337595,22.505463765286656
36.339999999997275,0.009720541216193763,0.18288842072428477,21.11316630395772
36.34499999999728,0.0085579711389864,0.2821396101586704,18.587309469797358
