time,max_disp,max_vel,max_acc
0.004999999999999893,9.794625463630488e-08,3.9178501854522786e-05,0.015671400741809446
0.009999999999999787,5.348597598901374e-07,0.00013558690024701394,0.022891958615187828
0.01499999999999968,1.4956016280647024e-06,0.00024870984702282027,0.02235722009513565
0.019999999999999574,3.008950280290008e-06,0.00035662961386731475,0.02081068664266306
0.024999999999999467,5.039915131414294e-06,0.00045575632658241674,0.018839998443378532
0.02999999999999936,7.5394181942738245e-06,0.0005440448985614168,0.016475430348222225
0.034999999999999254,1.0448584886111693e-05,0.0006196217781737551,0.01375532149671368
0.03999999999999915,1.3699881167163404e-05,0.0006808967342469569,0.015284363237541603
0.04499999999999904,1.7218674254267745e-05,0.0007266205005948083,0.01994194883085397
0.049999999999998934,2.0924882289653522e-05,0.0007558627135595344,0.022584575444537906
0.05499999999999883,2.4734437619947517e-05,0.0007679594185580947,0.022980025765495803
0.05999999999999872,2.8560780202085034e-05,0.0007625776142969449,0.02107272686685327
0.06499999999999861,3.2316657852807887e-05,0.0007397734459922306,0.022316214052912554
0.06999999999999851,3.59160153508087e-05,0.0006999695532081255,0.023244475411877567
0.0749999999999984,3.9275630090840403e-05,0.0006438763428045859,0.02296076335590673
0.0799999999999983,4.2316339739072256e-05,0.0005724075164881803,0.021633142179675845
0.08499999999999819,4.4964325171918775e-05,0.0004867866566504478,0.022810862133943868
0.08999999999999808,4.715284905712899e-05,0.00039216771716058446,0.02348868553694266
0.09499999999999797,4.882416910362185e-05,0.0004582080403186147,0.024376481634216598
0.09999999999999787,4.99312794787868e-05,0.00050097419805838,0.02458910753729877
0.10499999999999776,5.0439380644468185e-05,0.0005181489671972184,0.024959050183529674
0.10999999999999766,5.0327043797047905e-05,0.0005087429644731633,0.025255995299772557
0.11499999999999755,4.9586919849309565e-05,0.000519557536583797,0.024974895267819132
0.11999999999999744,4.822615683503628e-05,0.0005840104213398061,0.024096464810184532
0.12499999999999734,4.626657330122909e-05,0.0006299167280888361,0.022643458237241194
0.12999999999999723,4.3744274128938584e-05,0.000689654521781952,0.021104470499690782
0.13499999999999712,4.070901671656828e-05,0.0007394373637936896,0.022944401344317054
0.13999999999999702,3.7223274807379414e-05,0.0007688079802913751,0.0235536732461476
0.1449999999999969,3.336040493395922e-05,0.0008063760922951825,0.022872959500649537
0.1499999999999968,2.9202498598359007e-05,0.0008567864419449375,0.021931476173100574
0.1549999999999967,2.4838388544592894e-05,0.0008888575795615452,0.021975932643595455
0.1599999999999966,2.036129914248573e-05,0.000901978181281359,0.019897852252310003
0.16499999999999648,1.5866127226703856e-05,0.0008960905850314291,0.020165312909138457
0.16999999999999638,1.1447019437043955e-05,0.0008715525308325697,0.021168070708046705
0.17499999999999627,9.178311732940442e-06,0.0008289656594956146,0.021445106672616034
0.17999999999999616,1.1524627516928255e-05,0.0007691205415985794,0.023149288080899024
0.18499999999999606,1.3674580643709144e-05,0.00069305917502103,0.024239931249178396
0.18999999999999595,1.550335128179287e-05,0.0006020582543900245,0.024703799039614775
0.19499999999999584,1.690541746629111e-05,0.000497557771652257,0.024561159505689267
0.19999999999999574,1.7800486681156058e-05,0.00038142661911291797,0.02427817817542059
0.20499999999999563,1.8136550596686083e-05,0.0004386086480927859,0.02579554957779262
0.20999999999999552,1.7890805214057134e-05,0.0004837474752387577,0.026635769791559776
0.21499999999999542,1.706959575625435e-05,0.0005110513002803887,0.026752072888882216
0.2199999999999953,1.5707449275043797e-05,0.0005701946109734242,0.02612331286913839
0.2249999999999952,1.3865186715815063e-05,0.000625067665915979,0.024793723797396843
0.2299999999999951,1.5485123385409676e-05,0.0006583398832597854,0.022882008133691435
0.234999999999995,1.77496861061017e-05,0.0006693375553952904,0.020569309370027548
0.23999999999999488,1.9734801778072308e-05,0.0006583366708690768,0.017871153073121704
0.24499999999999478,2.13715825846638e-05,0.0006733180827818864,0.02060968702847246
0.24999999999999467,2.2604466834661056e-05,0.000738340789832217,0.02240323397624506
0.25499999999999456,2.3918396153358056e-05,0.0007846591512246882,0.02205803850287415
0.25999999999999446,2.6201105951895483e-05,0.0008105660881848694,0.01980568912039644
0.26499999999999435,2.7998522435474834e-05,0.0008150027778466738,0.022283615008136456
0.26999999999999424,2.9243202925182565e-05,0.0007976148102006092,0.024317877397394837
0.27499999999999414,2.988584408006558e-05,0.0007591344214067624,0.02540692376903256
0.27999999999999403,2.9899927861658986e-05,0.0007014461700664439,0.025437454790882427
0.2849999999999939,2.992187152756777e-05,0.000626773320332078,0.02453222015677661
0.2899999999999938,3.283137113184773e-05,0.0005370265213799306,0.022881334244138726
0.2949999999999937,3.525933195151675e-05,0.0005173878003867921,0.022511835394826197
0.2999999999999936,3.714612857066253e-05,0.0005359892860575689,0.02434903747067148
0.3049999999999935,3.844441212712945e-05,0.0005860152681736002,0.0250600255709362
0.3099999999999934,3.911928571479658e-05,0.0006458929959282734,0.025962265535240097
0.3149999999999933,3.9148815639517486e-05,0.0006855858274890547,0.026270429429983443
0.3199999999999932,3.852583437974521e-05,0.0007037648494195138,0.025898665123706872
0.32499999999999307,3.7259829503612856e-05,0.0006995278363045643,0.02481601894021936
0.32999999999999297,3.537734561136961e-05,0.000672769733489773,0.023105939573600385
0.33499999999999286,3.292063939148498e-05,0.0006243819206761614,0.021561866833907185
0.33999999999999275,2.994643945281745e-05,0.0006433967141040931,0.023203788808868
0.34499999999999265,2.6525685753951648e-05,0.0007249047654422557,0.023528523183021444
0.34999999999999254,2.274199367653225e-05,0.0007885720655255355,0.02395891014211538
0.35499999999999243,1.8688567905446073e-05,0.000832798242908971,0.02395729261223908
0.3599999999999923,1.4465643249502728e-05,0.0008563716194684032,0.025245901636483308
0.3649999999999922,1.1860472659926489e-05,0.0008589949976421469,0.025535534073486882
0.3699999999999921,9.72210941537834e-06,0.0008418401818834563,0.02460359624472779
0.374999999999992,8.044808051084326e-06,0.0008074604708632587,0.022332817146533002
0.3799999999999919,6.583664715325129e-06,0.0007589650473256007,0.01888975363468979
0.3849999999999918,6.806161331423605e-06,0.0006993506477029278,0.015476898606649594
0.3899999999999917,9.087134202614563e-06,0.0006315166705439334,0.014245107664788483
0.3949999999999916,1.206217501687674e-05,0.0005584996551609623,0.01612473750540007
0.3999999999999915,1.4666155540868078e-05,0.0005208315725677502,0.016963743510791406
0.40499999999999137,1.6891089830699036e-05,0.0004934591054274811,0.020791668257704933
0.40999999999999126,1.8733991170726212e-05,0.0004386691563625711,0.023626263818055052
0.41499999999999115,2.0192742359507633e-05,0.000360110723946048,0.025211888522675755
0.41999999999999105,2.1264469423371954e-05,0.0002624397214044432,0.025469957220926216
0.42499999999999094,2.194497872861659e-05,0.0002577715486519794,0.024395527183827485
0.42999999999999083,2.2227918375615382e-05,0.0003735378668073638,0.024179839996659052
0.4349999999999907,2.210294225598158e-05,0.000473399134499114,0.0235351093513328
0.4399999999999906,2.1555654626002175e-05,0.0005512998056286207,0.0216534915634863
0.4449999999999905,2.0572687444398243e-05,0.0006034977992380227,0.018967201622087506
0.4499999999999904,1.9150094325465646e-05,0.000628874811107713,0.01729065017217696
0.4549999999999903,1.7694842290048506e-05,0.0006286722216556723,0.015861890310549503
0.4599999999999902,1.6323298553116693e-05,0.0006066345667012576,0.013863634066352371
0.4649999999999901,1.461328546742224e-05,0.00056838876130893,0.010927473810636091
0.46999999999999,1.2635461634468599e-05,0.0005932381990864379,0.011202719724019032
0.4749999999999899,1.3313737164260526e-05,0.0006165230410551982,0.014034103390340702
0.47999999999998977,1.5477716600192364e-05,0.0006288226252325345,0.0192261601165773
0.48499999999998966,1.7328833445920735e-05,0.0006290576339505345,0.023278507540484952
0.48999999999998956,1.8856307675948738e-05,0.0006168421555040763,0.026051150126781258
0.49499999999998945,2.0058648717710284e-05,0.0005919612666293247,0.027192148866628515
0.49999999999998934,2.0939912573072384e-05,0.0005535943463966457,0.026408076753907623
0.5049999999999892,2.2237165916523478e-05,0.0005007179081387864,0.02383682625135106
0.5099999999999891,2.456943943930157e-05,0.000465692612456519,0.024413038630723072
0.514999999999989,2.6515804325387282e-05,0.0005439957089979469,0.02342761018914917
0.5199999999999889,2.7986499006991076e-05,0.0005854037672048131,0.02277748280242338
0.5249999999999888,2.8889534408212182e-05,0.0005845081748853911,0.02627558834595514
0.5299999999999887,2.914153115548728e-05,0.0005402939797329459,0.028837525137032142
0.5349999999999886,2.8683355249405335e-05,0.0004572351160605548,0.02967698591711218
0.5399999999999885,2.749568673521964e-05,0.0004727957636630306,0.028527320325348382
0.5449999999999884,2.5604242957303718e-05,0.0005033864948996863,0.02802718909749986
0.5499999999999883,2.307093261296749e-05,0.0005670357122083455,0.029529801408985402
0.5549999999999882,2.1592216125332735e-05,0.0006693286596268131,0.029655797334998263
0.5599999999999881,2.0884642104322263e-05,0.0007509026436762345,0.028339541661749578
0.564999999999988,1.969443715603877e-05,0.0008090682336313686,0.02526372376379165
0.5699999999999878,1.805446524743122e-05,0.0008396959054889547,0.025629161181122823
0.5749999999999877,1.856901906676374e-05,0.0008376466595398864,0.026351490312012338
0.5799999999999876,2.0407639408441436e-05,0.0007980523165798593,0.025464957507181786
0.5849999999999875,2.200352184691391e-05,0.0007186063619833464,0.022468969088914277
0.5899999999999874,2.337653277621424e-05,0.0006022198490968676,0.026670515663169064
0.5949999999999873,2.453980462975291e-05,0.0005177500104830339,0.0311933557720759
0.5999999999999872,2.5480153356675954e-05,0.0005283252128474167,0.03285689315790894
0.6049999999999871,2.6147649020980082e-05,0.0004778964145019942,0.031585379354179606
0.609999999999987,2.645862849966658e-05,0.0003640544259800706,0.02897786820745461
0.6149999999999869,2.6312071471362826e-05,0.0003714643279874983,0.038828386131276926
0.6199999999999868,2.5606722912839046e-05,0.00040715033943337285,0.04514931129582039
0.6249999999999867,2.4248162991913165e-05,0.0004056504023922165,0.04732293065169277
0.6299999999999866,2.2152745577653978e-05,0.0004966057734927715,0.0447921765074993
0.6349999999999865,2.0311633530893428e-05,0.000682672391635681,0.03752724966627606
0.6399999999999864,1.813490498597381e-05,0.0008406283367783067,0.035450986215942316
0.6449999999999863,1.508836993357249e-05,0.0009936529669190332,0.03461614280498847
0.6499999999999861,1.1196933369515297e-05,0.0011337783643326448,0.030500970039026038
0.654999999999986,1.1341786657646067e-05,0.0012367168760582022,0.03082615799550113
0.6599999999999859,1.4959479036866247e-05,0.001289881593558543,0.050218209813912854
0.6649999999999858,1.7345992037677483e-05,0.001284779696219057,0.06572612292211207
0.6699999999999857,1.9297672902965823e-05,0.001217978479362066,0.07492686006676898
0.6749999999999856,2.5074106372600535e-05,0.0010925949084918684,0.07578840488533131
0.6799999999999855,3.0102565999883132e-05,0.00093278386925832,0.06712995579633654
0.6849999999999854,3.418004102802543e-05,0.0010442360905257868,0.04922674548823238
0.6899999999999853,3.718701015954879e-05,0.0012271884143729675,0.044933043116875765
0.6949999999999852,3.908966230076161e-05,0.0012730730816882627,0.04311188130797117
0.6999999999999851,3.992918599172857e-05,0.0011695025498286678,0.0389437463065263
0.704999999999985,3.980675131135467e-05,0.000921652702501431,0.063312043311581
0.7099999999999849,3.887149797026285e-05,0.0005504251761924179,0.08517896721202738
0.7149999999999848,3.731146347572433e-05,0.0003642215372035299,0.09896342773560103
0.7199999999999847,3.5343910964908566e-05,0.00042279946712279147,0.10310332221433802
0.7249999999999845,3.4273945543398063e-05,0.0009153553028608985,0.09699972450943356
0.7299999999999844,3.4115353161136085e-05,0.0013582495192298678,0.0801579620381579
0.7349999999999843,3.41782460172176e-05,0.0016901432175697804,0.05259951729780983
0.7399999999999842,3.454365855978542e-05,0.0018621604148550991,0.042357422009230546
0.7449999999999841,3.520644692642154e-05,0.0018411981740405039,0.03499174771074861
0.749999999999984,3.609134761712023e-05,0.0016198414124347863,0.06395044670013157
0.7549999999999839,3.709114132840368e-05,0.001218551655422464,0.09656545610480101
0.7599999999999838,3.810284545712536e-05,0.00118042112415786,0.11840224448054995
0.7649999999999837,4.1669092462414465e-05,0.0011645382919356882,0.12751561277040757
0.7699999999999836,4.6994678429990474e-05,0.0011313665703931817,0.12434018064757478
0.7749999999999835,5.1696876685922514e-05,0.0011505214724395348,0.11054771924295397
0.7799999999999834,5.554949634277966e-05,0.0016467496665308605,0.08794355839358037
0.7849999999999833,5.8301507594358686e-05,0.0020121572120041236,0.06959205037332819
0.7899999999999832,5.9698579179459e-05,0.002214498314655686,0.07224419967858337
0.794999999999983,5.952584873349317e-05,0.0022291491803541493,0.06918053443341955
0.799999999999983,5.7787337354420726e-05,0.002043041077580797,0.06980857208479566
0.8049999999999828,5.592252932896537e-05,0.0016603264912313156,0.09549922841596657
0.8099999999999827,5.239071745784488e-05,0.0017513231814460563,0.12570058083844773
0.8149999999999826,4.731938676581427e-05,0.0018162188220529573,0.1433044397187874
0.8199999999999825,4.088123854146099e-05,0.0017787842113528786,0.14484663621346663
0.8249999999999824,3.324852540432643e-05,0.0018502060269932035,0.12903129216141088
0.8299999999999823,2.5896317674418354e-05,0.0019953734581645106,0.09738532893595822
0.8349999999999822,3.100489381245429e-05,0.002117844407309254,0.054201451021365955
0.8399999999999821,3.645319690689442e-05,0.0022200804970490106,0.05463573632084564
0.844999999999982,4.055006443377179e-05,0.0023215955727400282,0.0559615542092265
0.8499999999999819,4.3247412826381296e-05,0.0024269620387995603,0.08534755887854274
0.8549999999999818,4.449125535462629e-05,0.0024706581909561265,0.11224229895077009
0.8599999999999817,5.1085394425421756e-05,0.002415512095572146,0.11981005506775229
0.8649999999999816,6.155445355157202e-05,0.0022177591932040107,0.10561232533427631
0.8699999999999815,7.032426101186779e-05,0.0018293179155772041,0.11012509862953404
0.8749999999999813,7.637092214621247e-05,0.0017273004448729549,0.15559636747113167
0.8799999999999812,7.854685467401489e-05,0.0024515000883233934,0.2008381865958142
0.8849999999999811,7.578825736702232e-05,0.0032336294817570505,0.23225203290447188
0.889999999999981,6.883994546009041e-05,0.003980597367280088,0.24496994923607449
0.8949999999999809,5.628068531678086e-05,0.0045945520233446535,0.2417903033484927
0.8999999999999808,5.757864597535824e-05,0.004995167476127295,0.22451781848880673
0.9049999999999807,8.287440164099187e-05,0.005767051587534568,0.194095251219872
0.9099999999999806,0.00010801872201348669,0.006486809311929178,0.1506914929139405
0.9149999999999805,0.00013135946486869633,0.007047534241916603,0.14192141808225703
0.9199999999999804,0.0001511664089271632,0.007300381434178957,0.21033055913281046
0.9249999999999803,0.0001657685067253676,0.007217086740726458,0.2701928652941539
0.9299999999999802,0.0001760434407198149,0.006797045871525863,0.31586574682597524
0.9349999999999801,0.0002018252552073345,0.006147294396353662,0.3423334799377711
0.93999999999998,0.00022433240796441222,0.0052131622862372695,0.34667427587122684
0.9449999999999799,0.00024606440364420687,0.004256700879299892,0.3295801294520783
0.9499999999999797,0.00026081776352282764,0.005764202141998298,0.3422930502237598
0.9549999999999796,0.00026766261043249947,0.007112578662717678,0.3569256250158177
0.9599999999999795,0.0002658696622282229,0.008180572522012021,0.36815633180457463
0.9649999999999794,0.0002590323317057568,0.00890625666204902,0.37614566720575937
0.9699999999999793,0.00024670780572433695,0.009236140254613574,0.3698359512515468
0.9749999999999792,0.0002306069649771413,0.0091310522899308,0.34819506573839376
0.9799999999999791,0.00020671055974336646,0.009559388946628328,0.3104310970652486
0.984999999999979,0.00017540121978892542,0.010504801821605925,0.27114205738566405
0.9899999999999789,0.00019916038112533464,0.011067796034317049,0.33383117254035727
0.9949999999999788,0.00022499272514219608,0.011703976804597619,0.40379502274828905
0.9999999999999787,0.00024085773622213255,0.012056393676715326,0.4533520518711275
1.0049999999999786,0.0002455503104064703,0.01199769112949922,0.4770907768053267
1.0099999999999785,0.00023850732970228655,0.011543133602503284,0.47015517668174095
1.0149999999999784,0.0002661727913857161,0.010733511423258863,0.4307767564974574
1.0199999999999783,0.0003001779544869854,0.010345300349547804,0.3621673730534919
1.0249999999999782,0.0003255004430548522,0.00986767323157707,0.3736172998976836
1.029999999999978,0.00035401629167063417,0.009496894832658039,0.3835441202475135
1.034999999999978,0.0003831909263931289,0.010040109107960169,0.3836737119615557
1.0399999999999778,0.0004033592038875252,0.010029781162591692,0.3870787745025781
1.0449999999999777,0.00041388029105181165,0.00949454076263061,0.4078624451743085
1.0499999999999776,0.0004142474607503349,0.008490930822360791,0.42182312967099395
1.0549999999999775,0.0004268097897291218,0.00709096535492859,0.42585300224148187
1.0599999999999774,0.0004383332142030092,0.008256835002305882,0.4172005364937952
1.0649999999999773,0.0004408911821325078,0.009495193924086119,0.40810961303911425
1.0699999999999772,0.00043408431137928266,0.010449600604776597,0.4292058016113411
1.074999999999977,0.0004178510668580747,0.011060112554649906,0.4344055077555036
1.079999999999977,0.0003925074994161742,0.011974896696044976,0.42283994047916773
1.0849999999999769,0.00035873427653376365,0.012852747361455835,0.3930508791014356
1.0899999999999768,0.00031752266809853595,0.01328232775991682,0.34465405249002506
1.0949999999999767,0.00027010689888328274,0.013239631109257423,0.27852172769982697
1.0999999999999766,0.00021789172641677962,0.012724271203123225,0.32221850731824864
1.1049999999999764,0.00019752205139536577,0.011759251115279123,0.37797019824966366
1.1099999999999763,0.00022342094890583352,0.011559136389092102,0.41764943846167996
1.1149999999999762,0.00023898933486081385,0.011463352861647094,0.4396127737050341
1.1199999999999761,0.00025546775399099556,0.011084104079879701,0.4436718016796187
1.124999999999976,0.0002830783303993398,0.010438191824798257,0.4651374149337753
1.129999999999976,0.00029915830242773823,0.009545528291071833,0.4858115312743436
1.1349999999999758,0.00030320212156593573,0.008434443115463467,0.4890239849497699
1.1399999999999757,0.00029513597283040545,0.007977118670074466,0.49629942652205145
1.1449999999999756,0.00028079733762425966,0.009286021952658846,0.5149282624424253
1.1499999999999755,0.0002711435322226911,0.01020616847758133,0.5093433177020322
1.1549999999999754,0.00027057203803534864,0.010697928420275291,0.47830772262032867
1.1599999999999753,0.0002799113309275575,0.010747527427430414,0.42056617919077793
1.1649999999999752,0.00028150092254974874,0.0114534064335198,0.336671385697342
1.169999999999975,0.00027548461000982997,0.012106386528722953,0.29560145048547914
1.174999999999975,0.00026212003214057326,0.012343361932633853,0.2792870646080262
1.1799999999999748,0.00024183017165946315,0.012365192926574337,0.3172772513591911
1.1849999999999747,0.0002576794941709681,0.012025525941615585,0.36827498239777995
1.1899999999999746,0.00027945582835733955,0.011111904698860878,0.4072472356018504
1.1949999999999745,0.00029115695564563206,0.009668034722213854,0.42926365009121487
1.1999999999999744,0.0002922564360420112,0.00824004741782616,0.4304889669219295
1.2049999999999743,0.00031366722610344245,0.008605536734224442,0.5007798437098504
1.2099999999999742,0.0003337296052060763,0.008779077317690323,0.5485552880567612
1.214999999999974,0.0003424763853346059,0.008752737171005918,0.5650185469375136
1.219999999999974,0.0003395655473563211,0.008502636608178363,0.5453154348879904
1.2249999999999739,0.000324893067951732,0.009499961326682774,0.4893932333929378
1.2299999999999738,0.0002985794637164761,0.010512118444881112,0.4533208306164575
1.2349999999999737,0.00026103062414737705,0.011239234986896388,0.4226026607948338
1.2399999999999736,0.0002203224237665746,0.011643006300570908,0.37138098022331884
1.2449999999999735,0.00022679183661629515,0.012264288881407352,0.30627121543542335
1.2499999999999734,0.0002402683624432417,0.013531788995597576,0.3094679449094272
1.2549999999999732,0.0002460702702152237,0.014324824061450409,0.30975268928579813
1.2599999999999731,0.0002441723009885133,0.014609694095059793,0.30300699630980954
1.264999999999973,0.0002718891148849501,0.014379709395199518,0.34019724217047215
1.269999999999973,0.00030639084932648916,0.013647917536732543,0.41043878174069476
1.2749999999999728,0.0003313771759799437,0.012444040804506203,0.46046645791889607
1.2799999999999727,0.0003460242537116628,0.010816892712703826,0.48892801369001737
1.2849999999999726,0.00036561321364042527,0.00909280874131182,0.4953930055029685
1.2899999999999725,0.00040416924049589583,0.008450092889225231,0.48129718298253005
1.2949999999999724,0.00043108641854598006,0.009211699538625629,0.49154787217409973
1.2999999999999723,0.0004458589878040379,0.009854946570950566,0.48863911718806297
1.3049999999999722,0.00044853272249941985,0.010383776564927645,0.46698742347800276
1.309999999999972,0.0004396142541658481,0.010905719914356678,0.43213852048860324
1.314999999999972,0.0004199398936622666,0.01186849866909318,0.3896782827464198
1.3199999999999719,0.00039054196014540914,0.012249569475515103,0.34427659614278133
1.3249999999999718,0.00035578505358025043,0.0119752847450296,0.2982932146569728
1.3299999999999716,0.0003583285247445778,0.011011801106439961,0.2677835658159541
1.3349999999999715,0.00037001143694210295,0.010896021063496476,0.38999648453571906
1.3399999999999714,0.00041279285769905,0.011729933978684578,0.4947116660925908
1.3449999999999713,0.00044850088649431595,0.012228673644144233,0.5666853890878836
1.3499999999999712,0.000475908066605124,0.01234562135170143,0.60202640034841
1.3549999999999711,0.0004941200218501538,0.012053838268299574,0.6014393907318322
1.359999999999971,0.0005025552071528107,0.011352432399585836,0.5671693569001875
1.364999999999971,0.0005009105646198634,0.010263614430902212,0.50252492529681
1.3699999999999708,0.00048913157947849,0.009297541437559833,0.4125830397721183
1.3749999999999707,0.00046738221606980963,0.01108724477238434,0.3863027913448955
1.3799999999999706,0.0004360148086813117,0.012299491593400002,0.4011587759002117
1.3849999999999705,0.00039554055693968306,0.012890445348780918,0.4157213296680323
1.3899999999999704,0.0003466102595102789,0.012849193946751618,0.412247328782501
1.3949999999999703,0.0002900166308564677,0.012193037569650967,0.3922252506452806
1.3999999999999702,0.0002368227112750362,0.013279832026366827,0.35843531056898303
1.40499999999997,0.00021857564191285817,0.01427115342532245,0.39527052974452365
1.40999999999997,0.00021556264958950098,0.01497701682418891,0.47081827079231003
1.4149999999999698,0.00024463646035936636,0.015361188632609343,0.5244680170107779
1.4199999999999697,0.0002607519054794928,0.01539178151490657,0.5535841991444521
1.4249999999999696,0.0002631954766235342,0.015047345765498583,0.5558634208740224
1.4299999999999695,0.00025190322889602246,0.014315011361202333,0.5324199785560954
1.4349999999999694,0.0002862680811978362,0.013185519627303698,0.48590714970948806
1.4399999999999693,0.0003483893302867426,0.011662980008259383,0.4163004289654604
1.4449999999999692,0.00040199200704002703,0.010269547562393372,0.4109322221154263
1.449999999999969,0.0004454011375895993,0.011604711284450805,0.4660794443967645
1.454999999999969,0.0004772407460718599,0.012343446028342286,0.5080324198609878
1.4599999999999689,0.0004964419192797051,0.012449380981522165,0.5400053597878245
1.4649999999999688,0.00050219220346667,0.011938752969060365,0.5640991039043033
1.4699999999999687,0.00049390989003966,0.01086216921471801,0.5770120506396352
1.4749999999999686,0.0004713156982339317,0.009278086637243329,0.571777335411448
1.4799999999999685,0.0004345937249582927,0.008733964216546342,0.5398783137232821
1.4849999999999683,0.0003845785658117056,0.011272099442088922,0.5342515889840463
1.4899999999999682,0.00032286524189621246,0.013413230124108852,0.6040706723937774
1.4949999999999681,0.0002903929393326177,0.015036692010674653,0.6492156231924439
1.499999999999968,0.00027617872559791885,0.01608503287440458,0.656068355727031
1.504999999999968,0.00024584409307583117,0.01655879532067414,0.6179146713358192
1.5099999999999678,0.00021223462196218098,0.01648823325398053,0.5369650905141737
1.5149999999999677,0.00021516211479894487,0.015905771989707804,0.42200921934890095
1.5199999999999676,0.00020812098868799766,0.014822344048024117,0.4046164486035284
1.5249999999999675,0.00021818478795371783,0.015827047974484403,0.4099474206757278
1.5299999999999674,0.0002788015492683398,0.016283427191820802,0.4951203445438995
1.5349999999999673,0.00032704876693220863,0.016134322740059402,0.6122541931674295
1.5399999999999672,0.0003601003053775161,0.015406035851428133,0.7116799440911568
1.544999999999967,0.0003755584153765568,0.014094654248330271,0.7793344700530699
1.549999999999967,0.00038355133057132356,0.014553897826140454,0.8077311101939837
1.5549999999999669,0.0004382164659103594,0.015932085652828387,0.795441185020031
1.5599999999999667,0.0004789683191766425,0.016788309284059836,0.745011612969682
1.5649999999999666,0.0005032403271785285,0.01702543350749006,0.7479408551155238
1.5699999999999665,0.0005089883528892589,0.017133881166468225,0.8033489730986133
1.5749999999999664,0.0005384622304108997,0.019519230099019704,0.8260554682819814
1.5799999999999663,0.0005647799895491734,0.02116158785128334,0.809863790074784
1.5849999999999662,0.0005903789201752556,0.02200096677835504,0.7481324941957271
1.589999999999966,0.0006375958858895741,0.022036752941856842,0.6657673346056168
1.594999999999966,0.0006683932698254514,0.021320833451185597,0.7250100948347181
1.599999999999966,0.0006812867141543421,0.020947111794539612,0.7488428128429017
1.6049999999999658,0.000675646576747309,0.021755991963069626,0.7426773572274316
1.6099999999999657,0.0006515901563778731,0.0214397970534902,0.7124077466868112
1.6149999999999656,0.0007056561915133977,0.020011993953762082,0.6619092611993794
1.6199999999999655,0.00075910711400039,0.01755522537003733,0.7239200631263736
1.6249999999999654,0.0007945728198712124,0.01672681199888728,0.7830508343903992
1.6299999999999653,0.0008106286040859701,0.018242439849369296,0.8826529503148584
1.6349999999999651,0.0008064887278910976,0.019936588852841677,0.9762604816394129
1.639999999999965,0.0007820973383246758,0.020960505416260954,1.0246321589789937
1.644999999999965,0.0007380884875764288,0.021270303012357362,1.0200398205567072
1.6499999999999648,0.0006756791146503308,0.020864381588712694,0.9597550652961023
1.6549999999999647,0.0005965786987278341,0.019770978553378588,0.8467242031777249
1.6599999999999646,0.0005029359071402482,0.02006487835216174,0.6872683285933303
1.6649999999999645,0.00039729016515747717,0.022193418440947556,0.5832108677220803
1.6699999999999644,0.00042923479029240505,0.0237254807142136,0.6254035778177096
1.6749999999999643,0.0004533536516830436,0.02463164592578019,0.6591636726313626
1.6799999999999642,0.00046518180103075556,0.024899813633801154,0.6942657307685903
1.684999999999964,0.0004885908246500539,0.024533575883565313,0.7030566755117783
1.689999999999964,0.0004945799476298112,0.02355102876747421,0.7050507124191709
1.6949999999999639,0.00048352869716111963,0.02197599964807403,0.8893789494907983
1.6999999999999638,0.000508288503077713,0.019830371852561965,1.0220674366818954
1.7049999999999637,0.0005418028109468609,0.017137072302644996,1.0939530040063699
1.7099999999999635,0.0005944464119212581,0.01610420569537505,1.10171173738638
1.7149999999999634,0.000654955489427794,0.016773931660190033,1.0480758032817268
1.7199999999999633,0.0006962878875655175,0.017555289926650633,0.9434492863022875
1.7249999999999632,0.0007170552511894515,0.01803114191034142,0.8542699699979583
1.7299999999999631,0.00071672462438963,0.019740007863495012,0.8357361281934318
1.734999999999963,0.000695739801108426,0.02245508887355344,0.7789292106365219
1.739999999999963,0.0006554318954209645,0.024191595185202173,0.6980986355348546
1.7449999999999628,0.0005977190706009052,0.024831614380104804,0.6439654044445244
1.7499999999999627,0.0005247360754378792,0.02425421658957144,0.6965086823657598
1.7549999999999626,0.0004815865002505069,0.022374586187118316,0.7015494995612213
1.7599999999999625,0.0005088123035723147,0.020524724070190827,0.7640616110626611
1.7649999999999624,0.0005241604446432506,0.022213681779504883,0.9836669962650904
1.7699999999999623,0.0005242514717653185,0.02347088087936314,1.1455645838126531
1.7749999999999622,0.0005445844201495368,0.024213946857692237,1.2342297908621862
1.779999999999962,0.0005468621458571433,0.024350010558530352,1.2416189517704481
1.784999999999962,0.0005186026383690965,0.023798164940807134,1.1684896169016554
1.7899999999999618,0.0004615851078533105,0.02250954375804504,1.022685498864695
1.7949999999999617,0.0004641706877433206,0.020473100078061787,0.8150482533487758
1.7999999999999616,0.0005596284631764573,0.022170358566202225,0.6235085500999477
1.8049999999999615,0.0006395695782348096,0.02423343275092683,0.7539211167184028
1.8099999999999614,0.0007007608640770065,0.024793037935560522,0.8686218910482557
1.8149999999999613,0.0007403927637385628,0.023814361746439455,0.95833689008772
1.8199999999999612,0.0007563037232491668,0.021386909931288473,1.0100547529288426
1.824999999999961,0.0007472564437323515,0.02023451135945491,1.0148718484418395
1.829999999999961,0.0007131375063593207,0.019598254499534836,0.9974950268567564
1.8349999999999609,0.0006549797857125861,0.0182615071158646,1.0839821294986012
1.8399999999999608,0.0005747869960645492,0.01812098839465736,1.1099341159181435
1.8449999999999607,0.0005802169627563648,0.021702774743114106,1.0844567428195484
1.8499999999999606,0.0006400316472441167,0.024659425055752627,1.015173512022286
1.8549999999999605,0.0006831882817105948,0.02698189485798834,0.9062825297517348
1.8599999999999604,0.0007084627510799694,0.028662316922604354,0.7569479987263681
1.8649999999999602,0.0007153754724692021,0.02967354542069579,0.7344801487510084
1.8699999999999601,0.0007040505642407164,0.02997842848611245,0.7087926543558963
1.87499999999996,0.0006751371626747097,0.029554863957537356,0.6620934765406968
1.87999999999996,0.000629827139566336,0.028417728876061685,0.6052146779730581
1.8849999999999598,0.0006352189419102869,0.026619430155553948,0.5989986452973849
1.8899999999999597,0.0007623207873373724,0.024221308015281367,0.5866083995657866
1.8949999999999596,0.0008760263653988666,0.02211733292661143,0.776922934931994
1.8999999999999595,0.000973513938738401,0.021010952297502685,0.9483309322446628
1.9049999999999594,0.0010518387618553445,0.019207532825118563,1.1014698493265187
1.9099999999999593,0.0011078321326170877,0.01917627460940925,1.2242541008048355
1.9149999999999592,0.0011383177908061367,0.01926135107583489,1.286105160578017
1.919999999999959,0.0011407072508872902,0.01905354796496227,1.2530344716070612
1.924999999999959,0.001113678238039585,0.018399882626987923,1.1809131428885065
1.9299999999999589,0.0010574866561201587,0.02204850931993053,1.1100190999471373
1.9349999999999588,0.0009737559362723578,0.025788476979767806,1.00531072575735
1.9399999999999586,0.0009030062378240571,0.02808725987867797,0.9245594678410538
1.9449999999999585,0.0008415426157138138,0.028917869698224824,0.8981646826365879
1.9499999999999584,0.000757668804550797,0.031877242540153714,0.864741415329686
1.9549999999999583,0.0006523149008500893,0.03483499836614897,0.809167292734743
1.9599999999999582,0.0005301578573977565,0.03705662370204633,0.7631690074870666
1.9649999999999581,0.0005300527990187628,0.03838758319472228,0.9955741630029727
1.969999999999958,0.0005932075446295842,0.03867090841500597,1.1995184720360965
1.974999999999958,0.0006438995748036269,0.03779750661401822,1.355756742416017
1.9799999999999578,0.0006611038123778238,0.03573023562785245,1.4470148591074257
1.9849999999999577,0.0006898331556760569,0.03382643118783892,1.464352100746631
1.9899999999999576,0.0008414542821286646,0.03195527414436228,1.4055478239462613
1.9949999999999575,0.0009689055301837317,0.028977974516594507,1.2672047635991128
1.9999999999999574,0.0010676742045471815,0.026986489152042388,1.3000404573890987
2.0049999999999573,0.0011342625471148565,0.03149260455249122,1.3911386097021128
2.009999999999957,0.0011664877477012058,0.03434673119577251,1.4157850402190186
2.014999999999957,0.00116385226860518,0.035190610075834794,1.3550000590400963
2.019999999999957,0.0011279409223017576,0.033699202303073564,1.198353594884442
2.024999999999957,0.0010625557709009286,0.029680169028224363,1.305723075612784
2.0299999999999567,0.0010133309714141132,0.02324418299498778,1.5133666370515937
2.0349999999999566,0.0009762857395896925,0.022994342892836035,1.8216406969199304
2.0399999999999565,0.0009230150079303365,0.02513531760029723,1.95506318412224
2.0449999999999564,0.0008552712908418796,0.02664687959379184,1.9343390148143422
2.0499999999999563,0.0007740252818990897,0.027647488472485646,1.7945027372691784
2.054999999999956,0.0006801692486322855,0.028136816859769098,1.5618595416170533
2.059999999999956,0.0005749664074378248,0.029005640353572896,1.2517523528876289
2.064999999999956,0.0004601343518018332,0.03432106972131512,1.2995992979970616
2.069999999999956,0.00042557311422146773,0.03761596852415322,1.5609494229383556
2.0749999999999558,0.0004418756451956838,0.03868500290683267,1.6710469171013618
2.0799999999999557,0.0004174627282078384,0.03746592944802452,1.6114284167890447
2.0849999999999556,0.0004402822686113864,0.03405703176283477,1.3807251790202268
2.0899999999999554,0.0005971893035765181,0.028705782223219272,1.2486437514394053
2.0949999999999553,0.0007234018378132719,0.026145952630661808,1.521976549255028
2.0999999999999552,0.0008121476888702797,0.02723208291246967,1.7020724588101688
2.104999999999955,0.0008589260441140948,0.02552723644329212,1.788677863235728
2.109999999999955,0.0008615432070508616,0.021215011221035633,1.786362583846443
2.114999999999955,0.0008200309505125829,0.014772264071645112,1.6993040850789474
2.119999999999955,0.0007365505496902278,0.0207326256851302,1.6804798358598907
2.1249999999999547,0.0007653145011475308,0.02775766757932611,1.720103861925554
2.1299999999999546,0.0007727618806919502,0.03334209940386833,1.595487150105156
2.1349999999999545,0.0007580642536013594,0.03713079891884479,1.3255059482724763
2.1399999999999544,0.0007212378172257451,0.038850276958135345,0.9366055752748582
2.1449999999999543,0.0006626211230163617,0.03836766660354557,0.8447946433912056
2.149999999999954,0.0005831190322788615,0.03573847568065917,0.7751134774947089
2.154999999999954,0.00048452774753488404,0.031201458433540857,1.0821743848409988
2.159999999999954,0.0005900245284511382,0.025838411098165003,1.3502016223405318
2.164999999999954,0.0006975882033275681,0.02646569037531461,1.5635628565692203
2.1699999999999537,0.0007671993922083234,0.02761198671864967,1.8059472608720881
2.1749999999999536,0.0007959528157283618,0.027906083749023657,1.8428513816610272
2.1799999999999535,0.0007825823545096281,0.027466592752354312,1.687824534076313
2.1849999999999534,0.0007274689778024846,0.02641425009696882,1.6022918365132133
2.1899999999999533,0.0006835244625208752,0.024890098522795376,1.4351957355849567
2.194999999999953,0.0007417043763306274,0.029288866186002897,1.1887348448518447
2.199999999999953,0.0007829486652624429,0.034459544623800034,0.8795365302670497
2.204999999999953,0.0008072570567265508,0.03799548614342397,0.974050135080985
2.209999999999953,0.0008325970641340157,0.03978169816157459,1.4334502672984664
2.214999999999953,0.0008966341316080685,0.03978566706022036,1.7974557626334595
2.2199999999999527,0.0009453186142831339,0.037985578190259106,1.9664362994324325
2.2249999999999526,0.0009786435595457621,0.0343416512597197,1.9007415678387685
2.2299999999999525,0.0009961118510744286,0.028816277416892182,1.5913609081569418
2.2349999999999524,0.0009964398513768458,0.02482823241150317,1.653512545692906
2.2399999999999523,0.0009777383301236052,0.028220946388128543,1.9435466802963057
2.244999999999952,0.001011544180371047,0.028683317630011976,2.116552069193109
2.249999999999952,0.0009963762984916311,0.028579802019353763,2.1528756373239637
2.254999999999952,0.0009281863858759117,0.027273500596160932,2.061221573967896
2.259999999999952,0.0008091606048054131,0.02870470839094162,1.8584201675052847
2.2649999999999517,0.0006822795199175515,0.037243520920774896,2.000587044727681
2.2699999999999516,0.0007376141786671609,0.04405106105560733,2.0059093247148656
2.2749999999999515,0.0007675050950023436,0.04870323223821758,1.794155848514099
2.2799999999999514,0.0007697810414072937,0.050838310198627334,1.376121463387017
2.2849999999999513,0.0007476057464062503,0.05017299782670938,1.172873457139851
2.289999999999951,0.0007329033087473529,0.04652363076323261,1.0776361336699785
2.294999999999951,0.0007499712133680899,0.03988251287213461,1.621899200440421
2.299999999999951,0.0009260049428582034,0.031118680374229345,2.1187143788485794
2.304999999999951,0.0010499966398437044,0.026815035661196113,2.4673972426007866
2.3099999999999508,0.0011133719707359813,0.025241593265398713,2.6451097108661146
2.3149999999999507,0.0011116428305247834,0.025981476032903364,2.659098712223399
2.3199999999999505,0.0010443382973951993,0.025914254316274185,2.52875573162933
2.3249999999999504,0.0010504742827651182,0.031941760603770734,2.2696586375859114
2.3299999999999503,0.001045513091208247,0.04234249788886189,1.8906362764506355
2.3349999999999502,0.001006134209536965,0.050573190171032414,1.4016406364176417
2.33999999999995,0.0009330704454638634,0.056122709402725235,1.28031108467581
2.34499999999995,0.0008283741588647153,0.05857595370687492,1.1397605697572046
2.34999999999995,0.0006955324414568042,0.057664712328537926,1.6431206947801762
2.35499999999995,0.0006249703000804673,0.053336066105941715,2.151521798226085
2.3599999999999497,0.0008728100628017022,0.04579983898255439,2.4403122817086453
2.3649999999999496,0.0010761058751858905,0.03794863838445262,2.467206007871384
2.3699999999999495,0.0012227728128545693,0.038506741024960586,2.6461971223880236
2.3749999999999494,0.0013043014591055614,0.038006702865343495,2.8278507545330904
2.3799999999999493,0.0013161584002843116,0.03654445448810324,2.8455741801050083
2.384999999999949,0.0012578365305238725,0.039229135588459946,2.709610635527648
2.389999999999949,0.001132633827751712,0.038685892674043695,2.436137830715559
2.394999999999949,0.0009472675645823514,0.04267377913050936,2.044283366593679
2.399999999999949,0.0009963944193450947,0.051672570946896965,1.8436301348031368
2.4049999999999487,0.0010935878032970092,0.05804697352524464,2.246986520470205
2.4099999999999486,0.0011617224409455843,0.06151198599609123,2.414927784702821
2.4149999999999485,0.001197957714221575,0.06192217869041644,2.336490369625375
2.4199999999999484,0.00120014536258666,0.059264281922901535,2.0263283061627435
2.4249999999999483,0.001167012478043401,0.053669031164680726,1.5168305498316674
2.429999999999948,0.0010982400344459902,0.04542552215139865,1.8950617697996253
2.434999999999948,0.001204401454264861,0.03530291984859864,2.28765124550648
2.439999999999948,0.0013489351350134595,0.03399528354287869,2.561951525224266
2.444999999999948,0.0014302261219055667,0.036574850396128095,2.707276721084015
2.4499999999999478,0.0014446486695285125,0.041653796108086776,2.722445315674019
2.4549999999999477,0.0013917473944997055,0.045692877795936726,2.61964427184882
2.4599999999999476,0.0012739045119312111,0.04839048039223717,2.428923346978753
2.4649999999999475,0.0010957592718930595,0.049390670636893154,2.170886229339275
2.4699999999999473,0.0008639544573615125,0.051343115834592265,1.8148361132863102
2.4749999999999472,0.0008099651508703716,0.059165692364844535,1.3141944988146572
2.479999999999947,0.0009630368492730954,0.06413626416456818,1.0201751615601096
2.484999999999947,0.001096831886009556,0.06570712904251147,1.1506513380109022
2.489999999999947,0.00126249817636573,0.06366711136151126,1.2960615292560806
2.494999999999947,0.0013958933243410862,0.058136393190492484,1.441968465904968
2.4999999999999467,0.0014939088573319727,0.049475804570917575,2.0222669819250694
2.5049999999999466,0.0015540092346831896,0.03821216610756463,2.4831884034162095
2.5099999999999465,0.0015743445314907818,0.024994500671528797,2.8038777709982368
2.5149999999999464,0.0015538878316610695,0.015332349283165935,2.970867964653705
2.5199999999999463,0.0014925578824129242,0.020510334727301932,2.9795351002825954
2.524999999999946,0.001391338702338735,0.02664490573178562,2.836085378791202
2.529999999999946,0.0012523988372641485,0.03233228506565012,2.5538596364188106
2.534999999999946,0.0010791579820957453,0.04409120421584572,2.1497080236595245
2.539999999999946,0.0008762473583386186,0.053575367917592424,1.643957457039232
2.5449999999999458,0.0007815636440920074,0.06033648503409155,1.4001080205242504
2.5499999999999456,0.0006999468279687841,0.06405666534552289,1.8203872851160123
2.5549999999999455,0.0005982367135710122,0.06456621065638353,2.063222320178967
2.5599999999999454,0.0004932988853148472,0.06184928287648843,2.099956783905473
2.5649999999999453,0.0007253443768958964,0.05603788932273853,1.9212346166941663
2.569999999999945,0.000983937333166963,0.047399293185690354,1.993887534609557
2.574999999999945,0.0011932389873797187,0.04211781203096567,2.437282339901206
2.579999999999945,0.0013423049355721318,0.0366798556766428,2.769260748843262
2.584999999999945,0.0014229801758709035,0.03381068668200881,2.9667094253953628
2.589999999999945,0.0014304642206254801,0.030079626300131182,3.0079116874376974
2.5949999999999447,0.001419872023728854,0.02392993519486704,2.878104545439029
2.5999999999999446,0.0014813396335309596,0.03432788339466199,2.5784456034989622
2.6049999999999445,0.0015036731375363058,0.046093419818370306,2.1990526673648607
2.6099999999999444,0.0014861342472457682,0.0553075642961975,2.1420826971319067
2.6149999999999443,0.00142887804808958,0.06147912349629466,1.8774464874484325
2.619999999999944,0.0013331861221735947,0.06432868502992979,1.448191244941903
2.624999999999944,0.0012015844050703298,0.06376795950634608,1.298539937562301
2.629999999999944,0.0010377304821993245,0.05986077933267884,1.1150818027721763
2.634999999999944,0.0008461383010973615,0.05280985290629417,1.7108784690821373
2.6399999999999437,0.0009852019597750745,0.04483763549797811,2.2244814478614425
2.6449999999999436,0.0011698155566791542,0.04765829519537649,2.614505538633629
2.6499999999999435,0.0012900270019134208,0.049201551288683934,2.850851742041844
2.6549999999999434,0.0013400199185200847,0.049361646803540014,2.918755557699612
2.6599999999999433,0.001318071062643257,0.04808147919017467,2.822320739918056
2.664999999999943,0.0012264787649038506,0.045391280851140504,2.5795536604773517
2.669999999999943,0.0010711629133739638,0.04141549937013631,2.2143405456045357
2.674999999999943,0.0009765876956417405,0.04696627990253375,1.7499561899769427
2.679999999999943,0.0011434454760052444,0.05435340700598087,1.267717127134668
2.6849999999999428,0.0012788122110068765,0.05885437717075564,1.3908457005827712
2.6899999999999427,0.0013795580272440448,0.06020151966841037,1.4899384740142465
2.6949999999999426,0.0014431930358848094,0.058258069260256035,1.5710021822440268
2.6999999999999424,0.0014678222031666117,0.05306166744484523,1.9253962266282338
2.7049999999999423,0.0014522538992130624,0.044853512071442295,2.091125140270662
2.7099999999999422,0.0013962055116716512,0.034080041878831735,2.3839429060317654
2.714999999999942,0.0013005123258232564,0.0271794523458465,2.7021926359391313
2.719999999999942,0.0012000752422566094,0.030276612577457025,2.862660839724096
2.724999999999942,0.0012015729305368172,0.03675241191595698,2.8597645032403634
2.729999999999942,0.0011325804140316356,0.04226215167742495,2.6962429194579953
2.7349999999999417,0.0009971235554829645,0.04664344526830467,2.382044384802416
2.7399999999999416,0.0008029696317352424,0.049757963951370804,1.9311987427857
2.7449999999999415,0.0007887951839246196,0.0524708994416936,1.7760746762015263
2.7499999999999414,0.0008116006539267476,0.057728206872915376,2.1085257105723354
2.7549999999999413,0.0008616370260306855,0.05976421663480169,2.2124795188683675
2.759999999999941,0.0009385550762487265,0.058587896860811624,2.0664139462449502
2.764999999999941,0.0009903429470869243,0.05442278066754915,1.6795604635645653
2.769999999999941,0.0011259165542222159,0.047647308623935604,1.5943767522819827
2.774999999999941,0.0013195624907396974,0.03869795602022926,1.9853642892006413
2.7799999999999407,0.0014886679481389106,0.03217203639576984,2.295028177580317
2.7849999999999406,0.0016305656551916328,0.030226461639800466,2.5173799640732266
2.7899999999999405,0.0017424468942944368,0.02746095126479618,2.6389979346615204
2.7949999999999404,0.0018213938326887022,0.023770912261384527,2.6504604830002836
2.7999999999999403,0.0018645359657863227,0.023133702525634313,2.5435660105146174
2.80499999999994,0.0018693216583904372,0.035263923664336734,2.308522444966453
2.80999999999994,0.0018339301305666394,0.045883454153881204,1.939289750851419
2.81499999999994,0.0017577054093492318,0.054343890775253846,1.6173383044377907
2.81999999999994,0.001641406208001817,0.06008937977657977,1.5289057595953146
2.82499999999994,0.0014871952949044435,0.06272648468731246,1.4331623384414989
2.8299999999999397,0.001306818335113492,0.062053455942231044,1.3580764530198324
2.8349999999999396,0.0011347971950875998,0.058066311351728475,1.2400100784949895
2.8399999999999395,0.0009811469594536637,0.05095246096529999,1.7214250778633353
2.8449999999999394,0.0010266439149378202,0.05406397644297978,2.226335258184556
2.8499999999999392,0.0012018541819475994,0.05592830075692983,2.6064701203946625
2.854999999999939,0.001312840274028911,0.05650730296083159,2.8365924895813954
2.859999999999939,0.0013539279785447253,0.05584828851552159,2.904086910922582
2.864999999999939,0.0013234070473963936,0.05457096453905618,2.812615394837275
2.869999999999939,0.0012234734189746433,0.053087357812928476,2.5767138631503346
2.8749999999999387,0.0010860851274233322,0.05040446235191012,2.220064484149578
2.8799999999999386,0.0012671038026631145,0.04870282489164215,1.774932222473599
2.8849999999999385,0.001459635574857961,0.056313121753038896,1.5185184283844222
2.8899999999999384,0.0016172812383684328,0.06125927378605382,1.672500308569656
2.8949999999999383,0.0017348214024571229,0.06325723797031371,1.8536003215653745
2.899999999999938,0.0018304192873134014,0.06203721661010358,1.9583248620988305
2.904999999999938,0.0018946697431317574,0.05745054463741732,1.9020762968850515
2.909999999999938,0.0019117927839441271,0.04957649778551298,1.8928698783544444
2.914999999999938,0.0018819050878777367,0.03877338110552486,2.428376793640899
2.9199999999999378,0.0018062581627121134,0.03719375728547444,2.814191550189033
2.9249999999999376,0.0016867979215816659,0.04155015961437367,3.0244783190711737
2.9299999999999375,0.0015260185372086266,0.044662496298020556,3.0583665816693357
2.9349999999999374,0.0013390130695581579,0.04647948694290397,2.927100127700493
2.9399999999999373,0.0012086996876847127,0.049762709412722504,2.642646210071228
2.9449999999999372,0.0010132003376100978,0.055008974008001706,2.2173623643446527
2.949999999999937,0.0007630552331687208,0.05901980938420949,1.813866815715572
2.954999999999937,0.0006607559734431288,0.0617237496459855,1.6486070403485604
2.959999999999937,0.0008314519410220387,0.06483820973223742,1.3062685763946191
2.964999999999937,0.0009980104253426274,0.06443129793698658,1.1244657407744099
2.9699999999999367,0.0011366930561452577,0.06181584152821377,1.2302351522402772
2.9749999999999366,0.0012448103121413586,0.059160813099193944,1.8296725749145324
2.9799999999999365,0.0013204544581666775,0.05514182941435392,2.3688834443472513
2.9849999999999364,0.0015450805936411387,0.049761762001869395,2.765870202403446
2.9899999999999363,0.0017771510015541887,0.04306640116335252,3.0024725971059474
2.994999999999936,0.001972715728656093,0.035159489677410734,3.0715943875120657
2.999999999999936,0.0021261361688434286,0.026208686397524862,2.9758980905610306
3.004999999999936,0.002232757280938207,0.029478878359403573,2.725326481774985
3.009999999999936,0.0022891470346292015,0.0421264408129052,2.333698499625774
3.0149999999999357,0.00229321732858155,0.05250734888167585,2.135234706036694
3.0199999999999356,0.0022442202288924574,0.06005866068372887,2.1138808801610502
3.0249999999999355,0.0021426650074592136,0.06434385406635777,2.0463030127057666
3.0299999999999354,0.0019902338753529083,0.06509086361645644,1.9336588021175642
3.0349999999999353,0.0017897452230627659,0.06222360802394437,1.7755826124734237
3.039999999999935,0.0015451579102389,0.05587801298772161,1.6617033419000815
3.044999999999935,0.001261580292318929,0.06033040426471039,2.1874997725890415
3.049999999999935,0.0012240761017177908,0.06621053831115804,2.649930409194564
3.054999999999935,0.0013604714834233311,0.0705667761570459,2.969860364235508
3.0599999999999348,0.0014235990052150547,0.07327781751444207,3.1332064485455953
3.0649999999999347,0.0014093985764616636,0.07428505467467027,3.136198825892194
3.0699999999999346,0.0013177543244797347,0.07360397515491711,2.985407616236585
3.0749999999999345,0.0011523762347462674,0.07131566394097408,2.690399981881272
3.0799999999999343,0.001204336153850519,0.06751652269667488,2.254305840260167
3.0849999999999342,0.0015287838241301278,0.06236953785742553,1.6806525028322663
3.089999999999934,0.001823337892498489,0.06903113547274753,1.6109426918342826
3.094999999999934,0.0020806815895463423,0.07196356868003505,1.810466294053625
3.099999999999934,0.002293391613508824,0.070786863097915,2.0832606852836997
3.104999999999934,0.002454224033974118,0.06540334464768181,2.348042198689971
3.1099999999999337,0.0025567717496594155,0.05606536481629767,2.5462076821361506
3.1149999999999336,0.002596198929101946,0.04333946250391389,2.8489074000267367
3.1199999999999335,0.0025696833733376973,0.03220036748611829,3.2874132912583414
3.1249999999999334,0.0024764825640173896,0.03291502687535653,3.5403258108937896
3.1299999999999333,0.002317843352768276,0.038160724068207884,3.593709224935767
3.134999999999933,0.0020969632704512116,0.05019130885861967,3.439536678511016
3.139999999999933,0.001919251766412868,0.06097815793287474,3.075859107252796
3.144999999999933,0.0017000848862163069,0.07010473943204407,2.516595758178745
3.149999999999933,0.0014369601442455395,0.0772020584755172,2.1872506050291713
3.1549999999999327,0.0011368932460057912,0.08201741207186618,2.082419139646722
3.1599999999999326,0.0008079239543872482,0.08444961356549219,1.7552748113824086
3.1649999999999325,0.00046047094673933866,0.08453714834028032,1.2265604898467635
3.1699999999999324,0.0006407728084320923,0.08241543943577329,1.4824789793917375
3.1749999999999323,0.0009595701037721646,0.07826152777810447,2.1523956743631905
3.179999999999932,0.001308983947100336,0.07225538409812357,2.6979441263559902
3.184999999999932,0.0016510520251832902,0.06836314595350293,3.0999285996279364
3.189999999999932,0.0019509377459650268,0.0637616054882849,3.3456715189824844
3.194999999999932,0.0022015632655646646,0.057678627721771195,3.4252745830319835
3.199999999999932,0.0023968095496573415,0.050159721379293865,3.33606143564362
3.2049999999999317,0.0025316192928585553,0.04127628184712252,3.085179407293522
3.2099999999999316,0.0026020969960534788,0.047825997609260006,2.6919450426408775
3.2149999999999315,0.0026056550770997074,0.059906490853257735,2.737106767830417
3.2199999999999314,0.002541227188943351,0.06901624374103967,2.7115964941123503
3.2249999999999313,0.0024960564924843597,0.07464153040448955,2.6075394120373003
3.229999999999931,0.002439356978883075,0.07641940502092848,2.5794869684818758
3.234999999999931,0.0023186849327637435,0.07416601156420514,2.501279181014398
3.239999999999931,0.002136066229887386,0.06787050208011569,2.3294197506139414
3.244999999999931,0.0018959064898697571,0.0748121888894918,2.4249083540719623
3.2499999999999307,0.0016052411321037753,0.08024755039871861,3.1117538253570194
3.2549999999999306,0.0015915459993298406,0.0829601491063343,3.632311612083024
3.2599999999999305,0.001679240072548733,0.08302787988230503,3.902012306230008
3.2649999999999304,0.0016710683201030681,0.08074875167584206,3.902195881786726
3.2699999999999303,0.0015668251174302938,0.07947459215176078,3.6650279665347365
3.27499999999993,0.0013721858845163514,0.07889558611612843,3.2311130237312917
3.27999999999993,0.0014181917774642057,0.07641373707188358,2.6363107281469946
3.28499999999993,0.0017056997480716487,0.0735788673170171,2.0514695991313436
3.28999999999993,0.0019422831263954173,0.08103670773366407,2.289594997863263
3.2949999999999298,0.002122064696323,0.08415452225700346,2.45762974853232
3.2999999999999297,0.0022408597516344725,0.08271744617766225,2.5529878436501026
3.3049999999999295,0.0022962588481439056,0.07677380380835672,2.57974797249429
3.3099999999999294,0.002312181853081912,0.06665035149794758,2.5462394270267414
3.3149999999999293,0.0024094220852936676,0.052938907099896224,3.0652303898326494
3.3199999999999292,0.0024423803824250357,0.036455018465063244,3.5283250641006854
3.324999999999929,0.002408769990002249,0.04389151998354017,3.7898180454913337
3.329999999999929,0.0023076904027165284,0.05411460745638385,3.851165793479443
3.334999999999929,0.0021399808000744105,0.06303604509664372,3.720007528889497
3.339999999999929,0.0019085108289854812,0.07035353044981905,3.4109975610691587
3.3449999999999287,0.0016183391290095384,0.07577387378917118,2.9466932319567514
3.3499999999999286,0.0012767295975282388,0.07904160444332219,2.350862891751846
3.3549999999999285,0.0008929380566911376,0.08046840820032679,1.642788168303861
3.3599999999999284,0.0007821880445067751,0.0856301479269691,1.2376983397037948
3.3649999999999283,0.000911083769675959,0.08845467903942669,0.9805303074185282
3.369999999999928,0.0012722823112708067,0.08895002177458308,1.2987805365148581
3.374999999999928,0.00160129410974258,0.08714633383706642,1.7812056066375987
3.379999999999928,0.0018899141786251554,0.08306749482874351,2.5334443291235833
3.384999999999928,0.002130947690826873,0.0767420252169674,3.137682581723484
3.3899999999999277,0.002318197936993337,0.06823944717285876,3.5620186019685294
3.3949999999999276,0.002446598696079437,0.057702369956585974,3.7892375922005113
3.3999999999999275,0.0026012977604284882,0.04536087914115137,3.814537526463573
3.4049999999999274,0.002793535662298523,0.03153428160686421,3.6448628902522966
3.4099999999999273,0.0029139286493929744,0.039266105715250035,3.2964257641791805
3.414999999999927,0.0029581643356679263,0.054470757849416324,3.151729534056
3.419999999999927,0.00292415004870278,0.06676597335658277,3.147645403618721
3.424999999999927,0.002811969104185521,0.07552031468647781,3.059644867045165
3.429999999999927,0.0026237761481246007,0.08026708420807153,2.894986709277293
3.434999999999927,0.0023636330371103052,0.08072556014240116,2.662406506940734
3.4399999999999267,0.0020373231845304306,0.07683135725651632,2.3668789273343203
3.4449999999999266,0.0016521904544421408,0.08250451472649924,2.0199345633198322
3.4499999999999265,0.0012169748122833719,0.09158174213701212,2.727103901865389
3.4549999999999264,0.0014077982872355952,0.09853999635760975,3.286639556640144
3.4599999999999262,0.0015736047053079513,0.1031615498979271,3.665088106920662
3.464999999999926,0.0016490307930885181,0.10528342531525106,3.8440370762054377
3.469999999999926,0.001629653865660459,0.10481459519625809,3.8153201740492735
3.474999999999926,0.001776797177420668,0.10174222476292542,3.5836179458861803
3.479999999999926,0.002078853442962746,0.09612655613740188,3.1603340871811567
3.4849999999999257,0.0023379108119243237,0.088079634464024,2.5632051210907507
3.4899999999999256,0.0026951198870615208,0.07776017333818366,2.2819026200325325
3.4949999999999255,0.003052980378959743,0.08107779834978532,2.668557346797648
3.4999999999999254,0.0033445239338611124,0.08371653982778605,2.991692605869145
3.5049999999999253,0.003561763290767831,0.08185627497303403,3.2367291206086737
3.509999999999925,0.0036986389164737855,0.07562241059843937,3.3930461450363816
3.514999999999925,0.00375128423321458,0.06538864313338848,3.4540280237447365
3.519999999999925,0.0037181998001717897,0.05175217274879747,3.415657772848286
3.524999999999925,0.003600346547268715,0.040097941915581095,3.4690832815112036
3.5299999999999248,0.0034011472081775674,0.048578003543140034,3.71005146889208
3.5349999999999246,0.0031263940517690446,0.062158834233882264,3.743464588071456
3.5399999999999245,0.002784103501939423,0.07475738569796908,3.566012710288086
3.5449999999999244,0.0023843915481751307,0.08512739580775135,3.1785935500215916
3.5499999999999243,0.0019394514436113627,0.09284864601775972,2.585041860477894
3.554999999999924,0.001463548964365649,0.09751234568052981,1.8558197263101375
3.559999999999924,0.0009726729121035401,0.09883807522431792,1.476560085277231
3.564999999999924,0.0005920763426862225,0.09677520130451277,1.2460600338917946
3.569999999999924,0.0002999715943336779,0.09147026223653158,1.6185460766673578
3.574999999999924,0.0005250484068295529,0.08317574146211766,1.9435292677206817
3.5799999999999237,0.0008120181232122776,0.07219592889570033,2.4483957588463463
3.5849999999999236,0.0011396523547524554,0.0588577637203736,2.9661081825780653
3.5899999999999235,0.0013955730076952286,0.05318629922098261,3.3733356632083944
3.5949999999999234,0.001570723030737022,0.05238105057416395,3.595518178145076
3.5999999999999233,0.001812065076116185,0.050158353871843434,3.7138250160494235
3.604999999999923,0.0020538163836014457,0.05005893174163359,3.7863650914589018
3.609999999999923,0.0022741410151906043,0.049177552568961086,3.7457348727411137
3.614999999999923,0.0024665589476317107,0.06019806678289268,3.5877183287751726
3.619999999999923,0.0026250699722409473,0.07069036234879204,3.3126350857136253
3.6249999999999227,0.002744239102409363,0.08031126252364011,2.919394839439889
3.6299999999999226,0.0028191685021399958,0.09361599195886104,2.402496934648591
3.6349999999999225,0.002911710597301089,0.10406631125263384,2.1074510318822273
3.6399999999999224,0.003012566287106647,0.1112481568716206,2.199540389751377
3.6449999999999223,0.003065674351511069,0.11502338301417894,2.7756075161143126
3.649999999999922,0.0030672299487024815,0.11548963203912224,3.3671985023147823
3.654999999999922,0.0030820311799997216,0.112835410491447,3.7397072226071244
3.659999999999922,0.003254177337532102,0.10725536008437521,3.888370378545888
3.664999999999922,0.0035805051729646416,0.09897500386285335,3.8081335808165604
3.6699999999999218,0.0039939395876257945,0.08829247429217833,3.5000818422035915
3.6749999999999217,0.004403596318425195,0.07557021802758543,2.9842933928657787
3.6799999999999216,0.004745411764297339,0.06213209623033699,3.0364848424189907
3.6849999999999214,0.00501162125050072,0.07177718347066592,3.2947656220589554
3.6899999999999213,0.005195790976769674,0.07744949881084412,3.5003455029718933
3.6949999999999212,0.005292789917232062,0.07900927528248837,3.6518691010485718
3.699999999999921,0.005298791282584186,0.07657572112884026,3.7555283125738934
3.704999999999921,0.00521112531546163,0.070547716931939,3.8238474697529576
3.709999999999921,0.005028087406225844,0.06155929297859079,3.856287486037797
3.714999999999921,0.004749072896151618,0.06539805348779619,3.8198336923222884
3.7199999999999207,0.004375306133953511,0.08410865139144956,3.664405469139209
3.7249999999999206,0.003910922804516374,0.10164468038340915,3.3500061276447703
3.7299999999999205,0.0033637799220842895,0.11721247258942949,2.992622189339331
3.7349999999999204,0.002745425787147564,0.13012918138526616,2.9751108190411473
3.7399999999999203,0.0020702229392984585,0.13995195775438174,2.801126117291082
3.74499999999992,0.0013542218321978003,0.14644848508588756,2.464638118332775
3.74999999999992,0.0007455463362249984,0.14950560778866576,2.5339897274881777
3.75499999999992,0.0008210935859016823,0.14907482710432762,2.6316179098830697
3.75999999999992,0.001011238765372021,0.1451774876954988,2.4640928262032484
3.7649999999999197,0.0015756325838761688,0.1379774361667406,2.026846362653207
3.7699999999999196,0.002240196756506507,0.12784823288540037,2.294508258245228
3.7749999999999195,0.002848132421046573,0.11532603293063104,2.7143717236626115
3.7799999999999194,0.0033888703257861134,0.1009691289651898,3.028389862514022
3.7849999999999193,0.0038544344897713484,0.08525653662890834,3.2566470719987093
3.789999999999919,0.004239066569498321,0.06859629526188434,3.424458124806735
3.794999999999919,0.004539016290901018,0.05138359329919641,3.6988300280383104
3.799999999999919,0.004752604537763952,0.03665136137559208,3.7768150504560816
3.804999999999919,0.004880386639872896,0.04137572479695012,3.6535385824140665
3.809999999999919,0.004925031661232003,0.0587838218470353,3.3097002376201536
3.8149999999999187,0.004890749383359559,0.07389852841457335,2.958062264133183
3.8199999999999186,0.0047826415258730905,0.08563791549728707,2.7313674976850386
3.8249999999999185,0.004606469533488144,0.09314390136737306,2.469464324253769
3.8299999999999184,0.004368926632728217,0.09591499570464951,2.149049193804515
3.8349999999999183,0.004078052582708152,0.09381385489788038,2.0072194416556846
3.839999999999918,0.0037433662683725184,0.08699598511526743,2.7447729551978557
3.844999999999918,0.0034036903358657666,0.07625452367306164,3.194923096296642
3.849999999999918,0.0031390526482133673,0.07919021091504584,3.3029061958815022
3.854999999999918,0.0029375237144634503,0.0794219544587062,3.699395028436846
3.8599999999999177,0.0030326611830177354,0.07682519747501163,3.911585579480412
3.8649999999999176,0.003225207020090754,0.07139968285345145,3.906148571241177
3.8699999999999175,0.0034545623026295213,0.06584967590747952,3.7038948013575808
3.8749999999999174,0.0036430968865791033,0.06259224095195963,3.3205620337439647
3.8799999999999173,0.0037886928141003997,0.05802661164688953,2.7689155671369208
3.884999999999917,0.004029569124580491,0.058724740769608035,2.9738292609720243
3.889999999999917,0.004273902703523366,0.0670438259354762,3.1935115062150126
3.894999999999917,0.0044822412447681065,0.07114857986088947,3.3266245359637963
3.899999999999917,0.004651042630484527,0.0708378861044391,3.3709951798461337
3.9049999999999168,0.004777951525422341,0.0661418691481095,3.327839913966989
3.9099999999999167,0.0048618785287106465,0.05733738148598283,3.192615275668548
3.9149999999999165,0.004902945993169096,0.07063727124730734,2.9632744269427445
3.9199999999999164,0.004902346130476092,0.08464607415241857,3.283424862770121
3.9249999999999163,0.004862187493361424,0.09682158167070995,3.565768993444784
3.9299999999999162,0.004785379468695279,0.10675866295457094,3.6362157771711083
3.934999999999916,0.0047460641498987596,0.11411051905217313,3.4893691008638745
3.939999999999916,0.004815588597366925,0.11858278636868773,3.194675536235897
3.944999999999916,0.004859707804876225,0.11993212264520695,3.5633238865368075
3.949999999999916,0.005156455898764572,0.11798828615583627,3.6033212702951993
3.9549999999999157,0.005720886376507527,0.11268908544343946,3.30315911844872
3.9599999999999156,0.006262782159193709,0.10406922763103783,2.694791674924048
3.9649999999999155,0.006753444121054422,0.0921955571132514,2.6969769896514
3.9699999999999154,0.007176766608853324,0.07713343800631331,3.327870653123979
3.9749999999999153,0.007517223145558469,0.06301485227804092,3.9058338791025
3.979999999999915,0.007760770265759558,0.059705273277665394,4.365968229320648
3.984999999999915,0.007896224615323492,0.05135935556283696,4.657072964201687
3.989999999999915,0.00791629083152023,0.048028405586072964,4.781987181027899
3.994999999999915,0.007817373505572139,0.05281158265552048,4.816319416916398
3.9999999999999147,0.007598052743724308,0.05700877453520925,4.849923729098297
4.004999999999915,0.007257327243756138,0.08034324368518594,4.9085912241422065
4.0099999999999145,0.006794087081582436,0.10495282118429891,4.935239775503186
4.014999999999914,0.006208155203757646,0.12941992994562201,4.8675519131292155
4.019999999999914,0.005501824076609033,0.15311252091382932,4.676025254757751
4.024999999999914,0.00468063716229225,0.17536224481289095,4.3516434787827265
4.029999999999914,0.003753172239405014,0.19562372434201106,3.925231395795962
4.034999999999914,0.00273037561871188,0.21349492393525127,3.4225171134800663
4.039999999999914,0.001624963136088795,0.22867006911399218,3.577274503078207
4.044999999999914,0.0016945017446585255,0.24086135984060786,3.768652912791824
4.049999999999914,0.0022567793787324135,0.2497031991035563,3.545536723314447
4.054999999999914,0.002751193967703941,0.2546261480957572,3.4608359203229946
4.0599999999999135,0.0033489338744903687,0.25485597479874733,4.169487909263703
4.064999999999913,0.004610440452654956,0.2498022303338751,4.776283567531001
4.069999999999913,0.0058324630820382785,0.23900682141946417,5.174957246716654
4.074999999999913,0.00698638881113141,0.2225634702177984,5.295722071257889
4.079999999999913,0.008045066656926078,0.20103313612412324,5.12052132816425
4.084999999999913,0.008983918404495115,0.1750311990412571,5.683953237341122
4.089999999999913,0.00978163127002644,0.1451869113596525,6.388413019680612
4.094999999999913,0.010420747628872117,0.1162792770943963,6.914661793002256
4.099999999999913,0.01088819605911841,0.10248250370363585,7.24913197021714
4.1049999999999125,0.011175544605433026,0.10845242620413661,7.403055695633714
4.109999999999912,0.011278822806807014,0.1081408351665122,7.396011829016561
4.114999999999912,0.011202151901966878,0.10169123366715699,7.245075468679065
4.119999999999912,0.01095272171749119,0.08960376871794208,6.953043070983249
4.124999999999912,0.010530430117443493,0.10353943867081067,6.530749780717818
4.129999999999912,0.009945859487174007,0.13447361896760188,5.950102203068088
4.134999999999912,0.009213543900355947,0.16192697881231513,5.208238860919029
4.139999999999912,0.00835206240987265,0.18508205174977732,5.272953908203003
4.144999999999912,0.007384058030735505,0.2031433516991455,5.298738455599213
4.1499999999999115,0.006335872079383454,0.2162541813856909,5.07799442164233
4.154999999999911,0.005236401204658774,0.22353416850419053,4.564240687668178
4.159999999999911,0.00433084186449677,0.22494148393494837,3.727313431477281
4.164999999999911,0.003773851583296584,0.2208741111694216,2.598336206973818
4.169999999999911,0.003212857531285266,0.21183743746219694,2.5002432825257204
4.174999999999911,0.0026592791937110507,0.19831994906276132,3.331242818596098
4.179999999999911,0.002463234019318463,0.18080109209882905,4.370765965517455
4.184999999999911,0.0030277477800041293,0.15982732150174503,5.196518440655666
4.189999999999911,0.003516866658453284,0.13605394846712507,5.538745901132353
4.194999999999911,0.0038992212710308293,0.11020437051382101,5.392249426332886
4.1999999999999105,0.004148496470669161,0.08299345872521345,6.187024206182307
4.20499999999991,0.004245151465175421,0.07962514479352367,6.65293498243513
4.20999999999991,0.004177745940789343,0.09326340801372987,6.756788851722301
4.21499999999991,0.003943763169597166,0.09878610378429484,6.485846803097556
4.21999999999991,0.0035499547248891176,0.09555447339420449,5.84362530462289
4.22499999999991,0.0031035101044627257,0.12090831404258871,4.850288681908242
4.22999999999991,0.0027925235902229255,0.14190705823082955,4.578095770313558
4.23499999999991,0.002374307259283771,0.15581816144425362,5.549275414543699
4.23999999999991,0.0019156194577009769,0.16171816114333645,5.994438598190725
4.2449999999999095,0.0019864564692775462,0.15916981475153047,5.860900003722215
4.249999999999909,0.0020210694708615935,0.14822532249610818,5.156185940659261
4.254999999999909,0.002018019384158919,0.14623589244144067,4.515642107077593
4.259999999999909,0.002030301178947236,0.15102679630121085,5.792678997222045
4.264999999999909,0.0024699129017417285,0.15229885621158193,6.774395414201001
4.269999999999909,0.0027423914162882394,0.15007930154429006,7.399843494054202
4.274999999999909,0.0031296704689739666,0.14444726640568295,7.631180696549165
4.279999999999909,0.003798290859463078,0.13553796140073293,7.450105691454256
4.284999999999909,0.004445944041326822,0.12352331134477024,6.85564289540143
4.2899999999999086,0.005026299732997857,0.1086189653236492,5.883151955573881
4.2949999999999084,0.005525589726233555,0.13221441232649608,5.779179418357068
4.299999999999908,0.005931503621865376,0.15109582312091505,5.1220229071921795
4.304999999999908,0.0062333944246109295,0.161613815119066,4.5322262682340595
4.309999999999908,0.006422514823383954,0.1630896645409122,4.798745780982512
4.314999999999908,0.0064922517217652,0.15533596404876235,4.971642232486183
4.319999999999908,0.006438364361082858,0.13868733563530386,5.037851204220066
4.324999999999908,0.006259304297023893,0.11401700317744526,5.67910775627235
4.329999999999908,0.005956541638826396,0.08268349045833431,6.854297331372304
4.334999999999908,0.005534628819520907,0.09599475113443508,7.663691266303871
4.3399999999999075,0.0050008909699292125,0.11750038870224708,8.077416061254818
4.344999999999907,0.004364998751688603,0.13685649859400223,8.07363922561771
4.349999999999907,0.003676540125968585,0.15366013661604025,7.642671194711833
4.354999999999907,0.0032230927420980084,0.1675326361829059,6.802779326378501
4.359999999999907,0.0026018101447651334,0.17816955534062706,5.605404306500098
4.364999999999907,0.0018420588183430252,0.1854271606902629,4.141408714899515
4.369999999999907,0.0009797803978707292,0.1893772502880968,2.516113311731596
4.374999999999907,0.0008234753243487599,0.19019965358512117,3.331092179815178
4.379999999999907,0.0017690289533396672,0.188708541569431,4.79754558682146
4.3849999999999065,0.0026963440029805384,0.18290422184510666,5.77500210822738
4.389999999999906,0.0035907675252902544,0.1748651870787874,6.141007145374896
4.394999999999906,0.004437533183470406,0.16384107619328053,5.823775770803975
4.399999999999906,0.005221420915209708,0.14971401650244714,6.912339498696393
4.404999999999906,0.0059267297749111105,0.13240952737811962,7.843002134031216
4.409999999999906,0.006537489041054756,0.11456419451138353,8.450359990741822
4.414999999999906,0.007037519178870173,0.09966091237690351,8.722285389283543
4.419999999999906,0.007410582747946371,0.089544820135961,8.62286195229115
4.424999999999906,0.007641352449439328,0.09961051679702854,8.084833365633715
4.429999999999906,0.0077173640719498645,0.1374441421850541,7.048616789576825
4.4349999999999055,0.007631144569137678,0.16887991956409865,7.078058762801592
4.439999999999905,0.0073813260535182945,0.19175252822438638,6.913525285685717
4.444999999999905,0.006972296543297285,0.20454924388216436,6.042737087229546
4.449999999999905,0.006487360082690038,0.20650609429290134,5.5313142423518284
4.454999999999905,0.005936166241900764,0.19750913699967945,5.044079892549178
4.459999999999905,0.005259748574941548,0.17796575399378464,4.931167081811768
4.464999999999905,0.00447257293508847,0.19306424160756014,6.752041580644452
4.469999999999905,0.0035925419765112723,0.20643409936574564,8.243028551663471
4.474999999999905,0.003972987716562397,0.21454221477574356,9.299994406448956
4.4799999999999045,0.004190391449212194,0.21721942024313318,9.845408058859556
4.484999999999904,0.004165122825790982,0.2145096166860649,9.83676644719517
4.489999999999904,0.00389734022282536,0.20659399252318614,9.28329577385728
4.494999999999904,0.0034005997040383977,0.19745120255424764,8.229908536506315
4.499999999999904,0.0032095129805204646,0.18575198339817245,6.740970008023365
4.504999999999904,0.004035790256248927,0.18777526327803531,4.9024131005221365
4.509999999999904,0.004743340873975362,0.2070543929219801,5.487750133324419
4.514999999999904,0.005314520146907829,0.21548541866387647,6.068711154484432
4.519999999999904,0.0057349333532677425,0.2125867133297302,6.497398209316417
4.5249999999999035,0.005993939021702507,0.19846003928618985,6.761698494907565
4.529999999999903,0.006084967137238432,0.1738030749938273,7.037621952278444
4.534999999999903,0.006042682763785103,0.13988082858861398,7.634128789195465
4.539999999999903,0.005958872405599139,0.09845437484915757,8.936452706587437
4.544999999999903,0.0057063164255112524,0.10839490637342636,9.773644002919207
4.549999999999903,0.005289651934729154,0.13038758501364656,10.104100562200465
4.554999999999903,0.005011499743050472,0.15285323921925711,9.914393151584195
4.559999999999903,0.0046516690984571354,0.17482431676100058,9.209339885857869
4.564999999999903,0.00406470552483806,0.19231575855618438,8.008195720819813
4.569999999999903,0.0032803121023855875,0.20496846325680282,6.363044485847518
4.5749999999999025,0.0023390735963099182,0.21257064100091752,5.893245648621726
4.579999999999902,0.001983115407948653,0.22076676340896834,6.987917208018664
4.584999999999902,0.0027782266865692337,0.2243546875050886,7.397410069710344
4.589999999999902,0.003546106632944356,0.2225662845326398,7.0831927490439
4.594999999999902,0.004234489536323067,0.21545551375498131,6.079039005248084
4.599999999999902,0.004826331767989943,0.2032290862190281,6.923555790189374
4.604999999999902,0.005609299330572847,0.18628867557608164,8.613684741597936
4.609999999999902,0.006327932528155817,0.16524230958416644,9.900045221008808
4.614999999999902,0.006924300892216114,0.14086340288626917,10.722014474835973
4.6199999999999015,0.007510091095357799,0.11401344122090222,11.025218347441207
4.624999999999901,0.008008912422502401,0.08551508963694271,10.758948947492367
4.629999999999901,0.008362935122726702,0.13053631956002237,9.911590860427689
4.634999999999901,0.008569263765153946,0.17662621252503127,8.524366325576258
4.639999999999901,0.008628492519168309,0.21462775877970008,6.676252176291605
4.644999999999901,0.008544836457984211,0.24250197410976324,5.43511001204747
4.649999999999901,0.008326235189569927,0.2587804236590634,4.967925285225889
4.654999999999901,0.007984276498884786,0.26261346651773343,4.366226980838596
4.659999999999901,0.007533838370720966,0.2537736631659362,3.6563307496863264
4.664999999999901,0.006992276128636401,0.23256592548002897,5.451902454162377
4.6699999999999005,0.006377735969714019,0.19959590793692877,7.736104563078018
4.6749999999999,0.006310592714276219,0.1555844462608504,9.868480107353717
4.6799999999999,0.006953319765725661,0.14724080495327554,11.762748669414227
4.6849999999999,0.0073047111960905286,0.1544477735033823,13.219721927351701
4.6899999999999,0.007329729467985758,0.16121264073976718,14.017512831026693
4.6949999999999,0.007009208121407032,0.16740339406021995,14.031591366430064
4.6999999999999,0.0063430183779519134,0.17262807084215703,13.226247936338451
4.7049999999999,0.005351211377662727,0.22941255229619667,11.614673854346155
4.7099999999999,0.004073518710112792,0.28166451472378806,9.28611111669081
4.7149999999998995,0.0025670873152338794,0.3209080432277901,6.411300284910309
4.719999999999899,0.0017522821479803205,0.3449155762444783,3.594009682721062
4.724999999999899,0.0026116622848017137,0.35240601383079523,4.020202063802941
4.729999999999899,0.0034395301051409403,0.34287457861949067,4.0007638421427485
4.734999999999899,0.004227254413496455,0.31643631087487323,6.9582709005634875
4.739999999999899,0.005703083745291445,0.2738954218431356,10.058084712131935
4.744999999999899,0.006930351596592473,0.21701171867728583,12.695396554208443
4.749999999999899,0.007844395843255133,0.14860597998778605,14.666898921592022
4.754999999999899,0.008396775290774821,0.13641296257782065,15.837173465485243
4.7599999999998985,0.008558645004646865,0.13380151929223888,16.140311531063617
4.764999999999898,0.008322466088792653,0.1275277750834999,15.569984228591297
4.769999999999898,0.007702239522548825,0.16121697362712475,14.167344074094633
4.774999999999898,0.00759419213163983,0.22665516552157422,12.007932683685674
4.779999999999898,0.0075477562284280665,0.27969088116653373,9.206353574298571
4.784999999999898,0.007397855333630953,0.3174963006435149,5.9158142164942165
4.789999999999898,0.007241601536290402,0.33806580122853075,4.588799122987213
4.794999999999898,0.006988234794527757,0.3403228717041554,4.694566919939949
4.799999999999898,0.006883539380276473,0.3241780912366752,5.048754359729732
4.804999999999898,0.0068374436749604394,0.2905095297364313,8.418670240368078
4.8099999999998975,0.006673985968191165,0.24110809011944012,11.341905606428869
4.814999999999897,0.0063973061729255395,0.17859508825584855,13.663295139008298
4.819999999999897,0.006015095706741746,0.12661646641668667,15.25072696196163
4.824999999999897,0.00598588656059639,0.13118909314240418,16.005384479881677
4.829999999999897,0.005927476979677726,0.13254658280801987,15.875951986160329
4.834999999999897,0.0054777036787611675,0.13080107977598035,14.860906747463549
4.839999999999897,0.004661601515926476,0.1980651315335408,13.01485242581627
4.844999999999897,0.003559266384058789,0.25670050022826496,10.439295052073895
4.849999999999897,0.0029745081315272737,0.30098111415261447,7.272950517666265
4.8549999999998965,0.0023600333922592326,0.3283963570017283,3.693146621979454
4.859999999999896,0.0017286752184278405,0.3373829865922142,3.6060121891287245
4.864999999999896,0.0027694108071289873,0.3274178817390639,4.480904536175772
4.869999999999896,0.0043355896529388765,0.2990536565849053,7.458142906188518
4.874999999999896,0.0057179312646460844,0.2538829880979895,10.610124488578165
4.879999999999896,0.006838704755053812,0.1944264080651112,13.17250752457365
4.884999999999896,0.007634580403018846,0.12392385112090899,15.028515253107832
4.889999999999896,0.008059532876706554,0.07992990512535053,16.118169853585453
4.894999999999896,0.008086540116427732,0.08344172533175123,16.40638247436876
4.8999999999998956,0.007708575207849197,0.115931720965711,15.864608925633805
4.904999999999895,0.006939212797836313,0.191813243039449,14.487999903862026
4.909999999999895,0.005812556702540127,0.2588491950790351,12.326380911972953
4.914999999999895,0.00438195008627178,0.3133934514283158,9.49132162773977
4.919999999999895,0.002717284794142749,0.352472665423311,6.14036397025862
4.924999999999895,0.0023151441402747184,0.3739827808551947,4.375000445149484
4.929999999999895,0.0020971230508415213,0.37679169234489357,3.854897077832989
4.934999999999895,0.002819634741293365,0.3607462023510052,5.0780783909400995
4.939999999999895,0.004538151115592569,0.3266603473686915,8.556263601985677
4.944999999999895,0.006045578197398007,0.2763104853534968,11.58368120409267
4.9499999999998945,0.007267290759671662,0.21237453955597577,13.99069711491628
4.954999999999894,0.008143940948097575,0.13828553581439695,15.644904381715875
4.959999999999894,0.008634733130270257,0.058031337054680186,16.45677512217153
4.964999999999894,0.008719650182981337,0.04667466934109366,16.381566087800188
4.969999999999894,0.008400471825619737,0.10360682697439541,15.435358313859716
4.974999999999894,0.007700353353553901,0.17644056185194523,13.698135637160842
4.979999999999894,0.006661981512549476,0.23890817454983349,11.288909441994965
4.984999999999894,0.005344746528144342,0.2879858192122314,8.342148422964609
4.989999999999894,0.0038214215581252745,0.32134416879540845,5.00119141030651
4.9949999999998935,0.002218178265109927,0.33752079538827506,3.6699895566593197
4.999999999999893,0.0027005787658370213,0.33624415987010675,3.11153435768976
5.004999999999893,0.0033015300107633178,0.3184788374935053,5.12601551653312
5.009999999999893,0.0039294050655060125,0.285995885740411,7.867165184704854
5.014999999999893,0.004515565665087608,0.24093826550021724,10.155882911373032
5.019999999999893,0.005042116658941944,0.1857152300465237,11.933331270104878
5.024999999999893,0.005813877361241595,0.1229890508733434,13.15714039916781
5.029999999999893,0.0062601485852932974,0.0860360209262031,13.830704451233585
5.034999999999893,0.006364242255941564,0.10535023301625585,13.929859242917095
5.039999999999893,0.006124106472068271,0.11450193607891346,13.386289786384092
5.0449999999998925,0.0058391002201146755,0.1460653084543056,12.170896370824536
5.049999999999892,0.005587122338907121,0.20230782627179572,10.326110756171989
5.054999999999892,0.005203297235066223,0.24796118957339772,7.935234564469202
5.059999999999892,0.004698235949512691,0.2805636705531214,6.936890374069891
5.064999999999892,0.004085295128693537,0.29827858494178616,7.477739530209312
5.069999999999892,0.003380013493495956,0.3000502850184587,7.251912555273533
5.074999999999892,0.0026739611154110417,0.28569857602935206,6.2874372683788415
5.079999999999892,0.003525816271346762,0.25594587262037516,7.431925665324657
5.084999999999892,0.0046966523102928,0.21238854295805007,9.99100619960577
5.0899999999998915,0.0056211689185728456,0.17788854159685258,11.997170842024312
5.094999999999891,0.006250024224853057,0.17424537182446576,13.320460436321087
5.099999999999891,0.006550663174670899,0.16599755874957184,13.876525319314833
5.104999999999891,0.006509247095115238,0.15313963250436197,13.65529362481214
5.109999999999891,0.006130988833556561,0.13592709026042588,12.707636551545606
5.114999999999891,0.005439012126928172,0.16818536761917832,11.12438448325287
5.119999999999891,0.004472293848084066,0.21850194391847205,9.002246036465012
5.124999999999891,0.004778676828088918,0.2570878292702356,6.432108104240724
5.129999999999891,0.005033184436170401,0.28201018647142984,5.621594865476183
5.1349999999998905,0.005148073140714141,0.29200466029314653,5.751469275075106
5.13999999999989,0.005121869824992161,0.2865462970481975,5.824603320750946
5.14499999999989,0.00495651070991344,0.2658973561233861,5.718174705655886
5.14999999999989,0.004657149661291905,0.23112368826652335,8.294190823249835
5.15499999999989,0.00460742567356163,0.18404582979404596,10.53695256574153
5.15999999999989,0.005385371376095598,0.127132451219548,12.22839886405814
5.16499999999989,0.005861615218294957,0.13975839162363843,13.278547359681657
5.16999999999989,0.006010311907272664,0.15552944180802714,13.622050932045173
5.17499999999989,0.0058230229626281835,0.16661710005117836,13.2350521557803
5.17999999999989,0.005309351748888728,0.17295649089527218,12.129007811592405
5.1849999999998895,0.004496630097149626,0.19064934298853956,10.355002300980507
5.189999999999889,0.0036150320475839865,0.23655015219267447,8.005321380673854
5.194999999999889,0.0036550616266287,0.26958518238558105,5.208690696489057
5.199999999999889,0.0035835284659595907,0.28792154113709806,4.320094846666445
5.204999999999889,0.004198148019151528,0.2905739069735302,5.827822853668045
5.209999999999889,0.004730222893097634,0.27746217525399125,6.9446077300278795
5.214999999999889,0.005126177005669207,0.2494105659297513,7.339447902499951
5.219999999999889,0.005372143905797105,0.2080834398536592,9.489992919011645
5.224999999999889,0.005718336353557738,0.15586979563339282,11.395464769095335
5.2299999999998885,0.006096598879373116,0.10695449059309979,12.660961923745988
5.234999999999888,0.006413459839093598,0.10715492201518295,13.224267642008972
5.239999999999888,0.006404262766861365,0.11047877902784417,13.059787904672774
5.244999999999888,0.006072983823509154,0.11354764702983193,12.189255927844245
5.249999999999888,0.005807087296440911,0.1549613790601297,10.668458311772355
5.254999999999888,0.005715506607987945,0.2030903129840136,8.583115257781602
5.259999999999888,0.005526150445718914,0.23966345061719865,7.256579151595887
5.264999999999888,0.0052448320832825,0.26274701683467194,7.462435110541131
5.269999999999888,0.004879356251575611,0.2711143190595104,6.920307631606745
5.274999999999888,0.0044393510244149625,0.2643651116708622,5.669873602684405
5.2799999999998875,0.003935851142803171,0.24297573673085607,5.696432822104657
5.284999999999887,0.0033809035559870765,0.2082225519660046,8.204841083836236
5.289999999999887,0.0038124500354480627,0.1620766922753873,10.253502792411071
5.294999999999887,0.0044853998575758395,0.12553564859296668,11.735879487452687
5.299999999999887,0.004868951502820166,0.12631912439508897,12.578446534037436
5.304999999999887,0.00494236263045504,0.1242308891079511,12.729710261987103
5.309999999999887,0.0047018784776807964,0.11931546356801323,12.18537780744936
5.314999999999887,0.0041608765759451926,0.13716007005260164,10.982373956933884
5.319999999999887,0.0033490476688402136,0.18757149278939678,9.1821951377846
5.3249999999998865,0.002310818239281276,0.22772027903418726,6.8773193601319385
5.329999999999886,0.002685679304109381,0.2552775928449287,4.145606164164828
5.334999999999886,0.0030557297852178786,0.26829870135064027,3.663459310615531
5.339999999999886,0.0033478134278659088,0.2654034353636823,3.798034185211307
5.344999999999886,0.0035453222483345583,0.24617976296422148,5.4685253268814344
5.349999999999886,0.003962869782577576,0.21143594466246166,8.429001993822812
5.354999999999886,0.004899223667977461,0.16310560949750041,10.903132072162073
5.359999999999886,0.005567088887443944,0.11317098845162299,12.722920411199201
5.364999999999886,0.005921825982873413,0.08714222433184633,13.751526951363996
5.3699999999998855,0.005938009318202585,0.09361897807807862,13.942627302122686
5.374999999999885,0.005610465202589401,0.11397362860245307,13.35961059516985
5.379999999999885,0.004953154109463325,0.1632878167561828,12.100867909602561
5.384999999999885,0.003998504360928352,0.21909187798481858,10.220756581852216
5.389999999999885,0.0036725457097194648,0.26402935758393203,7.754235257793541
5.394999999999885,0.0031739685220344314,0.2953948966292175,6.433717227765237
5.399999999999885,0.0025164691910049596,0.31109954109356813,5.574888595254228
5.404999999999885,0.002134254776738888,0.30986001877592795,5.103661423941506
5.409999999999885,0.0031805350263795973,0.2912364534461271,5.832025490654649
5.414999999999885,0.004548000021660376,0.25574954466619587,8.731023732527795
5.4199999999998845,0.005699930720430098,0.20502273484170294,11.55970019726982
5.424999999999884,0.006566761444002148,0.198097811411602,13.76557190456201
5.429999999999884,0.007094113921240686,0.18400381109331637,15.225675406970575
5.434999999999884,0.007245934815745489,0.162009125978752,15.868130518896939
5.439999999999884,0.0070064106738647975,0.1328156608767351,15.653269376917386
5.444999999999884,0.006381078691791398,0.16282621458345867,14.554585158104167
5.449999999999884,0.005698498420956262,0.23067021442998,12.583014780504923
5.454999999999884,0.005878778494406535,0.28674692991201056,9.847671412307799
5.459999999999884,0.005841872045113821,0.32770893635125437,8.827600396096381
5.4649999999998835,0.005586240487353825,0.35119804569776825,8.568509039555744
5.469999999999883,0.005118368730948547,0.35584913019593517,7.993813308038458
5.474999999999883,0.0044528221957775465,0.3411687823793126,7.071828946884428
5.479999999999883,0.004261336787106926,0.30745589904343973,8.611092983649135
5.484999999999883,0.005669785209942149,0.2559234700906614,12.001878597462602
5.489999999999883,0.006781882039102092,0.22525894678766575,14.801404809472476
5.494999999999883,0.0075289227824602905,0.23225119031244446,16.80428551187388
5.499999999999883,0.00786162620822842,0.22967610422020807,17.883994981193695
5.504999999999883,0.007753294966413028,0.21761768049237407,17.993271339105352
5.5099999999998825,0.007201105092236774,0.196397957761344,17.146843518336315
5.514999999999882,0.006225966345483103,0.2356923802944222,15.384861236611556
5.519999999999882,0.004871619613699689,0.3060463124189549,12.756711613202114
5.524999999999882,0.005092171953813422,0.3613330618085637,9.357988142641858
5.529999999999882,0.00540234351091655,0.3981595459299768,9.85685651521809
5.534999999999882,0.005468444489134202,0.41420464405614543,10.137009302997265
5.539999999999882,0.005283320953482918,0.40843113955687466,10.06504709781888
5.544999999999882,0.004848646760191573,0.38111563350020744,9.6610017237765
5.549999999999882,0.006544062783499092,0.3337385967571187,11.379447818820987
5.554999999999882,0.008050539771956815,0.2688521986259834,14.57511143363368
5.5599999999998815,0.009197519150589376,0.23645468759975513,16.98994688594016
5.564999999999881,0.00992545822596957,0.26566118843306163,18.49144331486765
5.569999999999881,0.010197405346243674,0.28682234950142305,18.98587930130177
5.574999999999881,0.010001137351253606,0.29925110865954085,18.45121652479947
5.579999999999881,0.009349740044380658,0.3025008779497167,16.932377550363512
5.584999999999881,0.008280592030341738,0.29636057827294143,14.524141521031899
5.589999999999881,0.007539955484779206,0.3178662462529127,11.362256321320857
5.594999999999881,0.00804615570907205,0.36532520242977135,7.621326149423007
5.599999999999881,0.008902406704718577,0.3931661964620981,7.495240936393397
5.6049999999998805,0.009919238977305992,0.40017493162060747,8.802074028386778
5.60999999999988,0.010717280494971736,0.38636485990807584,10.031359062214875
5.61499999999988,0.011266178551479766,0.352864498494316,10.998161632419475
5.61999999999988,0.011542183666352516,0.30171825142118414,11.870805548657565
5.62499999999988,0.011529668870012777,0.23575713607342869,14.513640590445187
5.62999999999988,0.01122223302282687,0.16663530674198385,16.38119086084426
5.63499999999988,0.010623041558594615,0.19255619538327873,17.35909954963041
5.63999999999988,0.009744532016834976,0.21344027248001282,17.39410650230293
5.64499999999988,0.008712983904127884,0.25185756611527316,16.4958933128306
5.64999999999988,0.008336940223222983,0.2941999623506792,14.742054125552745
5.6549999999998795,0.007745041674057168,0.32827847547576655,12.25142980349891
5.659999999999879,0.006943226584642623,0.3528100073047692,9.144366635545456
5.664999999999879,0.005944925935270468,0.36695476117672593,7.113675739893799
5.669999999999879,0.004770154194200323,0.37037307402634023,6.082822914665747
5.674999999999879,0.003444555859113038,0.363131124222538,4.855561794560556
5.679999999999879,0.004250804084787543,0.3455797025355009,6.258282219522061
5.684999999999879,0.004986354529794028,0.31829107699548276,9.777506761634774
5.689999999999879,0.006425026475495667,0.3177010380546935,12.74315555544356
5.694999999999879,0.00772553655540441,0.31399254069250454,15.01871521551627
5.6999999999998785,0.008790537423883768,0.3015381649236286,16.4990150115155
5.704999999999878,0.009593074523447738,0.2806331587082374,17.119222388980933
5.709999999999878,0.010115433203963633,0.2519120889403452,16.853650736161708
5.714999999999878,0.010349719688977603,0.21626622523653966,15.70447834474204
5.719999999999878,0.01029771596381925,0.2406743945563508,13.70369449300387
5.724999999999878,0.009970076533233964,0.30225756309465235,10.929572922317265
5.729999999999878,0.010434758266154765,0.34837313548116977,10.328323494054814
5.734999999999878,0.01069465935026756,0.3762925383578331,10.691215483655396
5.739999999999878,0.010689039560346263,0.38428175897518685,10.772585384090686
5.7449999999998775,0.010415879724005032,0.37165940227677774,10.570021175354572
5.749999999999877,0.009879930513521476,0.33870281038473604,10.133672127973927
5.754999999999877,0.0090917832363836,0.2865604480214961,12.267833996409411
5.759999999999877,0.008067167469387432,0.29268431933980155,15.375467079264746
5.764999999999877,0.008463047383868272,0.29143473567634537,17.613923243590108
5.769999999999877,0.008910533870902189,0.3017259881801596,18.771214451123882
5.774999999999877,0.008895753119378264,0.3268079875654823,18.806406023420106
5.779999999999877,0.008417329738746168,0.3421295553072659,17.798794159346425
5.784999999999877,0.007499793861921571,0.34712800905097957,15.854005048690096
5.789999999999877,0.00619110510441763,0.34171476770652626,13.077656651971044
5.7949999999998765,0.0061961546835939164,0.3545881184555585,9.596659279605086
5.799999999999876,0.006760956888035148,0.39251794052517996,8.8599251452598
5.804999999999876,0.007105786547382041,0.4095053567439722,9.067945429525285
5.809999999999876,0.007225481309787549,0.4044826921656185,9.295664577857979
5.814999999999876,0.008158065474560766,0.3776031607183239,10.545965601393
5.819999999999876,0.008890273613884973,0.3302220264907796,11.477858161682096
5.824999999999876,0.009337746022507552,0.2717585365410924,14.731111763632377
5.829999999999876,0.009486171419116222,0.2597149969563342,17.24530653105331
5.834999999999876,0.009330570199064627,0.2401317610273154,18.836111927812762
5.8399999999998755,0.00887558158516343,0.21328388226149464,19.41001131298823
5.844999999999875,0.008373429932162658,0.23078274735194051,18.935014834475762
5.849999999999875,0.008430540511414347,0.24148934367551766,17.444668809168363
5.854999999999875,0.009014423485543455,0.2689044164853545,15.016722949482281
5.859999999999875,0.009360627597766298,0.33590610936905524,11.78395420399859
5.864999999999875,0.00945044465061738,0.38518454776666,10.82070174066583
5.869999999999875,0.009271585219247197,0.4141325644177463,11.027860787314468
5.874999999999875,0.008819018811344934,0.42123309744986037,10.916692929840288
5.879999999999875,0.008095454530405088,0.40615725602825464,10.498413039019749
5.8849999999998746,0.00711124002576631,0.36975202388063666,9.7905167839513
5.8899999999998744,0.006696212851961333,0.3139559939963854,12.975083370750616
5.894999999999874,0.00798772831217422,0.30967567242157074,15.924243511842516
5.899999999999874,0.008984023192129213,0.34381421163230685,18.03471712727957
5.904999999999874,0.009535417033792683,0.3698887624392054,19.190488360245002
5.909999999999874,0.009867940211244314,0.38687319562482153,19.32687103796409
5.914999999999874,0.01038012598944542,0.39397906440262187,18.436381267655786
5.919999999999874,0.010618639012584944,0.3906828934413556,16.56555637848928
5.924999999999874,0.010581608110544689,0.37675950541309944,13.810904011219066
5.929999999999874,0.010275863536701818,0.35230280272544734,10.31757662009731
5.9349999999998735,0.010202034549898126,0.3921880931201842,9.282681297366679
5.939999999999873,0.011681032989855391,0.4125553411548389,9.659438015282628
5.944999999999873,0.012920262986704692,0.4106864675260938,11.150990433514016
5.949999999999873,0.013882869453982882,0.3866161531536001,12.298345849068925
5.954999999999873,0.014540384515288699,0.34155787110386965,13.066942823929978
5.959999999999873,0.014873586548186001,0.2796730660755254,14.459292842928878
5.964999999999873,0.014872574450256307,0.2835991755665393,17.12266726909781
5.969999999999873,0.014536323064726861,0.27877863826931265,18.849523126105538
5.974999999999873,0.013872063604182399,0.2655046408900076,19.538936770354205
5.9799999999998725,0.012894797708453698,0.24429636632523963,19.162717958138767
5.984999999999872,0.011627066470718901,0.28127861771933255,17.746739023251298
5.989999999999872,0.010098947092086629,0.32996913373358944,15.36706015527182
5.994999999999872,0.008347960514699805,0.3704254972211545,12.156392174924804
5.999999999999872,0.006418450605316577,0.4013784665321533,8.775492108637877
6.004999999999872,0.005259664761655576,0.4218097917954767,8.981737689907987
6.009999999999872,0.005423763508608241,0.4310055816117648,8.880261677519552
6.014999999999872,0.005367682246128735,0.4285951038659714,8.486540464201813
6.019999999999872,0.005107793300393779,0.4145791004343969,9.321666279296354
6.024999999999872,0.006807008050565686,0.3893677003088987,13.077265722641796
6.0299999999998715,0.008183644054913257,0.3537682065924083,16.13640160731612
6.034999999999871,0.009162304517372669,0.30889038618065806,18.326017764833892
6.039999999999871,0.009688962595936509,0.2560746550606348,19.531944286310743
6.044999999999871,0.010097470108741884,0.20474425657541245,19.680442102824223
6.049999999999871,0.010921141425544338,0.21250932444158557,18.762099551528124
6.054999999999871,0.011416046343191953,0.22513964789969865,16.842496824402634
6.059999999999871,0.011570603231457501,0.30233500778974354,14.03564713161595
6.064999999999871,0.011382307174398356,0.36367910136138776,13.53633851993972
6.069999999999871,0.01085797219800664,0.40604907347292485,12.8860813820456
6.0749999999998705,0.010013736696660443,0.42736757188527336,11.875582708687794
6.07999999999987,0.008874884664340275,0.42662407341164743,10.501398156416279
6.08499999999987,0.007475455961608555,0.40390248425288844,8.813888244329735
6.08999999999987,0.006166865466061274,0.3604119681596304,10.68637098061679
6.09499999999987,0.006370499079442236,0.37215736149157674,14.087993376695833
6.09999999999987,0.007670317349187501,0.38988956716006185,16.72192927713805
6.10499999999987,0.008557769227303206,0.3958255592563088,18.446770729760722
6.10999999999987,0.008990276472177084,0.38977069289997707,19.17567058203549
6.11499999999987,0.008949772511512343,0.3719849418101538,18.883680992350662
6.1199999999998695,0.008443346795429841,0.3431848031688441,17.604448300108114
6.124999999999869,0.00750249971035608,0.30446425731401905,15.414841446037729
6.129999999999869,0.008480052055145182,0.2990467377261457,12.426441965446065
6.134999999999869,0.009629774117406422,0.35206919300572903,11.525081980863888
6.139999999999869,0.010493284636923747,0.38569100161203684,12.495806680504263
6.144999999999869,0.011046392549471776,0.39809346101801685,13.147721773216837
6.149999999999869,0.01127283635275705,0.3885783867445203,13.475007255104982
6.154999999999869,0.011164456092757808,0.3576156881533365,13.474113842098403
6.159999999999869,0.010721197965273191,0.30680707779439204,13.157223858359979
6.164999999999869,0.009950838229987989,0.23876706023213914,15.176812142142163
6.1699999999998685,0.008868771199700759,0.2466237156233114,17.52182608719439
6.174999999999868,0.0076542262539323405,0.3016147922468349,18.938873925194883
6.179999999999868,0.00774431362155169,0.3496514788216452,19.342118957972286
6.184999999999868,0.007357358157054098,0.3893678450091234,18.70374129757467
6.189999999999868,0.007272415540231,0.41962680579870326,17.056311109071228
6.194999999999868,0.007334597560749466,0.4395765760478673,14.484334602876084
6.199999999999868,0.007315262740815686,0.4486916562994684,11.12244909765385
6.204999999999868,0.0071790052704399365,0.4467590301888674,7.1320541963954325
6.209999999999868,0.00693964688293665,0.4338511375108684,3.6681488412182004
6.2149999999998675,0.00891933878905992,0.4295695862518533,5.73565174938711
6.219999999999867,0.010887407825609987,0.4088447732779493,7.646611230080678
6.224999999999867,0.012665575547509583,0.36627358379669434,10.618898192846949
6.229999999999867,0.01421132368312998,0.3040226187422005,14.281487828951159
6.234999999999867,0.015487882391566055,0.27930789371257575,17.212048448588362
6.239999999999867,0.016464598892738828,0.24938483724832403,19.27711967286064
6.244999999999867,0.01711700945832862,0.21217114790980476,20.38012983629732
6.249999999999867,0.017426990341947526,0.16821125908743773,20.45098969291538
6.254999999999867,0.017383275073469432,0.1669244731755731,19.456773636838957
6.259999999999867,0.016982222983436913,0.25911932234050944,17.42116602913636
6.2649999999998665,0.016228686202219088,0.3387704898310622,14.439300967085423
6.269999999999866,0.01513665076768854,0.40156455916734,12.70301493684763
6.274999999999866,0.014235108246208914,0.4441348279371024,12.312881460312061
6.279999999999866,0.013498060741160247,0.4642282532873672,12.039289463988757
6.284999999999866,0.012461931675934804,0.4607964774144561,11.461589239996783
6.289999999999866,0.01114112297640257,0.4457764023080464,10.586273545105973
6.294999999999866,0.00955741998012649,0.47122556360202184,11.813061732489087
6.299999999999866,0.007739631043499835,0.48600536339170197,15.354936026280827
6.304999999999866,0.00833747267155424,0.48997834778357974,18.07054769888211
6.3099999999998655,0.00927028547562169,0.48332579155260696,19.815222891232654
6.314999999999865,0.009714239345251934,0.46643405028041757,20.516436028608762
6.319999999999865,0.009651880533830507,0.47380169981615183,20.161934019820926
6.324999999999865,0.009091919827550568,0.4705057168411732,18.775999109114764
6.329999999999865,0.01025865887815457,0.45626467206139926,16.407566668759333
6.334999999999865,0.011929749016739431,0.43134153427983146,13.163022712694493
6.339999999999865,0.013329213776667587,0.3963289780471902,11.990042605298811
6.344999999999865,0.014430668167837397,0.41349972081541664,12.769834118549639
6.349999999999865,0.015214647027996383,0.42575086132136397,13.266374119336067
6.3549999999998645,0.015668669835029864,0.4147291545791847,13.490386142861238
6.359999999999864,0.015935337937895373,0.38123625064473843,13.725086233377716
6.364999999999864,0.016627189032049718,0.3272673463991985,14.525872756718567
6.369999999999864,0.01695797054649888,0.25582122743653307,15.863834336449045
6.374999999999864,0.01691629488295322,0.19947771702990943,18.164625521012994
6.379999999999864,0.016500180623600258,0.2533154995168866,19.507348593088675
6.384999999999864,0.015717595677177947,0.30011157250247633,19.819055096198543
6.389999999999864,0.014586366393003708,0.3387430118190326,19.074897241031145
6.394999999999864,0.01313366777873268,0.3683663311551697,17.311719787136585
6.399999999999864,0.01139530434392352,0.3884164526027029,14.625609211372131
6.4049999999998635,0.009414836457841249,0.41794413848038703,11.163017872644723
6.409999999999863,0.007242547603271695,0.4509714033474529,7.118841153114866
6.414999999999863,0.004934273389851083,0.4723382820208118,3.7560518366618068
6.419999999999863,0.004469075145324836,0.481372420488272,4.715744334198658
6.424999999999863,0.004405886562231571,0.4778043084276811,6.411183606178594
6.429999999999863,0.0057911520727643535,0.4618150852535594,10.355462136213486
6.434999999999863,0.00746553161782497,0.43398286500235544,13.959248377867402
6.439999999999863,0.008795401907228509,0.39517541443156323,16.847522013186286
6.444999999999863,0.00970960767780557,0.34646736031963044,18.85203060799964
6.4499999999998625,0.010158790765580319,0.2890958933715192,19.852046019187743
6.454999999999862,0.011236290290353024,0.22446049547180594,19.789996289285387
6.459999999999862,0.012182747523621872,0.15412239783574153,18.66689391717615
6.464999999999862,0.012767453443197475,0.24179390349633426,16.53434367481258
6.469999999999862,0.012974752436540435,0.31687305159984624,15.451229268259722
6.474999999999862,0.012798139360898887,0.37490253805174006,15.33456470853334
6.479999999999862,0.012240492776342224,0.4126499006226357,14.845002741094758
6.484999999999862,0.011313972835303781,0.4279580621693578,13.995166846364304
6.489999999999862,0.01003975428397441,0.41989763313352785,12.796441212727537
6.4949999999998616,0.0084476933968234,0.3888530072955073,11.266724459645129
6.4999999999998614,0.0065758876754602085,0.4002311540246183,12.477517446814717
6.504999999999861,0.00605657151280809,0.44211204585207664,15.802317276041958
6.509999999999861,0.007172833548260678,0.47294738022710053,18.25369831584439
6.514999999999861,0.007839095675277595,0.4918453245551989,19.6902714419795
6.519999999999861,0.008020125814397046,0.4981339956411807,20.002876863794654
6.524999999999861,0.007708381881690275,0.49131635219355063,19.14782632263006
6.529999999999861,0.008340939042863317,0.47117090690455965,17.181823407789867
6.534999999999861,0.009857148148533591,0.43793116482570815,14.257406313622514
6.539999999999861,0.011932827771773265,0.3923406844701792,10.56775255668278
6.5449999999998605,0.013752547288879724,0.3849965740347796,12.413359856000973
6.54999999999986,0.01526384985094362,0.40515734400472686,14.21592811170679
6.55499999999986,0.016421831192512306,0.4021560243545976,15.686179199821215
6.55999999999986,0.01718994114681874,0.37608612846588063,16.79113545061393
6.56499999999986,0.017540965800621044,0.32832747616657904,17.465197979614736
6.56999999999986,0.0174584769897094,0.2615903523704283,17.64062294439134
6.57499999999986,0.01693831931138333,0.1797958583929572,17.64131395945358
6.57999999999986,0.01598930344692003,0.23192331279223197,19.195902805708236
6.58499999999986,0.014632589550175294,0.31076224590567353,19.708416057269353
6.5899999999998595,0.012900021783981336,0.3822648605719248,19.20379204047269
6.594999999999859,0.01083207274598253,0.4449147546276149,17.74531489502456
6.599999999999859,0.008476043440840084,0.4974969674293832,15.398976990722144
6.604999999999859,0.005884965364579504,0.5389342630748706,12.246255778705281
6.609999999999859,0.003952621884364084,0.5682683358761933,8.423866626816444
6.614999999999859,0.002895240232232345,0.5847162909727227,5.597723764429287
6.619999999999859,0.0031912845127358195,0.5877006927926529,4.651890259593823
6.624999999999859,0.005608162938783609,0.5769464189873351,5.122750292760195
6.629999999999859,0.00843199092215427,0.5525847743609535,9.507404804905345
6.634999999999859,0.011101341170473714,0.5151553249668465,13.397355067870947
6.6399999999998585,0.013553114129919682,0.4655538588115617,16.576856602567663
6.644999999999858,0.01572939711883375,0.40495933675408374,18.88148471172511
6.649999999999858,0.017578750831396515,0.3347821482710368,20.191445399250878
6.654999999999858,0.019057360486566536,0.2566617137969839,20.43150651011562
6.659999999999858,0.02013021765404256,0.22432633298385693,19.58020251143807
6.664999999999858,0.020772327862471563,0.22064297246606393,17.90564382417333
6.669999999999858,0.020969680244935188,0.30185283164158144,18.00831912418584
6.674999999999858,0.020719695065873588,0.3667533170539514,17.651727771493825
6.679999999999858,0.020031211017236795,0.4118423993347362,16.84804446486017
6.6849999999998575,0.018924148348395845,0.4346948474111352,15.624762531454035
6.689999999999857,0.017428846454889242,0.4341025483293734,14.020706418739206
6.694999999999857,0.015585139968381527,0.4101243477728854,12.078559511247395
6.699999999999857,0.013441235956296342,0.45619622512005886,11.31978009883337
6.704999999999857,0.011052378678369203,0.4993466860508169,14.92645198360074
6.709999999999857,0.009643629771665895,0.5298670288497143,17.726677632926364
6.714999999999857,0.008422297361037452,0.5471546806256394,19.564659651826958
6.719999999999857,0.008113806328666946,0.5509659267454013,20.33929264150648
6.724999999999857,0.007980835596761127,0.5413994367384408,20.00739189642862
6.7299999999998565,0.007354492105733514,0.5188804924480966,18.58556502512677
6.734999999999856,0.006269870172469871,0.4841511951271593,16.146028811085742
6.739999999999856,0.007153701015204169,0.4382476703097841,12.81974051335285
6.744999999999856,0.009205519464871857,0.38675145314490966,12.067680725015173
6.749999999999856,0.01095774772704307,0.4192950127489715,13.559564973432336
6.754999999999856,0.012373266667110578,0.428513862677254,14.68668086471559
6.759999999999856,0.013424071554107428,0.4138311109692446,15.421321788444166
6.764999999999856,0.014091849378827416,0.37598330247382916,15.755005522696612
6.769999999999856,0.014368207342636012,0.3169989272512517,15.695844911987857
6.774999999999856,0.014254545425268135,0.24009073506163292,16.985913531116807
6.7799999999998555,0.013761689015160733,0.14947661345731814,19.259735110609903
6.784999999999855,0.012909341371415247,0.20521929012075352,20.47682504796108
6.789999999999855,0.011725464641362844,0.2683314019002175,20.57914645346419
6.794999999999855,0.010245580029584046,0.3236224428113146,19.56409790854563
6.799999999999855,0.009017015820165475,0.36982933118263345,17.501870483075518
6.804999999999855,0.007896951808526887,0.4058572675807962,14.519090312942591
6.809999999999855,0.006789400372415004,0.4308410335843223,10.777194951514103
6.814999999999855,0.00559427964454548,0.44422982222869783,6.6261377407398525
6.819999999999855,0.004234675982029338,0.4525957573924503,5.1057576520665995
6.8249999999998545,0.0027482632111159866,0.44963781323211455,3.5078768054576637
6.829999999999854,0.004262764707926607,0.423110177425631,7.627458047539808
6.834999999999854,0.006258096480775321,0.3833374356743917,11.857489366370606
6.839999999999854,0.00807217416442153,0.34958001544056505,15.418423411917232
6.844999999999854,0.009659452665121077,0.3297971985993429,18.119812205220192
6.849999999999854,0.010979784277605695,0.3011196898929776,19.83524594329598
6.854999999999854,0.011999645973850575,0.26402441825558937,20.48092018083313
6.859999999999854,0.012693135058130755,0.21923426653663503,20.027739386706934
6.864999999999854,0.013042592551763264,0.1709036494398775,18.498811709980618
6.869999999999854,0.013038872810245841,0.25707510989976445,15.969772473974887
6.8749999999998535,0.012681405836882698,0.32847108274132775,13.913983163222825
6.879999999999853,0.011978292285759891,0.3813325473449479,13.238798618401542
6.884999999999853,0.011466658396645896,0.41295417263491196,13.221402711334239
6.889999999999853,0.010894988357181562,0.42178287028926215,12.97572478623426
6.894999999999853,0.010001031544546696,0.40748250529924446,12.393031423484425
6.899999999999853,0.008799265194960455,0.3888902994031069,11.487738279019174
6.904999999999853,0.0073122743947798795,0.4216555950121081,13.2314129087137
6.909999999999853,0.006351494759824546,0.44423711677853406,16.25738732397823
6.914999999999853,0.007337626444889297,0.45601685008552806,18.348238751082924
6.9199999999998525,0.00787171189670993,0.4565230545451643,19.37353249291786
6.924999999999852,0.007928381078800995,0.4588482831590689,19.291299419815708
6.929999999999852,0.007509439700108824,0.4651591301258038,18.141558392771554
6.934999999999852,0.009019191494137695,0.4591050066504414,16.018315777964794
6.939999999999852,0.010862983570587681,0.4406493528698114,13.037616353075451
6.944999999999852,0.012470733674395433,0.410044852559808,11.124079241478325
6.949999999999852,0.013802049044871326,0.3808323912108283,12.480688564019202
6.954999999999852,0.014823156200528386,0.3953538632069339,13.547858001498449
6.959999999999852,0.015507528057897828,0.3873181747416123,14.301243159005343
6.9649999999998515,0.015915829121847774,0.3571899017834224,14.89370984168549
6.969999999999851,0.016629903770241254,0.30675347118798396,15.960008106841505
6.974999999999851,0.01694765117586744,0.23895040331699638,16.5986327874012
6.979999999999851,0.016853134760133958,0.1955541577391297,17.402782339071567
6.984999999999851,0.016341140921885204,0.25220482870003413,18.72459688786568
6.989999999999851,0.015417017378036572,0.31189446425457196,19.027792303719213
6.994999999999851,0.014096398188620103,0.3643607824984164,18.293912557391504
6.999999999999851,0.01240499191427968,0.40842960634190356,16.555855330620968
7.004999999999851,0.010378394315341818,0.44310484929338356,13.904020551066795
7.009999999999851,0.008061629681165191,0.4898912766058769,10.479618261511142
7.0149999999998505,0.005508254414865599,0.5314588299139815,7.0891322151625165
7.01999999999985,0.004145675166272862,0.5602121001031266,4.4121758604957435
7.02499999999985,0.005157538996634479,0.5752133685531368,5.4382098905032255
7.02999999999985,0.006517084653547833,0.575926388411182,6.797463164020308
7.03499999999985,0.007708022672269836,0.562212247743923,10.718873012805265
7.03999999999985,0.009666792042772798,0.5343311458960989,14.10724195890886
7.04499999999985,0.011496447477315284,0.49292831728553915,16.73065186563158
7.04999999999985,0.013422053837285938,0.43901733496078266,18.44827500718199
7.05499999999985,0.015454453125878493,0.37394238047625633,19.172152886975855
7.0599999999998495,0.01713761184373509,0.2993211066663969,18.864023132967088
7.064999999999849,0.018428416229584594,0.21700064767341584,17.538372683396272
7.069999999999849,0.019293412563903208,0.24813312259804104,18.06461831488798
7.074999999999849,0.01970951907021385,0.3167450067712912,18.55664951863838
7.079999999999849,0.01966446802016192,0.3682658454964444,18.607291665849104
7.084999999999849,0.019156952733548394,0.3999577574457712,18.223044999522827
7.089999999999849,0.018196526309921027,0.41016641345963234,17.41240025732227
7.094999999999849,0.01680340407655827,0.3983799487317377,16.183484043497668
7.099999999999849,0.015008331570422292,0.39740970040582574,14.532675299400825
7.1049999999998485,0.012852336535331839,0.4649883136303744,12.498769990419225
7.109999999999848,0.010385985581699604,0.5215520678225402,15.368671258793455
7.114999999999848,0.007806250295350806,0.5655568686927552,17.542390147263788
7.119999999999848,0.008384270372021229,0.5957949005463133,18.76227597761999
7.124999999999848,0.008499627296438083,0.6114477802696839,18.959162258070254
7.129999999999848,0.008147474213998045,0.6121091515839943,18.12100060334538
7.134999999999848,0.007348503111933874,0.5978110883293779,16.289719675103548
7.139999999999848,0.008140758196701237,0.569023421284886,13.564505732510343
7.144999999999848,0.00999318438815965,0.5266294987073137,10.618316420764067
7.149999999999848,0.012489464256820832,0.4718824487571795,12.11367174881471
7.1549999999998475,0.014684980469570457,0.40632403634268954,14.109693216981878
7.159999999999847,0.01652998605796417,0.39328974463573635,15.748641714170041
7.164999999999847,0.01798352293227089,0.3684656704432288,17.028017608599818
7.169999999999847,0.01901365095206628,0.32323074726627576,17.940739790445473
7.174999999999847,0.019597696134139933,0.26023705357790405,18.463756845990396
7.179999999999847,0.019722739661704177,0.18303936320625563,18.57201123908259
7.184999999999847,0.019386163469578367,0.2042874339145343,18.251375826256144
7.189999999999847,0.01859594296287047,0.2564673473540515,18.748327730076113
7.194999999999847,0.017370650757296664,0.3014710884737347,18.276339091005244
7.1999999999998465,0.015739379422969636,0.36513538192762074,16.81174330512207
7.204999999999846,0.013741455887142198,0.4340340324033723,14.43660737995017
7.209999999999846,0.011425675286496913,0.49227820785476123,11.281765613146113
7.214999999999846,0.008849152793285396,0.5383307894298675,7.921371699229421
7.219999999999846,0.006228496145421423,0.5709471777419092,5.539023041808362
7.224999999999846,0.004022465539668795,0.5892325124143172,5.219734300896552
7.229999999999846,0.0038298071922204047,0.5927056602080519,5.423438965883399
7.234999999999846,0.005442562250033975,0.581315184651001,9.201246877869773
7.239999999999846,0.006955132302482357,0.5554222756243881,12.671633671378798
7.244999999999846,0.008252307377671556,0.5157844329512202,15.456606903215704
7.2499999999998455,0.010682510687038337,0.4635201155180166,17.41255820506037
7.254999999999845,0.012841425174932912,0.4000456796398318,18.43633299852427
7.259999999999845,0.014659075429063896,0.3270144220125775,18.473425685220782
7.264999999999845,0.016092273158590152,0.26893668170084883,17.51994201471056
7.269999999999845,0.017107383787101874,0.2140235408429682,17.76811750796371
7.274999999999845,0.017680984924874486,0.2853509386807089,18.2793657338254
7.279999999999845,0.017800327117401794,0.3413325311773442,18.354582263637266
7.284999999999845,0.017463541931554992,0.3789912412534386,17.991850278760637
7.289999999999845,0.016679668189157393,0.3963588015440331,17.195886226971844
7.2949999999998445,0.015468622997830691,0.3925667456871679,15.96380909595523
7.299999999999844,0.013861157435174609,0.3678956038378805,14.303754993821464
7.304999999999844,0.012106847946449945,0.4257395022356196,12.507926832260642
7.309999999999844,0.010495805406380598,0.48115183812563,13.80218637325663
7.314999999999844,0.00860979833499432,0.5241636853369201,16.193268539992264
7.319999999999844,0.007909220663416271,0.5537292756655422,17.724734939154853
7.324999999999844,0.00819784938070036,0.5691851408973889,18.315195279328233
7.329999999999844,0.008034696685670568,0.5702660219828005,17.92990047241297
7.334999999999844,0.007429334303469264,0.5570850717698441,16.578553723290803
7.3399999999998435,0.007885124159646555,0.5301133995061017,14.329839574062225
7.344999999999843,0.009319746576465145,0.4901661659729608,11.30502903455943
7.349999999999843,0.011641017463337441,0.4606903912427137,11.491567184537859
7.354999999999843,0.013676835901538068,0.4218393146521747,13.451233724137056
7.359999999999843,0.015378504515267401,0.3884669289320167,15.069937282597486
7.364999999999843,0.01670573252817721,0.3746369017522679,16.31938784179477
7.369999999999843,0.01762739560482055,0.34037439267066566,17.18167683645091
7.374999999999843,0.01812202583070685,0.28751341272961606,17.642514606431938
7.379999999999843,0.018178136645301574,0.21888807730404292,17.696399757340618
7.384999999999843,0.017794367862443507,0.2157002194204874,17.34542147133608
7.3899999999998425,0.01720002562543355,0.249028926875712,18.235816807938136
7.394999999999842,0.01661606529934909,0.28555973735046225,18.344010672310386
7.399999999999842,0.015623877502214214,0.3589767683357055,17.457676411161366
7.404999999999842,0.014242087032756708,0.423773733876056,15.622201596515549
7.409999999999842,0.01249892977864407,0.47824719918179365,13.040543365785897
7.414999999999842,0.010432046437302311,0.520915071203923,11.165840170364685
7.419999999999842,0.008088108601378593,0.5505564093311478,8.956495426600199
7.424999999999842,0.005522120950546257,0.5662516971843535,6.449139361814923
7.429999999999842,0.0051219429267650995,0.5674324903334218,5.952416148107494
7.4349999999998415,0.006290963726444629,0.5690453666373432,7.490761115556673
7.439999999999841,0.00728227321874078,0.5656454455259238,11.3691507331163
7.444999999999841,0.008908656916198807,0.5476624443334193,14.605110580553674
7.449999999999841,0.011204977849374213,0.5155598508428579,17.029454406078397
7.454999999999841,0.013211885814066298,0.4701449970908039,18.524186050646453
7.459999999999841,0.014881489574929779,0.4125390055323597,19.016975864266943
7.464999999999841,0.016174450576153545,0.3441682636296378,18.4786205239063
7.469999999999841,0.01706067683870994,0.2667338492115358,17.18260510160971
7.474999999999841,0.017519892444080337,0.2702579672546229,17.5883159124855
7.4799999999998406,0.018197606647805318,0.33444099800319704,18.330555687376012
7.4849999999998404,0.01842875169254271,0.38077201964576973,18.682613251919655
7.48999999999984,0.018195661668241703,0.40668804353883525,18.581828854931633
7.49499999999984,0.017500825631786877,0.4107391094650076,18.033090982831016
7.49999999999984,0.016357849606009542,0.3926776180972798,17.05438747101119
7.50499999999984,0.014791135032508361,0.4231918801864825,15.656301710964927
7.50999999999984,0.01283557733708035,0.47557483969655473,13.847908615354307
7.51499999999984,0.010536175555432075,0.516173649159422,16.264639211708527
7.51999999999984,0.0087031101945852,0.5439079283310184,18.24541725448296
7.52499999999984,0.009142167996988998,0.5825458898522758,19.26611379710948
7.5299999999998395,0.009105910238549087,0.606823297056083,19.272844886294383
7.534999999999839,0.008594251939143652,0.615814883380797,18.252282984789097
7.539999999999839,0.007632508420220404,0.6092056334423713,16.236224266980503
7.544999999999839,0.0093633953462874,0.5871842786628805,13.325575607601289
7.549999999999839,0.011625318985244468,0.5503610055016198,11.21043141957418
7.554999999999839,0.013608792413829424,0.4996923656399096,13.034788173158086
7.559999999999839,0.015268348027022136,0.4364293308674219,14.546842696870561
7.564999999999839,0.01675768525434028,0.41540168120897586,15.898101144882233
7.569999999999839,0.018358788441448882,0.38742331922084083,17.58708589291622
7.5749999999998385,0.019522736760175973,0.3389920358262865,18.87250601033015
7.579999999999838,0.020217593856487356,0.2727744123159614,19.722497672941053
7.584999999999838,0.020422238161834673,0.19476408136957565,20.11654519804064
7.589999999999838,0.020126905015361327,0.21927116377358355,20.040804222287278
7.594999999999838,0.019333566088782707,0.27455623602915014,19.48277117423247
7.599999999999838,0.018056168710718926,0.3470309412685932,18.73833200567235
7.604999999999838,0.016320701550769694,0.4115424931055167,17.20250779328318
7.609999999999838,0.014164971777947318,0.4709917418134075,14.95424720544855
7.614999999999838,0.011637894766142975,0.5398390629083509,12.584681232529332
7.619999999999838,0.008798330276420222,0.5959867329807751,9.874386796440726
7.6249999999998375,0.0057136382307770624,0.637890085276515,6.886954121855582
7.629999999999837,0.004929058512725093,0.6643594501756499,6.118346345824251
7.634999999999837,0.005780704848145333,0.6746258255329897,6.361880205100523
7.639999999999837,0.0066327195237400735,0.6683718253154902,9.425084681054475
7.644999999999837,0.008718448541149322,0.645742957352334,12.970836954918509
7.649999999999837,0.01113304165696795,0.607325802558063,15.817081278383816
7.654999999999837,0.013568433556616891,0.5540869078121773,17.809093740343037
7.659999999999837,0.016171995736176788,0.48733796401180296,18.843640082304336
7.664999999999837,0.018412110018400638,0.40870774887775563,18.8665970281329
7.6699999999998365,0.020234112780701176,0.3200933560424759,18.620363826871717
7.674999999999836,0.02159338778381248,0.2236166452020566,19.970320509296798
7.679999999999836,0.02245635877487044,0.29483236431218446,20.847637083072428
7.684999999999836,0.022801206191718056,0.3515954309159037,21.234177198217626
7.689999999999836,0.02261834340471826,0.3894509571027706,21.117641136080998
7.694999999999836,0.021910655595850977,0.4063390946751061,20.502544028422065
7.699999999999836,0.02069354648481421,0.40131141776471835,19.384679154195823
7.704999999999836,0.01899487703073173,0.38618693044737606,17.77775255050359
7.709999999999836,0.0168545655075114,0.4699376788407745,15.722546806856522
7.7149999999998355,0.014323661965683443,0.5424237378904293,14.611702097654126
7.719999999999835,0.011463072493999997,0.6018120507829733,17.104204584804386
7.724999999999835,0.008913234129558497,0.6465919711544458,18.679196845824706
7.729999999999835,0.009145800812982408,0.6756418037202522,19.250671411145632
7.734999999999835,0.008903601909336915,0.6882603760853669,18.781954262991995
7.739999999999835,0.008198188527357498,0.6841809273961703,17.299736596301702
7.744999999999835,0.00706609558820962,0.663578227687334,14.88730169136126
7.749999999999835,0.008400275176290503,0.627020405246258,11.668130374661725
7.754999999999835,0.011406420389534206,0.5754376800512483,11.763245785129085
7.759999999999835,0.014120334102708064,0.5101278052183188,14.360704148043297
7.7649999999998345,0.016477447577012923,0.43271758450364395,16.60338413782733
7.769999999999834,0.018422042214009164,0.4013106073092475,18.435541545683616
7.774999999999834,0.019908571214726008,0.3645560377731513,19.816034575512127
7.779999999999834,0.020902651898463083,0.30852854032181537,20.72412002005786
7.784999999999834,0.021381697580994223,0.23621158028848543,21.141325577325677
7.789999999999834,0.021335356208119702,0.15146426421327244,21.055157690200147
7.794999999999834,0.02076576615066019,0.1658221443244979,20.468148575875656
7.799999999999834,0.019687708406698146,0.2654009532603297,19.363374998457886
7.804999999999834,0.018128685304182747,0.3582082877458429,18.217731529269965
7.8099999999998335,0.016128541181040384,0.44184936151112064,16.288166150866072
7.814999999999833,0.013738513487840751,0.5141617157687522,13.479029214019413
7.819999999999833,0.01101992769251471,0.5732726023616874,10.416283644485015
7.824999999999833,0.008042555082066477,0.6176764418176314,7.3452521378929125
7.829999999999833,0.004882589721396253,0.6463097024504847,6.412394021997062
7.834999999999833,0.0018572350125460573,0.6585658469109001,6.396737897051494
7.839999999999833,0.00314859387690965,0.6542836195786076,7.306419365835051
7.844999999999833,0.00492097941195383,0.6337203495131752,11.206487265631642
7.849999999999833,0.007959808990093777,0.5975101501402712,14.500149573000009
7.854999999999833,0.010820180825733302,0.5466385841155629,17.010884870059133
7.8599999999998325,0.01339283849590248,0.48242448395213006,18.603291033972937
7.864999999999832,0.015615165615130574,0.40650636373912735,19.185749024941142
7.869999999999832,0.017433476118289302,0.3208178375243802,18.72182356489772
7.874999999999832,0.01880434921641816,0.22753140172717426,19.303329937872043
7.879999999999832,0.019695666568313723,0.2599835167024873,20.111015140574636
7.884999999999832,0.020087408013407172,0.32589137756521597,20.406784869320518
7.889999999999832,0.019972251844439706,0.3739191623176182,20.179033370534892
7.894999999999832,0.019355915489776745,0.40135696554587413,19.423978100891325
7.899999999999832,0.018257085199194507,0.40668167377155046,18.172040174770483
7.9049999999998315,0.016706689086575525,0.38967959763782994,16.48247307545002
7.909999999999831,0.014746628910396593,0.43062670638501166,14.409263843924144
7.914999999999831,0.012428424197765943,0.49665517866726805,13.222225106189935
7.919999999999831,0.009811863900238619,0.5499689403436837,16.018638039071114
7.924999999999831,0.0082640062111238,0.5894031757005445,17.92998879046628
7.929999999999831,0.008714945178952044,0.6141876652732323,18.85404861606179
7.934999999999831,0.008700998454613727,0.6239478927888301,18.743624724063285
7.939999999999831,0.008224839610305125,0.6186739990058938,17.612641131060357
7.944999999999831,0.007314284830216324,0.5986731128107641,15.53444273865088
7.9499999999998305,0.00819882726116087,0.5645358330577356,12.632732930180461
7.95499999999983,0.010902977106782865,0.5171241051910854,10.75996649200571
7.95999999999983,0.013339723429314722,0.45757442382167784,13.059906055757843
7.96499999999983,0.015451906573808986,0.3980541089676951,15.05032988249572
7.96999999999983,0.01719005432249516,0.39114210070439115,16.685097508548193
7.97499999999983,0.018513517062298365,0.3632513807083634,17.929076521684966
7.97999999999983,0.01939131257821334,0.3160029854711109,18.763505270201872
7.98499999999983,0.01980260104336341,0.25211621939235235,19.185041060299167
7.98999999999983,0.019736925755773117,0.1752411168735811,19.180613047661158
7.99499999999983,0.019194713134186765,0.1557929234815369,18.699706283751212
7.9999999999998295,0.018188171935782527,0.24682355588016763,18.134297128764498
8.004999999999828,0.01674188660002301,0.33169057842365146,17.57328987901657
8.009999999999827,0.014892432370701631,0.4080911133049155,16.092499944251234
8.014999999999826,0.012687050792029208,0.4740615181640733,13.7512817872949
8.019999999999825,0.010700897516330072,0.528014376204378,10.664660185897723
8.024999999999824,0.008877899973371003,0.5687216854454504,8.344535043364964
8.029999999999824,0.0068474661779993,0.5952978302300294,7.593972369258022
8.034999999999823,0.0046560953218474,0.6072083707586514,7.542148486828625
8.039999999999822,0.0027404475705381996,0.6042751346022468,6.750218336539578
8.04499999999982,0.00448238820960904,0.5866792880098595,9.115884227384516
8.04999999999982,0.007336465132673648,0.5549514812160081,12.420520751043096
8.054999999999819,0.009998731819636349,0.5099551935690948,15.050750163618755
8.059999999999818,0.012405805284274499,0.45287419228618586,16.870275623861964
8.064999999999817,0.014500943106489436,0.39498195808438813,17.783839930172356
8.069999999999816,0.016235368998431542,0.3506954685763825,17.742209408720747
8.074999999999815,0.017569353741870387,0.29833204463530594,17.316959788548637
8.079999999999814,0.018473075554081567,0.23900984732917993,18.09113201646051
8.084999999999813,0.018927301704016398,0.28019679612914244,18.42008214274892
8.089999999999812,0.018923916065923054,0.3326743389361426,18.286589782553385
8.09499999999981,0.01846623181430166,0.36727143485907116,17.6945164566349
8.09999999999981,0.017568943539651844,0.3821234233636146,16.66102098872734
8.104999999999809,0.016257692722335845,0.37642876056620456,15.217448392502387
8.109999999999808,0.014736348519298288,0.37366189854377535,13.589403629725494
8.114999999999807,0.013663464019097448,0.43539434395649723,12.590694434372958
8.119999999999806,0.012277665335281018,0.4858859063255214,13.774974372041324
8.124999999999805,0.010611126531563816,0.5240478058788086,16.05699539665687
8.129999999999804,0.008702559683426118,0.5491242223030994,17.48075492876997
8.134999999999803,0.008311106082059672,0.5606943482410264,17.96566711497679
8.139999999999802,0.008075947525818552,0.5586554070420918,17.479455666678493
8.1449999999998,0.007409713271148321,0.5432167484817493,16.04753330032702
8.1499999999998,0.006347713132199076,0.5148999254632562,13.748019217312214
8.154999999999799,0.008411750798850441,0.4745179458133326,10.70385865193118
8.159999999999798,0.010655899226970718,0.4538345475853368,11.31524444941601
8.164999999999797,0.012618965466716623,0.42453403794179356,13.107297539070842
8.169999999999796,0.014256410158562766,0.3854371721218151,14.569608136406204
8.174999999999795,0.015531864764430445,0.3695624440697918,15.67189994467331
8.179999999999794,0.016417899626100286,0.3337891367131037,16.39375104590428
8.184999999999793,0.016896548984877326,0.28002009122078914,16.722278426368526
8.189999999999792,0.016959755025727833,0.21113263539530036,16.632622969606828
8.19499999999979,0.016609741918656974,0.13084217886787172,16.994003373952395
8.19999999999979,0.01585901346436879,0.18933855746179973,17.949788260995756
8.204999999999789,0.015446740518514869,0.26230072743004446,17.938571307941114
8.209999999999788,0.014906617169614372,0.32809718757730866,16.963153869711174
8.214999999999787,0.014008906272835629,0.3851946504142408,15.075689942790884
8.219999999999786,0.01277436657826552,0.4322954586176391,12.38741792385474
8.224999999999785,0.01123203565114275,0.46837422680916374,10.914964689365998
8.229999999999784,0.009418490148315424,0.492703628118531,9.176984810144
8.234999999999783,0.007376884389995448,0.5048637336612807,7.474833708674703
8.239999999999782,0.005155784830324982,0.5047525933918556,6.40982087065059
8.24499999999978,0.0039047015941451836,0.49256412872170025,7.176558413840878
8.24999999999978,0.0051419715704840085,0.48813075231534925,10.807542805421543
8.254999999999779,0.007399095960816557,0.4852331756583684,13.853610382198871
8.259999999999778,0.009458120706292558,0.47094604824471975,16.15262839970892
8.264999999999777,0.011272571379689884,0.44560502154337805,17.583928414164475
8.269999999999776,0.01280238527546415,0.40979306657534437,18.064107124278312
8.274999999999775,0.014014813390773083,0.3643408121836242,17.56586935515544
8.279999999999774,0.014885104610526322,0.3102832534928334,16.120985167900102
8.284999999999773,0.015396993170180515,0.2488494936911049,14.72255688792414
8.289999999999772,0.015543114981136436,0.3091959555359721,14.651524622999597
8.29499999999977,0.015688336731001937,0.35373444905108653,14.71157626556743
8.29999999999977,0.016050698158124058,0.37902701970357133,15.051439287292096
8.304999999999769,0.016039133695411645,0.38365695941374567,15.013687533376824
8.309999999999768,0.0156545469724082,0.36734417173997724,14.604747292521369
8.314999999999767,0.01490708148443184,0.33096046667154355,13.837420277249928
8.319999999999766,0.013815748930327684,0.3643089430696492,12.739142733428093
8.324999999999765,0.012407814342514761,0.3969678200269158,15.252226134534292
8.329999999999764,0.010718027135776397,0.41962898162153744,17.095501977803078
8.334999999999763,0.008787751657345239,0.4319658673374648,18.01054907469937
8.339999999999762,0.0079196872919647,0.441632884200675,17.951009480809844
8.34499999999976,0.00744362930690917,0.4647126498007604,16.92050499932864
8.34999999999976,0.006550280302096301,0.47661955136121886,14.974543681709987
8.354999999999759,0.005287626533984668,0.4771200607575095,12.219169765055957
8.359999999999758,0.0068110683962360665,0.46624111533648316,8.80419534220708
8.364999999999757,0.0084223761228085,0.44426461780396237,9.378051133171212
8.369999999999756,0.009800735204600218,0.4117236392646691,10.529248747017816
8.374999999999755,0.010917501476162566,0.3808213882762285,11.418301009494538
8.379999999999754,0.011750523329237336,0.35355213911773453,12.033256192007226
8.384999999999753,0.012284514742892499,0.3072106057435429,12.458297133661361
8.389999999999752,0.01336488672956109,0.24428820446710045,14.093826868310105
8.39499999999975,0.014162128720592727,0.1681731601572798,16.352190855618815
8.39999999999975,0.014602260065027942,0.11600937215718962,17.73174126817729
8.404999999999749,0.014674121628395832,0.1624031531155516,18.158284029126108
8.409999999999748,0.014375558299127586,0.21396685460642895,17.605482257131616
8.414999999999747,0.013713469271714419,0.259891111924017,16.106608013685925
8.419999999999746,0.01270366617811436,0.2992121071666882,13.740516593776658
8.424999999999745,0.011370493569644473,0.33113971204040415,11.715764972695304
8.429999999999744,0.009746230901772861,0.35998229986139046,10.128374868862846
8.434999999999743,0.007870311931580115,0.3982098797008383,8.292493660962204
8.439999999999742,0.00578834953484662,0.43457507899257747,6.253586055733812
8.444999999999741,0.003569503926332178,0.46037890475331866,5.4427518990996395
8.44999999999974,0.004021105298358559,0.4750198817021303,9.29286914620344
8.454999999999739,0.005558734470046793,0.47815529946218055,12.639824814342283
8.459999999999738,0.0067846299854834435,0.4697123397099114,15.304866225367462
8.464999999999737,0.007829231542641594,0.44989225308174535,17.14236872673126
8.469999999999736,0.009170737711351667,0.4191510879231034,18.05095944587577
8.474999999999735,0.010303730303040397,0.3782022926567045,17.986064485979522
8.479999999999734,0.01177067784086661,0.32801175271467636,16.95379138637139
8.484999999999733,0.013265084138709153,0.26975076642235407,15.004057477850607
8.489999999999732,0.014451359832822067,0.2843002237828071,13.600141319292419
8.494999999999731,0.015299580575491764,0.3369229063551158,14.492148831810859
8.49999999999973,0.015787559190702783,0.37117140989391484,15.054301410476558
8.504999999999729,0.0159014207791885,0.3851464524572972,15.257972623287001
8.509999999999728,0.015636135715015376,0.37806211417202,15.093217768366946
8.514999999999727,0.014995772830331969,0.35026471797084996,14.56804312162634
8.519999999999726,0.013993430461068147,0.30322185694719955,13.68741352124956
8.524999999999725,0.012651046442769947,0.3011658126629284,14.266644064633843
8.529999999999724,0.010998977251731244,0.35966186375256687,16.53523719044126
8.534999999999723,0.00907521554020347,0.40984282085855933,17.915699743030856
8.539999999999722,0.008246743403654284,0.4504760532023867,18.331746554642535
8.544999999999721,0.007949757647637126,0.480574513190974,17.766495014884075
8.54999999999972,0.00721454932374484,0.49942925835867286,16.250874275612915
8.554999999999719,0.006078507397122095,0.506610871230636,13.865132870766086
8.559999999999718,0.004600493329677992,0.5019701772794373,10.73440251427458
8.564999999999717,0.005875852618532799,0.4856234598298111,7.019407689652613
8.569999999999716,0.007717667868129888,0.4579418762910919,7.007337872665509
8.574999999999715,0.009911413089365507,0.419556212203174,8.70944739152253
8.579999999999714,0.01188865743903995,0.382140885555596,10.576426423099553
8.584999999999713,0.013602999281338098,0.3444516420780142,12.202100942487458
8.589999999999712,0.01501405629444223,0.2883631562263552,13.544944362969904
8.594999999999711,0.01608845197070832,0.21683982451188127,15.67683174364169
8.59999999999971,0.01680061582859109,0.13367849906429066,17.587698435395286
8.604999999999709,0.017133371038451466,0.12023730567654269,18.563952913505307
8.609999999999708,0.017078342949236956,0.10838174371186576,18.554437409086447
8.614999999999707,0.01663622260008592,0.1397836515523492,17.560381166079473
8.619999999999706,0.015816860514686646,0.22275793260276305,15.62933125408677
8.624999999999705,0.014639148121322637,0.29398520183385457,13.312475563902803
8.629999999999704,0.013130618236105184,0.34966190212765985,11.884456589265598
8.634999999999703,0.01132677641379503,0.3883345866891203,10.168521192400172
8.639999999999702,0.009270252178873176,0.4342751072796389,8.20768704380759
8.644999999999701,0.007009728850736504,0.4699342239750497,6.055959634357025
8.6499999999997,0.004598656731361827,0.4944946237748417,7.219793290019367
8.6549999999997,0.0048193000852898805,0.5074191342794074,10.94872164562177
8.659999999999698,0.0063006350453117,0.5084605981461752,14.080927480836722
8.664999999999697,0.007434688457789456,0.49765268398662116,16.454470999757493
8.669999999999696,0.008162850443081382,0.47528140963207444,17.95275886938376
8.674999999999695,0.008448129344328842,0.4418747174375733,18.50130470859233
8.679999999999694,0.009786564782673481,0.39821689487570094,18.068506820945764
8.684999999999693,0.01164547289547681,0.3453463502456464,16.6747264181572
8.689999999999692,0.013220170541365747,0.28453270810994236,14.390095035078868
8.694999999999691,0.014474621333519875,0.3087639775270015,14.025986146524637
8.69999999999969,0.015380531173362568,0.3562652595883268,14.826526480017504
8.70499999999969,0.015917994779297413,0.38441149426038296,15.272358318698661
8.709999999999688,0.01607592136387305,0.39169407919383603,15.354680300061526
8.714999999999687,0.015852300796713865,0.3777237298090745,15.065825358752225
8.719999999999686,0.015254363289203866,0.3432404288981969,14.404379438566677
8.724999999999685,0.014298546657421753,0.29007349241436026,13.386075647655085
8.729999999999684,0.013010157063154967,0.28945444249252217,15.225682024539351
8.734999999999683,0.011422808451140198,0.34548500231339924,17.264477185093735
8.739999999999682,0.009577686240666653,0.39256388187603436,18.389486528171034
8.744999999999681,0.008193769112192483,0.42952366509884293,18.52637211357913
8.74999999999968,0.007759599938148394,0.4555035340576742,17.66068879155524
8.75499999999968,0.00688993600297096,0.46995589997962245,15.831412084648711
8.759999999999678,0.005629934308218552,0.4726593211078754,13.130528571145549
8.764999999999677,0.004046197793379417,0.4637005541945787,9.705101986938718
8.769999999999676,0.003969038763853412,0.44344017105492023,7.253633868833383
8.774999999999675,0.006108858765419038,0.4124878295713483,7.583666939070981
8.779999999999674,0.00806933938762978,0.3983935029239832,9.0901464631624
8.784999999999673,0.009804093264961546,0.37336930407869395,10.712768614121902
8.789999999999672,0.011272784542617209,0.3281625240839646,12.054332256771863
8.794999999999671,0.012442068856977368,0.2651306038934263,14.245453267824699
8.79999999999967,0.013286326270729282,0.18759004334407794,16.77077095191531
8.80499999999967,0.013788161921140886,0.1140728386770235,18.40665820974647
8.809999999999668,0.013938719528615902,0.09155597713536892,19.06631543828079
8.814999999999667,0.01373781701441964,0.11853654011183073,18.708827022891395
8.819999999999666,0.013193856150093905,0.17860479698001747,17.343563835888663
8.824999999999665,0.012323510373083118,0.2595656133661526,15.040762718566073
8.829999999999664,0.011151226348928409,0.32697828644199073,11.924306511769778
8.834999999999663,0.009708528435597849,0.37717662323873685,9.360302519253423
8.839999999999662,0.0081396472470549,0.40737899689755086,8.157013577149723
8.844999999999661,0.006834654879183099,0.4158615903766635,6.986408420075511
8.84999999999966,0.0053560393183410375,0.41373701892620157,5.649880457941752
8.85499999999966,0.004159749424668422,0.42748291247701964,9.168725452273193
8.859999999999658,0.005855577818640678,0.430896370772416,12.874174594415866
8.864999999999657,0.007233827278086535,0.4240058911458727,15.89555488312106
8.869999999999656,0.00821999294933613,0.40709168321116856,18.06812175074685
8.874999999999655,0.00876051350949809,0.3806632283828503,19.27141938940968
8.879999999999654,0.008825727421328707,0.3454399963214289,19.43810320345205
8.884999999999653,0.009709566131666788,0.3131268125584555,18.553980315516863
8.889999999999652,0.011096302301212942,0.2809930762807022,16.66454825885731
8.894999999999651,0.012219157532417597,0.29470210897195964,13.868034886604605
8.89999999999965,0.013053137543819184,0.3551623581376294,12.357566838193732
8.90499999999965,0.013579952965329916,0.3964528247944242,12.808702961429903
8.909999999999648,0.013788365945104951,0.41630526108232496,12.969417916660298
8.914999999999647,0.013674389431006916,0.4136125234020732,12.834780224942685
8.919999999999646,0.013241403182936935,0.38848997314111866,12.40257906896813
8.924999999999645,0.012500124648395164,0.3422544889618886,11.686827472609549
8.929999999999644,0.0116104333619281,0.27734964431079984,14.6988165889188
8.934999999999643,0.010777440397052002,0.28485684202248995,17.353787857254044
8.939999999999642,0.009679434874016757,0.3287539274454944,19.08159655100342
8.944999999999641,0.008966869515056078,0.365085096845699,19.789986009638927
8.94999999999964,0.008766400963921738,0.3930888462641018,19.44555479035601
8.95499999999964,0.008086304914848146,0.4121995024873848,18.05930407993266
8.959999999999638,0.006960851657379321,0.4220152276125286,15.692990393019146
8.964999999999637,0.005448393421556504,0.42232914752063044,12.475511670670297
8.969999999999636,0.003628282788489961,0.4131657983070238,8.580369824638598
8.974999999999635,0.005311968090507587,0.4223322429659596,8.072980863970692
8.979999999999634,0.007217920556359917,0.43192326573648315,7.27679375803445
8.984999999999634,0.00896783454843598,0.41857410735172257,7.822626939501914
8.989999999999633,0.010523335077556107,0.3829687475862106,9.281807412856063
8.994999999999632,0.011850649590596656,0.3269934997250453,13.10829173161061
8.99999999999963,0.012921349271938052,0.2546317241746571,16.234615368830678
9.00499999999963,0.013712940226789578,0.2021217659526094,18.49235053884835
9.009999999999629,0.014209312014231288,0.1447015123795174,19.758213326059334
9.014999999999628,0.014401071956025474,0.08371491832297259,19.96151490015545
9.019999999999627,0.01440500671507066,0.12574123098233972,19.092212283559686
9.024999999999626,0.014348523898767292,0.21646815792830304,17.198558494826404
9.029999999999625,0.013975268635845327,0.29540846504289814,14.377564351012294
9.034999999999624,0.013293321749680623,0.3583193415297548,11.79415812102251
9.039999999999623,0.012318330739769897,0.4018471159992969,10.874034639954129
9.044999999999622,0.011073202848011774,0.4236786690385684,9.679673694654738
9.04999999999962,0.009587579509796489,0.4226692450417374,8.24588940388415
9.05499999999962,0.007897077758262965,0.39892156128127687,6.987006233829588
9.059999999999619,0.006042369668564105,0.3869969220840995,11.077458736737215
9.064999999999618,0.006129010136172018,0.40447796451308193,14.558956691486326
9.069999999999617,0.007378562277765102,0.4140160463417447,17.248188881059665
9.074999999999616,0.008202770667663025,0.4136338701013915,18.999665817622713
9.079999999999615,0.008558444768248866,0.40340309321061363,19.717965773631498
9.084999999999614,0.008427840365836426,0.3836392513581594,19.36896311484243
9.089999999999613,0.007819564992630285,0.3548808050742895,17.971463323679192
9.094999999999612,0.008391672470531448,0.31786846940363805,15.604447396613331
9.09999999999961,0.009604106002405018,0.32228851902987077,12.402806419291013
9.10499999999961,0.010573828173968,0.374634682938873,10.706537423448705
9.109999999999609,0.011280439840248815,0.4064898362013273,11.59537901310611
9.114999999999608,0.011966264984520091,0.4161380940021056,12.211807616609736
9.119999999999607,0.012349350297458182,0.4030782105243989,12.544866798424849
9.124999999999606,0.012420662010405072,0.3680271038576967,12.58223478513454
9.129999999999605,0.012179342333742403,0.31287122260281364,12.91876418599508
9.134999999999604,0.011632111027117939,0.24059543262568678,15.99155180485628
9.139999999999603,0.010793189883086444,0.2151559307270533,18.20002470275994
9.144999999999602,0.00968404396752286,0.2590055375318193,19.432586830406365
9.1499999999996,0.00907251771941941,0.2967004449592508,19.616359449445294
9.1549999999996,0.008649840938289117,0.3306720583546208,18.74200299068952
9.159999999999599,0.007764919983751052,0.36014028180927343,16.858702314422416
9.164999999999598,0.006464240414892365,0.38054282376550447,14.06197067176813
9.169999999999597,0.0048167873546619226,0.3914294360191136,10.50111496152426
9.174999999999596,0.0030481064830496707,0.4023724232262945,7.8792228294245845
9.179999999999595,0.00382383341501146,0.42303049778604035,6.820909595480835
9.184999999999594,0.005212847873061038,0.42104496017261733,5.079505998558732
9.189999999999593,0.006822981102185061,0.3965061817408171,7.128133197362431
9.194999999999592,0.008273793236136084,0.3507098183080358,11.19041217575044
9.19999999999959,0.009530499720398735,0.2861078176902005,14.650388071384265
9.20499999999959,0.010562861178660194,0.21316900232689953,17.3241135909856
9.209999999999589,0.011418804854745923,0.1593266922637558,19.069229392003752
9.214999999999588,0.01207117785744745,0.10162250881686141,19.78655522643136
9.219999999999587,0.012428733086413079,0.08000622441491649,19.4354323518242
9.224999999999586,0.01248234937964357,0.1736694351985021,18.02985196161083
9.229999999999585,0.012229962125743128,0.25784888858045074,15.641929391169317
9.234999999999584,0.011676724709710925,0.3279578170583328,12.40164199998411
9.239999999999583,0.010834946918630673,0.38016612694602814,10.839650465685349
9.244999999999582,0.009723800476690553,0.41161377761360285,9.8093913629741
9.24999999999958,0.008368932513202617,0.4205908021839404,8.537010256018455
9.25499999999958,0.006801985457963344,0.40663379923490806,7.0492428052044325
9.259999999999579,0.005059904016197299,0.3705268141704295,9.36656132997927
9.264999999999578,0.005751053212701358,0.38641342585811134,13.15061728503719
9.269999999999577,0.007138620857463473,0.3997133785848637,16.22565365933202
9.274999999999576,0.00812600128138133,0.4035858824794146,18.42803073138262
9.279999999999575,0.008658886036845734,0.397993132234959,19.63759183045841
9.284999999999574,0.008707458406285723,0.3831139990893026,19.78676737161041
9.289999999999573,0.00826803553697958,0.359336275088207,18.868111625704923
9.294999999999572,0.00876505156252279,0.32724920183560524,16.93166088746285
9.29999999999957,0.010244091501105952,0.3032364414421841,14.081874133095068
9.30499999999957,0.011505567784206019,0.3646251354743145,10.473603479757603
9.309999999999569,0.012519963722620746,0.4065607740991653,10.893908358661324
9.314999999999568,0.013263606811763569,0.4267821016964245,11.590648438658123
9.319999999999567,0.01371917225654816,0.4241996228252427,12.031393083899315
9.324999999999566,0.013876035328937105,0.39894845272271806,12.205606401134002
9.329999999999565,0.013730428780929782,0.35236542634503587,12.087760207820127
9.334999999999564,0.013344220395740203,0.28691195735150715,14.827774470155331
9.339999999999563,0.012671924534671326,0.2060522662250212,17.51610198043973
9.344999999999562,0.011725959698824876,0.22781558555818673,19.27578088401031
9.34999999999956,0.010529403367034718,0.2751767861574165,20.01120477906934
9.35499999999956,0.009490599317236866,0.31615849688680775,19.680474385872294
9.359999999999559,0.008836355281276692,0.34976295720877815,18.29928896283788
9.364999999999558,0.00773071041000261,0.37517545382331635,15.94508133868015
9.369999999999557,0.006231704566550565,0.391804606374351,12.748303908278427
9.374999999999556,0.004418204955489782,0.3992865085292153,8.877313662163278
9.379999999999555,0.002778185007225752,0.42327870119315586,5.926064113523834
9.384999999999554,0.0025169333443390155,0.4345626820340176,3.901073426177503
9.389999999999553,0.004400197083648213,0.4230084548949157,4.816690923884418
9.394999999999552,0.006163810735094533,0.38923268682446843,8.916413181206542
9.399999999999551,0.0077679930310710875,0.33502686919798486,12.765913869387305
9.40499999999955,0.009176864794403479,0.26660210543861673,15.935992310979923
9.409999999999549,0.01035922462268238,0.2214239251834401,18.254134034024073
9.414999999999548,0.011289234233956762,0.1715232940917631,19.594178606907278
9.419999999999547,0.011946972506021496,0.1383749630877631,19.884259620853026
9.424999999999546,0.012318828341941647,0.12402994041150116,19.11026086012764
9.429999999999545,0.012397747807759521,0.20406639571805382,17.313741231248905
9.434999999999544,0.0121833948975477,0.28383225810074797,14.592603721829397
9.439999999999543,0.011682300316372992,0.34804521240175257,11.092577998572992
9.444999999999542,0.010974900824126024,0.39327593885399725,10.187311230671195
9.449999999999541,0.010067472723535448,0.4171096639755784,9.124164641319972
9.45499999999954,0.008934994147164574,0.41827816387855277,7.891055494709955
9.459999999999539,0.007606367563545268,0.39673044407508545,7.352923723914021
9.464999999999538,0.006114985059715819,0.35363900734106507,10.68386427733921
9.469999999999537,0.0062429553163117,0.3543622113949741,14.23832090805355
9.474999999999536,0.007504238866709591,0.36463961499035424,17.02314653034779
9.479999999999535,0.008345684742127839,0.3657931976119757,18.889414027996803
9.484999999999534,0.008721284586744963,0.3578627312886979,19.733390341841933
9.489999999999533,0.008610245873958651,0.3411394290065731,19.505974472872193
9.494999999999532,0.008018152625046645,0.3161309444951158,18.223386492527755
9.499999999999531,0.006976639236266898,0.2887319888532746,15.95447492091411
9.50499999999953,0.007794971780641806,0.32296366045178315,12.820987450697611
9.509999999999529,0.008903309527217754,0.37750156296215354,9.532359439582997
9.514999999999528,0.009774791600757423,0.4116875190863332,10.33997443404716
9.519999999999527,0.010389319149037598,0.4236695604122736,10.900415733843351
9.524999999999526,0.010732951678265254,0.41279309895173283,11.202397146670991
9.529999999999525,0.010798162003296963,0.37963802315563483,11.242342644168101
9.534999999999524,0.0105840226339318,0.3259895950494405,12.660533142410422
9.539999999999523,0.010100507819310088,0.2547360505492309,15.840884657674065
9.544999999999522,0.00953167329148966,0.17503518919084837,18.165334283927848
9.549999999999521,0.009233263346760362,0.2212518204624304,19.508114569897764
9.55499999999952,0.009365287241404128,0.261954829820171,19.797567135632946
9.559999999999519,0.009009014621626267,0.29614993435915915,19.02419346629965
9.564999999999518,0.008183508498592916,0.3229889013152211,17.231406452649455
9.569999999999517,0.006932988574601193,0.3418091505179214,14.515201781744024
9.574999999999516,0.005324434043929883,0.35363456717719677,11.02372705259887
9.579999999999515,0.003443983196250421,0.3985457718946039,6.940754834364373
9.584999999999514,0.002707097148246981,0.4221109939036495,3.2172321685221914
9.589999999999513,0.00440172468706264,0.4230793600590504,3.947527039118487
9.594999999999512,0.00599828337063866,0.4014342970040383,6.560037714911298
9.599999999999511,0.0074577807506403145,0.3583816658909899,10.661014730308457
9.60499999999951,0.008744594927895501,0.2962697108397172,14.183767290201201
9.60999999999951,0.009827361622037777,0.2220185336840292,16.94843570640629
9.614999999999508,0.010679810635780903,0.18522530904452564,18.811008169715123
9.619999999999507,0.011281395418598694,0.16640635180279081,19.666362918510863
9.624999999999506,0.011617648792609686,0.14293648020651623,19.464398551440556
9.629999999999505,0.011680366590613582,0.15917278224265238,18.21281925060489
9.634999999999504,0.011467763161080247,0.24465334539857114,15.979406011763347
9.639999999999503,0.011193480556707503,0.3168146237477031,12.885105327889974
9.644999999999502,0.010687401028876676,0.37176757945925154,9.980353606605899
9.649999999999501,0.009933250298286239,0.4065418629291715,9.301016612112461
9.6549999999995,0.008947892199441773,0.4192391653802226,8.410792089815333
9.6599999999995,0.007753448510617161,0.409141143817736,7.553568517735042
9.664999999999498,0.006376761967921681,0.3767594978943947,8.64816519515984
9.669999999999497,0.005694507659563063,0.3439161314101803,12.52680944781799
9.674999999999496,0.007137014182434212,0.35605476962754995,15.729795922354866
9.679999999999495,0.008191589592239272,0.3598171368009291,18.082576798049217
9.684999999999494,0.008800200302125263,0.3551377074861725,19.459402468600775
9.689999999999493,0.008928882348644692,0.3510034476433439,19.78720440340262
9.694999999999492,0.008569552690909798,0.3390090143760948,19.048061405288838
9.699999999999491,0.007740423325916032,0.31927997788857254,17.284625947442546
9.70499999999949,0.008195298379472625,0.29227392328981566,14.592830431702392
9.70999999999949,0.009383636297724424,0.3552132740223378,11.118329922220928
9.714999999999488,0.010356470154862067,0.40063194604218194,9.519649394411807
9.719999999999487,0.01109276269783684,0.424767977048475,10.133761037406046
9.724999999999486,0.011577225274288956,0.42634072554803926,10.5056231744025
9.729999999999485,0.011800553777163393,0.40525776564038274,10.636444386219743
9.734999999999484,0.012007585246732176,0.3626226974804262,10.621357879749086
9.739999999999483,0.011988675217112768,0.300700031489591,14.172048978439642
9.744999999999482,0.011706944895076189,0.22277590218431562,16.997602743671205
9.749999999999481,0.011169488253372278,0.18136121226928992,18.92294254092966
9.75499999999948,0.010389087821643335,0.2225259793600902,19.84421167953088
9.75999999999948,0.009421986014136996,0.25819715202676674,19.711156146670618
9.764999999999478,0.008868829267104743,0.28758432895487557,18.52851046342417
9.769999999999477,0.00785862767312691,0.31004706915166147,16.358998437776833
9.774999999999476,0.00644490545129259,0.3251113452737882,13.3167931180629
9.779999999999475,0.0047781478926182215,0.37703969337671256,9.563410707955057
9.784999999999474,0.00360970444269701,0.4141897926567612,5.296629004064764
9.789999999999473,0.002356920506177203,0.4292925053763938,2.4068074797346757
9.794999999999472,0.0030731753066096153,0.4215313442629529,3.872342784132915
9.799999999999471,0.004556926212060942,0.39131388849214266,8.238061779159574
9.80499999999947,0.005910633509643986,0.3402591645888216,12.183827782169255
9.80999999999947,0.007103786615606835,0.27912375695401404,15.474360199041794
9.814999999999468,0.00810992197405349,0.24448493743388225,17.933419852966068
9.819999999999467,0.008907203089841659,0.20510497050499218,19.424293352620733
9.824999999999466,0.00958476247461832,0.1755470220840355,19.86852178118048
9.829999999999465,0.010259551794204052,0.1415460363892384,19.242676519113957
9.834999999999464,0.010685260916811068,0.1938614376454095,17.57786970168165
9.839999999999463,0.010852623461443889,0.27521407744410803,14.963186217798453
9.844999999999462,0.010758558478992928,0.3414806625322281,11.543447817450108
9.849999999999461,0.010406150233386494,0.38911924022600447,10.0292123422601
9.85499999999946,0.00980441948373535,0.41562420844940007,9.44004518942585
9.85999999999946,0.008968012527853618,0.4196374990367188,8.63889027578431
9.864999999999458,0.007916853283016636,0.40100678356381914,7.83612500216093
9.869999999999457,0.00667571386634623,0.3607907999712172,10.118795042251145
9.874999999999456,0.006278515034742459,0.3011978813559235,13.718372403866908
9.879999999999455,0.007595167091653936,0.31710518149616657,16.57560357503173
9.884999999999454,0.008503016028849853,0.33184399376030854,18.538919600561815
9.889999999999453,0.00895360957323974,0.33878437128121913,19.50742007281311
9.894999999999452,0.008923046037319252,0.33772213898751463,19.431373103474833
9.899999999999451,0.008413211500786668,0.3286409210419034,18.313193818176057
9.90499999999945,0.00745168827434218,0.3117205410040754,16.212429646080675
9.90999999999945,0.006569344356703522,0.309102737641189,13.243995562706875
9.914999999999448,0.007542076835849171,0.3661273152974847,9.565835499811923
9.919999999999447,0.008555447661758139,0.40347842025986885,8.091736105873608
9.924999999999446,0.009540430678753108,0.41915230297165285,9.066881720553672
9.929999999999445,0.010300078082575008,0.4123061988128436,9.828198560711625
9.934999999999444,0.010815444918678491,0.38331836689280463,10.361611992971513
9.939999999999444,0.011073276543991048,0.3337726791793906,11.856530580445616
9.944999999999443,0.011066311114708778,0.26635914627727725,15.108882580400316
9.949999999999442,0.010793445854663129,0.18474033465985487,17.538642066569356
9.95499999999944,0.010259720151300835,0.1591056664802998,19.014458567168283
9.95999999999944,0.009476193767197723,0.19406527776392452,19.45963213932976
9.964999999999439,0.008734895169962101,0.2255990906614236,18.850582245046013
9.969999999999438,0.008016420011384955,0.26522066206958234,17.22289940596648
9.974999999999437,0.00687315864470517,0.29889113597791944,14.669412239446041
9.979999999999436,0.005368078683800826,0.3335143214690239,11.329251191073332
9.984999999999435,0.0035835462298621887,0.38029866010644625,7.384484263895956
9.989999999999434,0.0016168463635389007,0.4063812864228857,3.0485662626800303
9.994999999999433,0.0022045971884675428,0.41038607513106096,3.8215586921744342
9.999999999999432,0.0035977957134852743,0.3921211862050062,5.859304791012158
10.00499999999943,0.004914497298749021,0.35259760588543293,9.950127336817483
10.00999999999943,0.006133064263411641,0.3188089296587198,13.501063194021448
10.014999999999429,0.007653515015841173,0.289371371313106,16.323642874446286
10.019999999999428,0.009009408953648814,0.25298620380996256,18.263817854502555
10.024999999999427,0.010168096181351928,0.21048868727129283,19.21790096662577
10.029999999999426,0.011101487050948707,0.1628676605674266,19.135014914051165
10.034999999999425,0.011786736609292255,0.14952564000756433,18.016291413091313
10.039999999999424,0.012206760174448248,0.23436445454901117,15.919234403488117
10.044999999999423,0.012350621734951293,0.3065575742283224,12.958013468236988
10.049999999999422,0.012213795294910726,0.3621716893348639,11.21347748234353
10.05499999999942,0.011798228561134685,0.39814391598390214,10.878850381789084
10.05999999999942,0.011112258724494398,0.412463765534843,10.293318212359305
10.064999999999419,0.010170435104563563,0.40428972491527765,9.471118519982038
10.069999999999418,0.008993214285981717,0.373996536827628,8.427996531839748
10.074999999999417,0.007606553524265809,0.3231705130474559,12.10943225997634
10.079999999999416,0.007140577831983293,0.32921223736542027,15.348982938564816
10.084999999999415,0.008206280589025405,0.3541058807756151,17.758155975578294
10.089999999999414,0.00883403937106698,0.3708746933670797,19.205741110367377
10.094999999999413,0.0089881362232953,0.3790647040163378,19.616270573811054
10.099999999999412,0.008658450136054653,0.37843467236608336,18.96698805704824
10.10499999999941,0.0078609918952472,0.36895791780037823,17.29329788278463
10.10999999999941,0.0066370428120836105,0.3508247159158938,14.68495095436731
10.114999999999409,0.006604013861669678,0.34967462902171104,11.27984958265272
10.119999999999408,0.00814101146160477,0.3960248912617821,7.545185859112815
10.124999999999407,0.009490466735688617,0.4212821586294784,8.836351062327239
10.129999999999406,0.010620296386191243,0.4240488681625228,9.922211789229422
10.134999999999405,0.011503531068482035,0.4041391419619261,10.774420273109417
10.139999999999404,0.012119007695707458,0.3625941700061379,11.37023647501248
10.144999999999403,0.012451920691514604,0.30162139034663515,13.999045741239874
10.149999999999402,0.01249421284538636,0.22447886614756035,16.85796393839069
10.1549999999994,0.01224481598125006,0.1353030278375834,18.812371385600855
10.1599999999994,0.01170969981021496,0.13512155502374582,19.75893038587474
10.164999999999399,0.01090171347753461,0.1880729780484016,19.647629055502744
10.169999999999398,0.009840251943348637,0.23651163562599672,18.48609770373191
10.174999999999397,0.008550771585129147,0.2792805076618104,16.33566088861087
10.179999999999396,0.007064176609239581,0.3161493350698917,13.311937709952488
10.184999999999395,0.0054160653612368975,0.37337649284441626,9.578925399857816
10.189999999999394,0.003645837456553369,0.4106699608761076,5.338461812818985
10.194999999999393,0.0018450177469329636,0.4260642450993043,4.635654804176928
10.199999999999392,0.0016260755758686011,0.4187659499628063,6.410186737202256
10.20499999999939,0.003616282978379823,0.3891947483397172,8.08991071817688
10.20999999999939,0.005436692040247738,0.3572904009940313,12.00043805472475
10.214999999999389,0.006961118042011623,0.33385041485131917,15.266502789020436
10.219999999999388,0.008108986565745303,0.3025643900639725,17.715752852069794
10.224999999999387,0.008819880584728192,0.26417431101991473,19.217912266969456
10.229999999999386,0.009736734969704718,0.21958224602545823,19.696387112590305
10.234999999999385,0.010710271189794394,0.1698322420104206,19.125093561606747
10.239999999999384,0.011425087683821071,0.1899776445910856,17.534873180186267
10.244999999999383,0.01186440711512147,0.27134396000795835,15.011652986563547
10.249999999999382,0.012017947049236267,0.33809618426398086,11.689236715845995
10.25499999999938,0.011882183504269513,0.38668424924052364,11.5071520182837
10.25999999999938,0.011460446841872658,0.41453167999749924,11.10033419504124
10.264999999999379,0.01076285724722543,0.4201692724752571,10.428648751694993
10.269999999999378,0.00980608907688284,0.40332391003533097,9.510940412828772
10.274999999999377,0.008612942050970124,0.36493923149174273,9.753672478380793
10.279999999999376,0.00721178309662637,0.307108933092133,13.378446881463645
10.284999999999375,0.007501385522090281,0.33087567324175793,16.279315491850372
10.289999999999374,0.008450072028945294,0.3544200322624472,18.302465138424854
10.294999999999373,0.00894734490246118,0.3695569397084751,19.341935565563013
10.299999999999372,0.008967564856464749,0.375925420695635,19.342130852423217
10.30499999999937,0.008510728460582656,0.3733787674348205,18.302818711299892
10.30999999999937,0.007602459009279604,0.3619845007589109,16.28152059233324
10.314999999999369,0.006292605249379347,0.3420201619066843,13.38762947958913
10.319999999999368,0.0068626679160013575,0.35696407223702137,9.775123587236276
10.324999999999367,0.008343937248935538,0.3955013675249751,7.789011502355598
10.329999999999366,0.00963163742472562,0.4126213331135709,9.005530000449788
10.334999999999365,0.010695513771371934,0.4074480805855284,10.011741159749114
10.339999999999364,0.011510555082509899,0.38031638979439625,10.784593361389465
10.344999999999363,0.012057538112985263,0.33274981963785893,11.451444464872258
10.349999999999362,0.012323424634923495,0.2673833700017317,14.695135389579232
10.354999999999361,0.012301617444524243,0.18781190530587943,17.13345048876234
10.35999999999936,0.011992097041025261,0.11530989432007643,18.634907542755595
10.364999999999359,0.011401418177722765,0.15129238017933344,19.121223047516636
10.369999999999358,0.010542597797130413,0.19776765149452114,18.572521049145482
10.374999999999357,0.009434933148379985,0.2452982080056596,17.025886953434703
10.379999999999356,0.008103716345165933,0.2871885132799731,14.57194061818964
10.384999999999355,0.006945625743183529,0.3230093217016768,11.342081892180298
10.389999999999354,0.005695840317767391,0.3701342060690116,7.507871854753983
10.394999999999353,0.004305033145830402,0.3970940465167472,5.347494987347127
10.399999999999352,0.0028044946568015145,0.40246911567482824,6.8356435865831475
10.404999999999351,0.002396012318868398,0.3860074249745464,7.632029178341257
10.40999999999935,0.004232640186690584,0.3745034641416716,9.486841509076537
10.414999999999349,0.005835330822977014,0.35821664159454747,12.997634408564505
10.419999999999348,0.007117482993371381,0.3333920658168216,15.804044216526831
10.424999999999347,0.008009859166483098,0.30063003269315663,17.758436723608586
10.429999999999346,0.009119613953538316,0.26672246560358426,18.75950590611685
10.434999999999345,0.010308232039475436,0.23508014944721786,18.750951123896076
10.439999999999344,0.011254117314552862,0.1978572092985922,17.730165603886853
10.444999999999343,0.011935190221748373,0.2234515580851363,15.749794621520936
10.449999999999342,0.01233568309599687,0.2951171846137486,12.916455989924538
10.454999999999341,0.012446483736946463,0.35086535309802747,11.747356309647154
10.45999999999934,0.01226533023435802,0.38767002279465007,11.561330184870172
10.464999999999339,0.011796847471756548,0.40352830685577074,11.102664922699098
10.469999999999338,0.011052436236474549,0.39757170363640093,10.381895598617831
10.474999999999337,0.010050030207739062,0.3701165050918982,9.427031855006739
10.479999999999336,0.009219257047836322,0.32263964747482465,11.395562066363064
10.484999999999335,0.008199407355221958,0.30693021984071145,14.583456352211366
10.489999999999334,0.007854389202855968,0.33720513853647976,16.985295289778204
10.494999999999333,0.00852662083386432,0.3594119291557634,18.473821607618312
10.499999999999332,0.008743220788913071,0.37303196412650913,18.968129648524144
10.504999999999331,0.008492020496622907,0.3777435644677274,18.437958669563116
10.50999999999933,0.007786104481864474,0.3734283014436677,16.91046860727583
10.514999999999329,0.006663147634121977,0.36018261053233486,14.467637393338235
10.519999999999328,0.005183386717555194,0.3383240813330308,11.242907617935852
10.524999999999327,0.006761816469484429,0.37472704591480177,7.411764917003393
10.529999999999326,0.008210568568693802,0.4012030587847213,8.148746927845403
10.534999999999325,0.009456840026076321,0.4060783963658165,9.337016187378001
10.539999999999324,0.010471095997745745,0.38907399872158765,10.299698411495159
10.544999999999323,0.011229386987188531,0.35107747850976445,11.017984145895927
10.549999999999322,0.011713863803781715,0.2941001470334236,13.165578364972363
10.554999999999321,0.011913191668681211,0.22118614070035417,16.000024168256047
10.55999999999932,0.011822838079626344,0.13624629825738035,17.975912808934225
10.56499999999932,0.011445153032807834,0.13649137085955854,18.98900490477385
10.569999999999318,0.010853280103214654,0.16522128419902263,18.985643271022898
10.574999999999317,0.010365646658608025,0.2090293910899608,17.963530203359266
10.579999999999316,0.009623067806606864,0.25472322974966,15.97450671653659
10.584999999999315,0.008641259888358259,0.3010655950745479,13.123474332455595
10.589999999999314,0.007441777003343836,0.3577862196275417,9.564775488742434
10.594999999999313,0.006051522961739838,0.39542295073429945,6.405879941497161
10.599999999999312,0.00450212890253649,0.4119412170519465,7.229134045061545
10.604999999999311,0.002829219069585766,0.40644236467421463,7.719805076774567
10.60999999999931,0.0037013556792929365,0.3792167733278068,7.573306014372599
10.61499999999931,0.005478710495903363,0.365209392942625,11.423341990199004
10.619999999999308,0.0069743077280945845,0.3586498620787078,14.661223512304003
10.624999999999307,0.008108272670176253,0.3462678855953292,17.115377402724224
10.629999999999306,0.008820052873929436,0.32567682926217456,18.657579814808052
10.634999999999305,0.00959271941401733,0.2973109008177677,19.203734825546103
10.639999999999304,0.010701553830655052,0.26178960581923044,18.725095552790073
10.644999999999303,0.011566192572867858,0.2198853100271416,17.252079610697404
10.649999999999302,0.012166503408007862,0.26207378405944665,14.866051522396582
10.654999999999301,0.01248842297103834,0.32846805622328645,11.691657343139857
10.6599999999993,0.012524295183559407,0.3774372651229106,11.5503969395487
10.6649999999993,0.012498378609252401,0.4063788038915739,11.584681166277472
10.669999999999298,0.012394988045002955,0.4137473220642395,11.601720092560907
10.674999999999297,0.012003302128440915,0.3991349484122448,11.339135018617801
10.679999999999296,0.011329876343853166,0.36330687437095976,10.79838875431867
10.684999999999295,0.010388148064704124,0.3081746558953657,12.83342521283268
10.689999999999294,0.009198164797099506,0.31290274927493417,15.76078280750622
10.694999999999293,0.008147723200359445,0.34153343658175145,17.84537219366674
10.699999999999292,0.008680965231582002,0.36214345381449653,18.97490148399445
10.704999999999291,0.008746193921454551,0.37425282154196793,19.086959454348975
10.70999999999929,0.008340681798593515,0.382796655111474,18.169709644684307
10.71499999999929,0.007487048507273184,0.3921224359665658,16.273008209772772
10.719999999999288,0.006232059749820728,0.39221851900893334,13.501148516912888
10.724999999999287,0.00541774542840046,0.3830469397512024,10.002207356379143
10.729999999999286,0.0070217451017476696,0.38689627719650527,6.7335620480771325
10.734999999999285,0.008458460007774123,0.40583583141889096,8.035656766897047
10.739999999999284,0.00969553119008716,0.4027649904933527,9.138120212276966
10.744999999999283,0.010705526659008792,0.3778478824005758,10.02021695117549
10.749999999999282,0.011466509836431516,0.33243438351775534,11.03594568579685
10.754999999999281,0.012026065831122978,0.2689821716691226,14.34493905365679
10.75999999999928,0.012677973313746307,0.19093458649105235,16.874095017571985
10.76499999999928,0.013036849501664291,0.10253508632758943,18.485705047813944
10.769999999999278,0.013093179540032793,0.12355608672446947,19.09661417231977
10.774999999999277,0.012844337974636352,0.14598676235423275,18.673760829191252
10.779999999999276,0.012294754749753691,0.19456217065223147,17.239020960011008
10.784999999999275,0.011456023781966617,0.2559168400305084,14.87627357238418
10.789999999999274,0.010346847438293423,0.3223913031017224,11.713511656101932
10.794999999999273,0.0089926879212347,0.371473438905167,8.588640050941306
10.799999999999272,0.0074252036474135846,0.4005268881375032,7.804848408439666
10.804999999999271,0.005681555578441892,0.4080037186969718,7.987310222861881
10.80999999999927,0.0038035485005221436,0.39351713401676874,7.368752020740505
10.81499999999927,0.004353778142041117,0.3999318947496473,9.178595576099795
10.819999999999268,0.0060058602921783865,0.4032504109029301,12.77811832672695
10.824999999999267,0.007342800303272358,0.39667625721246125,15.687910017376401
10.829999999999266,0.008292830033093845,0.38034384910111085,17.751706642120386
10.834999999999265,0.00880504082373174,0.35464280522828934,18.85970696776059
10.839999999999264,0.008852101934664592,0.3202027395685876,18.95282817516842
10.844999999999263,0.009248079435479808,0.2778680074302459,18.02669082024163
10.849999999999262,0.010399823537623918,0.22867394495578042,16.13334807516931
10.854999999999261,0.011406050325090438,0.28947341689543943,13.375082095351715
10.85999999999926,0.01212713360660015,0.3476601968976902,12.205690795543656
10.86499999999926,0.01254488944546806,0.3871436138916246,12.646609044034168
10.869999999999258,0.012648342007480775,0.4058043441192204,12.789615413221306
10.874999999999257,0.012433926448363155,0.40263202384775365,12.63305951037875
10.879999999999256,0.01190563577771913,0.37778630873839236,12.164283410248446
10.884999999999255,0.011075135476224652,0.3325909731282788,11.391914605198934
10.889999999999254,0.009961606490082014,0.269454677257761,14.275186840306562
10.894999999999254,0.008591281338158546,0.29826377413054317,16.808562417957866
10.899999999999253,0.008253063819548507,0.33951921085654146,18.44077291997584
10.904999999999252,0.008536657061479293,0.37257907002085594,19.081880984913813
10.90999999999925,0.008349626744470899,0.39658647153016235,18.69523454046855
10.91499999999925,0.007701521781378998,0.41090869563129934,17.29959330751312
10.919999999999249,0.00662676153669067,0.4151650900346833,14.97042389993653
10.924999999999248,0.005182784078346994,0.40924796997325397,11.834313077472137
10.929999999999247,0.0054162069334512085,0.3933179941529359,8.0582696291388
10.934999999999246,0.006939780539895339,0.4017887922700642,6.076002356075943
10.939999999999245,0.008513185455017018,0.4099517953905149,7.753487910669323
10.944999999999244,0.010073272869011175,0.3960722913061843,9.274216402437418
10.949999999999243,0.01140290376920328,0.3608806788384404,10.57112149278582
10.954999999999242,0.012469831946614279,0.30624964481866546,12.748672086649368
10.95999999999924,0.013248073774500282,0.23509887148719932,15.711637245937695
10.96499999999924,0.013718471103007734,0.1512403730944003,17.83176211118267
10.969999999999239,0.013869103256930354,0.11212913794903252,18.99683721197282
10.974999999999238,0.013695531993421705,0.12233350563007958,19.147954585811338
10.979999999999237,0.013200998142798103,0.13643933810904268,18.275483004156097
10.984999999999236,0.012396570926276045,0.21650001677514039,16.423844232756178
10.989999999999235,0.011301008488355435,0.29179340326202985,13.693510362000266
10.994999999999234,0.009940312130776617,0.35159937069856023,10.228876612612368
10.999999999999233,0.008347115843826972,0.39270421674402506,7.979572724862814
11.004999999999232,0.006559914915989417,0.41288887224309767,7.801143031306935
11.00999999999923,0.004622121860742641,0.41104795004703526,6.837885540760603
11.01499999999923,0.0030951543616433786,0.41613270762261184,6.917753472066135
11.019999999999229,0.0049203015757193136,0.42180345716966977,10.867206824314056
11.024999999999228,0.006477390755445276,0.41724989691755204,14.237118375303229
11.029999999999227,0.007683336836687716,0.40264137396357963,16.84145218244541
11.034999999999226,0.008473932481864363,0.3784207079522078,18.536047030335713
11.039999999999225,0.00880736251023113,0.34526040082768483,19.23295244646686
11.044999999999224,0.009046325021814757,0.3040246160244976,18.89505048911249
11.049999999999223,0.010445753592748673,0.25574681234908125,17.54191101301372
11.054999999999222,0.011589115734054389,0.24891435010149524,15.248767120822246
11.05999999999922,0.012450278980414104,0.3173804889527268,12.137688419670939
11.06499999999922,0.01300979007533803,0.36866769002152106,12.6349645770394
11.069999999999219,0.01325525565766814,0.4000380382693156,12.840289129259359
11.074999999999218,0.013181650540826734,0.4098222652096543,12.735769031886548
11.079999999999217,0.012791625556874442,0.3975029039187008,12.315351544711644
11.084999999999216,0.012095620531807462,0.36374840882202064,11.590334457041918
11.089999999999215,0.011111644373479989,0.3103795567397648,12.516230795476668
11.094999999999214,0.009864807087419795,0.27422756360868,15.527005467544695
11.099999999999213,0.008386668453791905,0.31702788984248853,17.701742923524623
11.104999999999212,0.00859157782782042,0.35187186480210314,18.923873699407302
11.10999999999921,0.008681935353810429,0.3779319186829163,19.12736497996263
11.11499999999921,0.008300538404467431,0.39461156393759006,18.302112393951532
11.119999999999209,0.007467736644003813,0.40155862224026945,16.49318001143692
11.124999999999208,0.006228152392553923,0.39867614152427905,13.79672614098074
11.129999999999207,0.004648301216515615,0.3861236889238257,10.3560756407508
11.134999999999206,0.004870522607088399,0.3879416487727968,6.356088894435335
11.139999999999205,0.006615833966443205,0.4088611404603981,6.925013806032021
11.144999999999204,0.008189150494801433,0.4077787342496446,8.403229219973447
11.149999999999203,0.009553693944970066,0.38474041103538675,9.67222026435814
11.154999999999202,0.010677877141303794,0.34098998349800863,10.729511994155004
11.1599999999992,0.011535890314433993,0.2788945779383008,14.108650229728662
11.1649999999992,0.012108217556568575,0.20180233029029168,16.728248829475692
11.169999999999199,0.012382042428547266,0.11989333479245266,18.44518745026782
11.174999999999198,0.01235154848970343,0.12507269807403434,19.165186951969744
11.179999999999197,0.012018168740431769,0.11770510127269722,18.851931412963875
11.184999999999196,0.011390678208367222,0.16614551685825618,17.526278399543692
11.189999999999195,0.010485029459116722,0.24810846173838122,15.25889955250702
11.194999999999194,0.009323934174787876,0.31668031798522533,12.169842946231173
11.199999999999193,0.007936248965604948,0.3681696646942131,8.42589573736434
11.204999999999192,0.006356236752366248,0.3998089324160272,7.531795560914822
11.20999999999919,0.00462271274454375,0.4099038242695068,6.267146609394857
11.21499999999919,0.002857916644795062,0.39792200769489205,4.600872019876272
11.219999999999189,0.0038802964850386075,0.38650404251080017,8.758871970380847
11.224999999999188,0.005570391168934974,0.38583512883801413,12.444096781595388
11.229999999999187,0.006953568878511446,0.37592484354133066,15.459650357613512
11.234999999999186,0.007955451064219136,0.3570874505973202,17.6438863221853
11.239999999999185,0.008522176713920918,0.32984155665361253,18.8776227589639
11.244999999999184,0.008623323558920818,0.2948863815873721,19.093476912191658
11.249999999999183,0.009449666305956225,0.2530895532242721,18.281854283040893
11.254999999999182,0.0105960552989333,0.2075924743471392,16.486002024998466
11.25999999999918,0.011492596430966118,0.2833146140018838,13.802853836899974
11.26499999999918,0.012118905715997306,0.34376359581886423,11.437966737121672
11.269999999999179,0.012460927654644733,0.38568578941226694,11.73716721202016
11.274999999999178,0.012511263754356695,0.4068225848267418,11.75743306851429
11.279999999999177,0.012269430793686214,0.40603299318315156,11.495016312144484
11.284999999999176,0.011741956976581012,0.3833628808308275,10.955071336753683
11.289999999999175,0.010942248385942115,0.3400393455828198,10.639785434031198
11.294999999999174,0.009890230397330406,0.2783935581177792,14.018529551985596
11.299999999999173,0.008611805521676293,0.27688881809036475,16.64458707343252
11.304999999999172,0.00851730363254387,0.3125598759119764,18.376320151640854
11.309999999999171,0.008853855429143763,0.340676815021084,19.122191185619144
11.31499999999917,0.008718761880349177,0.3606164542480149,18.84255274024084
11.319999999999169,0.008118926684499124,0.37195852935876933,17.55136686277698
11.324999999999168,0.007086192359984782,0.37449513575897697,15.318574120494274
11.329999999999167,0.00567562603793295,0.3682368197020629,12.26460450223542
11.334999999999166,0.003962572991488116,0.3686289808891645,8.550092777917259
11.339999999999165,0.005316075937184627,0.4009389961753379,7.130982722506598
11.344999999999164,0.006891483396464351,0.41178216409170926,7.971221558857936
11.349999999999163,0.00829684551404234,0.40057580109988344,8.1236849689185
11.354999999999162,0.009500323013061562,0.3679150563225596,9.210413009814378
11.359999999999161,0.010474896004853445,0.31554743313435746,12.328650391078234
11.36499999999916,0.011198925298714938,0.24628066700934523,15.378056058927244
11.369999999999159,0.011656583648829258,0.1638253059061896,17.604088382335718
11.374999999999158,0.01183817541794095,0.12564502605358538,18.88609127002583
11.379999999999157,0.011740410701510726,0.11304074829737662,19.15369948768744
11.384999999999156,0.011366578078402039,0.11636257412426311,18.39148211442124
11.389999999999155,0.010726495747224948,0.2039444841922819,16.64128191278701
11.394999999999154,0.00983622655360996,0.2805496598614688,14.000788354888398
11.399999999999153,0.008724743322294913,0.34208309456676245,10.612585527229614
11.404999999999152,0.007486539719964089,0.3852581937818962,7.1891040737076155
11.409999999999151,0.006071214676616274,0.40777669422838164,5.764502405304938
11.41499999999915,0.004512613335080467,0.408452834902383,4.268693168581464
11.419999999999149,0.0029464730595507222,0.38726525759067837,6.395541174512505
11.424999999999148,0.00477804334426562,0.3585237485784965,10.365419343640632
11.429999999999147,0.006353989495946847,0.35717013654738367,13.773481423595362
11.434999999999146,0.007590251275506755,0.34757361592794667,16.437117348582138
11.439999999999145,0.008421102052738955,0.3300114098026625,18.218044251676364
11.444999999999144,0.00880261527086877,0.3059768747849734,19.02080360444983
11.449999999999143,0.008714998372480368,0.27580997818772773,18.801167182341743
11.454999999999142,0.008756924254569448,0.23927062106919283,17.57458399555106
11.459999999999141,0.009822716893569056,0.23819659669771442,15.407966241175732
11.46499999999914,0.010661063807782607,0.30775853288114785,12.416808232198218
11.469999999999139,0.011253411774870275,0.3607075276652195,10.417432668784818
11.474999999999138,0.011586798452275237,0.39421866901403746,10.702876483674084
11.479999999999137,0.011654159601234977,0.40650766260908155,10.740898915104363
11.484999999999136,0.011454550907628895,0.39693046821605543,10.562167038026804
11.489999999999135,0.010993201248706015,0.3660189919782032,10.14182105197881
11.494999999999134,0.010281393970752643,0.31544745472019786,11.96883274519325
11.499999999999133,0.009336191842453632,0.2479495614186725,15.030324575417499
11.504999999999132,0.008179982585198912,0.25109688718039497,17.2765619661068
11.509999999999131,0.008424095741672834,0.28493783371704257,18.588080156610296
11.51499999999913,0.008577426275236,0.31215686457705893,18.895626279741684
11.51999999999913,0.008264744459398812,0.33215582032815844,18.182643187966132
11.524999999999128,0.007503623616572174,0.3445036837114529,16.48933166264096
11.529999999999127,0.006335818410542675,0.348942748009183,13.908191599212458
11.534999999999126,0.0048249641058273,0.3453882383133664,10.582140928676845
11.539999999999125,0.003122998510225658,0.3759715389466852,7.519949928126357
11.544999999999124,0.004744848085287062,0.39882853892882725,8.02811250372275
11.549999999999123,0.006253122207142374,0.4001532760873511,7.729408478166428
11.554999999999122,0.00761330142928524,0.3798926358098645,7.20874068614756
11.559999999999121,0.008794313631247531,0.33914314713756016,10.115480478554076
11.56499999999912,0.009769261156454545,0.2800981949301713,13.502500404401978
11.56999999999912,0.010516029587570575,0.20593161528002962,16.16413145565531
11.574999999999118,0.011017774563099587,0.12099896807578928,17.956171337539747
11.579999999999117,0.011263261287109413,0.10362472530852436,18.77966622264581
11.584999999999116,0.01124708094666061,0.07594629854672175,18.58990528852682
11.589999999999115,0.010969767632750062,0.15459269667428047,17.39410762864703
11.594999999999114,0.010437773182445941,0.23621788003209357,15.255965714478895
11.599999999999113,0.009663310002967138,0.30508792260620166,12.292051315164864
11.604999999999112,0.00866407733056039,0.3574692755029895,8.660489843550693
11.609999999999111,0.007462854347462653,0.39051459508252095,7.025615538336692
11.61499999999911,0.006086999193754299,0.402426151907227,5.764361652837981
11.61999999999911,0.004567876090690044,0.3925556676116387,4.368533052932448
11.624999999999108,0.0037668611289973833,0.36143101790259774,8.294681423760883
11.629999999999107,0.005447257888869614,0.34502523584274325,11.986651318755213
11.634999999999106,0.0068320313545183085,0.34754097215313756,15.031743014496644
11.639999999999105,0.00784607626807211,0.3420610669188133,17.266430987436664
11.644999999999104,0.008434292402669949,0.328690828761117,18.56799964358701
11.649999999999103,0.008564564739344117,0.3077183582677915,18.868577393179912
11.654999999999102,0.008229477096066794,0.2796149167491815,18.152442362295012
11.659999999999101,0.008262094639945818,0.24501659225600655,16.457580376991036
11.6649999999991,0.009386405651511791,0.2756508035866058,13.875196978443054
11.6699999999991,0.010297176737941135,0.3366959318537451,10.542854328413158
11.674999999999098,0.010972962961071428,0.37965304903775904,10.101876745832161
11.679999999999097,0.01139763131242424,0.4021944108983017,10.522280678333377
11.684999999999096,0.011560726542732047,0.4030876862861619,10.705261264703184
11.689999999999095,0.011457698279918205,0.3822600616100974,10.646955691726129
11.694999999999094,0.011090028477849224,0.34081119872128834,10.343473632669044
11.699999999999093,0.010465283386959371,0.28095910203557606,13.673101345306941
11.704999999999092,0.009597017450650197,0.20591194912344982,16.34575981954421
11.709999999999091,0.008504486218944748,0.2398321574451666,18.142375834688288
11.71499999999909,0.008754727640187948,0.27707835947387827,18.966762370669635
11.71999999999909,0.008653443073396813,0.3080363131034033,18.773779895495448
11.724999999999088,0.008089112756146653,0.3319622303723427,17.572997911786548
11.729999999999087,0.007091368676819749,0.3482652654781119,15.426426213213203
11.734999999999086,0.0057131517419678176,0.3565256231747729,12.44980654579423
11.739999999999085,0.004027862494007924,0.36362702126482066,8.80553079247406
11.744999999999084,0.002857575891758693,0.39736457797954633,8.005353948722558
11.749999999999083,0.004557639752996502,0.40989640338206396,7.418340345008711
11.754999999999082,0.00615626930267868,0.4005602032846122,6.0929453385941255
11.759999999999081,0.007616152052365794,0.36987320670260404,8.217080326232029
11.76499999999908,0.008903219500323082,0.31949774524919633,11.933104255131507
11.76999999999908,0.009987436909201694,0.2521439425126874,15.008416839472668
11.774999999999078,0.01084347181864919,0.17142344849941096,17.279780765838613
11.779999999999077,0.011451240299074003,0.1057492523318845,18.628204213693287
11.784999999999076,0.01179633309023355,0.07721971517369043,18.98136970126492
11.789999999999075,0.01187032430227902,0.1056304068621043,18.32261354885347
11.794999999999074,0.011670937713110025,0.193159532648437,16.68903676568033
11.799999999999073,0.011202104193327046,0.27029366586575654,14.164616521248131
11.804999999999072,0.010473970532392882,0.3329141880264215,10.883592343018375
11.809999999999071,0.009502812541431338,0.37767266756416634,8.889927205112397
11.81499999999907,0.008310769899217035,0.4021703094035075,7.781643666792349
11.81999999999907,0.00692538606538758,0.4050955207725848,6.4813761197282815
11.824999999999068,0.005378975523701603,0.38630011671346387,5.908988907622812
11.829999999999067,0.004401776602826126,0.3468049789270087,9.889066206959631
11.834999999999066,0.005990644083619581,0.3577495830227316,13.33612000768967
11.839999999999065,0.007250625649579386,0.36221019772809904,16.060440151047395
11.844999999999064,0.008114554250390895,0.35806175315231786,17.9114741139458
11.849999999999064,0.008536780364711094,0.3454219519331769,18.789009459673455
11.854999999999063,0.008495642599594486,0.324615739999582,18.64872767659943
11.859999999999062,0.007994580887311843,0.2961590853064732,17.50136673369668
11.86499999999906,0.008027092295757064,0.2607575503828301,15.40692953146696
11.86999999999906,0.00922720348043728,0.29739111146715197,12.481234602471451
11.874999999999059,0.010207290603722517,0.3508144387225978,9.76201974502263
11.879999999999058,0.010944742281352077,0.38510012699316226,10.444052494115454
11.884999999999057,0.011422593008147191,0.39845511915000165,10.886027400259907
11.889999999999056,0.011629868483182879,0.3902110438093551,11.075932986874518
11.894999999999055,0.011561846695161786,0.3608550368033591,11.009668715077737
11.899999999999054,0.011220168475597952,0.31201124220586,11.608563027077127
11.904999999999053,0.010612805715445216,0.2463584203915012,14.652565698666962
11.909999999999052,0.009753936405213938,0.1960625481252966,16.89771745832327
11.91499999999905,0.008663712437538489,0.24002703894489238,18.227656026380973
11.91999999999905,0.008418185597021796,0.2783073985945171,18.57278775212273
11.924999999999049,0.008128480728440265,0.3099648229405974,17.914526693733162
11.929999999999048,0.007396956626609456,0.33421998273345793,16.289236180298367
11.934999999999047,0.00626369785224246,0.35047346423976716,13.78454855146273
11.939999999999046,0.004790456441693861,0.35831593925092314,10.538888505834988
11.944999999999045,0.0030572659024813336,0.3682236372536783,7.914652256799
11.949999999999044,0.002750773352709356,0.3914464479131507,6.9544217670592
11.954999999999043,0.004446984493605416,0.3934769709242615,5.298940766662178
11.959999999999042,0.0060344438302218015,0.37420434500678684,5.961670330742758
11.96499999999904,0.0074751460298220045,0.3346605027708392,9.855866563636619
11.96999999999904,0.008734815339234385,0.2769724827649117,13.219341438734876
11.974999999999039,0.009783732668681629,0.2045405477416587,15.873594176922648
11.979999999999038,0.010597449594746363,0.16685099614629992,17.675447332789947
11.984999999999037,0.011157327678972196,0.12531164900153322,18.525319584638467
11.989999999999036,0.01145088156877051,0.0808365299716749,18.374786499451996
11.994999999999035,0.011471969867913831,0.15139865140045664,17.23081703981003
11.999999999999034,0.011220861207920462,0.23235987207249725,15.153671229006926
12.004999999999033,0.010704198515294208,0.3008713575799186,12.250922973962183
12.009999999999032,0.009934857350191551,0.353189343758022,9.409902270984187
12.01499999999903,0.009207596543947627,0.3864350446915318,8.540655076649315
12.01999999999903,0.008353261136877524,0.3987611999318144,7.8253543062288875
12.024999999999029,0.007304405423332915,0.38945855731274975,6.931885346815317
12.029999999999028,0.006083259763323675,0.3589931706965912,8.15664437884914
12.034999999999027,0.005452258730817951,0.3391766150464746,11.846543889053846
12.039999999999026,0.006830032168814753,0.34925668278143074,14.897866052921701
12.044999999999025,0.00784036833939313,0.3509976063720109,17.147686792053
12.049999999999024,0.00842779444926106,0.34438184482709694,18.472370076647078
12.054999999999023,0.008559667812293736,0.3295882369111518,18.796012548296535
12.059999999999022,0.008228012017801387,0.31615063302191027,18.100270030766964
12.06499999999902,0.007449988197442408,0.30003948419268206,16.42233152883334
12.06999999999902,0.00810682439897446,0.2768372987082835,13.852056274509852
12.074999999999019,0.009205878232275283,0.3353976613329335,10.52941404680207
12.079999999999018,0.010083563973283895,0.3783113613122816,9.721056130657137
12.084999999999017,0.01071967674180534,0.4008550305025707,10.300747041192366
12.089999999999016,0.011099789900998388,0.40179361517189555,10.637387279503585
12.094999999999015,0.01121553789751249,0.38106030040446714,10.72290442843305
12.099999999999014,0.01106477991797223,0.33975959528584737,10.557760032330684
12.104999999999013,0.011053633063746597,0.28009594799817045,13.632534911146145
12.109999999999012,0.010788199198126056,0.20525721359305849,16.302958850899298
12.11499999999901,0.01026703513203559,0.20277701430771505,18.102547100109522
12.11999999999901,0.009499968331696834,0.2430945883432885,18.934840127393283
12.124999999999009,0.00859233222192811,0.2775784750900341,18.751603835062934
12.129999999999008,0.008027549273230806,0.3054279170182746,17.5607645490241
12.134999999999007,0.00702964079210843,0.32600629268882425,15.426952254903362
12.139999999999006,0.0056512303211703795,0.33886326675169015,12.465649311679744
12.144999999999005,0.003965380645035203,0.3637920243082406,8.832021953279286
12.149999999999004,0.0020617336589666218,0.39766677011920815,6.226768680304543
12.154999999999003,0.00312091570063237,0.4103244453675886,4.4016427273972205
12.159999999999002,0.004720730785049395,0.4010576674221752,4.509838776256716
12.164999999999,0.006208514910970935,0.37033518629209533,8.237087545622543
12.169999999999,0.0075500295278514,0.319780801773671,11.984666261747583
12.174999999998999,0.008714672861704563,0.2889253057168025,15.091802871064491
12.179999999998998,0.009676184558897214,0.25280629261844717,17.389099699051712
12.184999999998997,0.010413223929915663,0.21040487419725776,18.7542234971053
12.189999999998996,0.010913523358867716,0.16268820595301367,19.11478498968694
12.194999999998995,0.011597132217271308,0.11075533740842884,18.45149706848837
12.199999999998994,0.012013551558468599,0.1961889915016398,16.80043479758748
12.204999999998993,0.012150943483725444,0.27381587252210043,14.250317610597415
12.209999999998992,0.012004030272289029,0.33678293680515525,11.381376098809183
12.21499999999899,0.011574309802366912,0.38171016328797613,11.046174603278882
12.21999999999899,0.010870128672046186,0.4061829545387953,10.439980358412495
12.224999999998989,0.009906544194349403,0.4088960921684746,9.578400260066994
12.229999999998988,0.008704978036015382,0.3897207418532315,8.480288023413278
12.234999999998987,0.0072927344453415895,0.34970083419486364,10.007301895202609
12.239999999998986,0.006096046054905559,0.3341253968787473,13.473971232988763
12.244999999998985,0.007365502448181661,0.35841611311383464,16.21112694234053
12.249999999998984,0.008235171858434472,0.3742685741420748,18.069692166059614
12.254999999998983,0.008659209794247313,0.3812754310893781,18.950524635938404
12.259999999998982,0.008615886170470344,0.3792418666239249,18.80710809643615
12.264999999998981,0.008108705336079854,0.3681814384374447,17.652412869355988
12.26999999999898,0.007166122429396944,0.3483099851580663,15.552397731641978
12.274999999998979,0.007429371722421128,0.32005059157935456,12.621579905060688
12.279999999998978,0.00849170487056888,0.3545622655163426,9.020310829641591
12.284999999998977,0.00980438159268543,0.3894710933207016,9.247078445132004
12.289999999998976,0.010887203240520595,0.4033545298854852,10.337138522301304
12.294999999998975,0.011713093247062328,0.3955130452209192,11.187707117216409
12.299999999998974,0.012260944706634603,0.3664034397912402,11.773614758381225
12.304999999998973,0.01251622783482102,0.3176066301602323,12.075996387760446
12.309999999998972,0.01247144350544897,0.25174880287790374,14.721501032762681
12.314999999998971,0.012126386919159704,0.17236644793244343,17.031440945422112
12.31999999999897,0.011488245748116499,0.17381292455052158,18.42813198059174
12.324999999998969,0.010571497861026385,0.2121397118195141,18.833034997060903
12.329999999998968,0.00939754948432255,0.25927237320049773,18.221421724932437
12.334999999998967,0.007994182951497236,0.30207423992963967,16.6268477214286
12.339999999998966,0.006416199973881304,0.33764328016213035,14.135435727096068
12.344999999998965,0.0049293644597196845,0.3650875677678344,10.879905843639559
12.349999999998964,0.003174225673618853,0.3837222861801354,7.033276095900561
12.354999999998963,0.0013131007577846681,0.3980075991509031,3.4491217094145163
12.359999999998962,0.002145111388893778,0.4010541740389866,2.293838751642701
12.364999999998961,0.0036557010099024035,0.38328359152638275,5.885601236706511
12.36999999999896,0.005078972821438541,0.3643268575468969,9.870309464163517
12.374999999998959,0.006702743133794055,0.3365105075181876,13.319875538307192
12.379999999998958,0.008295235072088921,0.30048626779977183,16.049040580156507
12.384999999998957,0.009689223557560871,0.2571091263890201,17.910535499521377
12.389999999998956,0.010850520521481857,0.20740965917938411,18.8027007534238
12.394999999998955,0.011750459262199716,0.15256583710776728,18.676519840179065
12.399999999998954,0.012366562405774864,0.14932229424155644,17.53798173591792
12.404999999998953,0.012683077734019721,0.23179162106350767,15.44974899286329
12.409999999998952,0.012691389447026196,0.30173267027393347,12.526670691307665
12.414999999998951,0.012390285798746048,0.35536362027214796,12.19972419828249
12.41999999999895,0.011786054912178818,0.38977831958021525,11.64887082127278
12.424999999998949,0.010892394212361258,0.4031061918595234,10.811304279226446
12.429999999998948,0.00973012457996715,0.39461701441132996,9.705949832523904
12.434999999998947,0.008326723606312088,0.36476217321016924,8.357810657479984
12.439999999998946,0.006715701718511365,0.3411488597767804,11.788459534346078
12.444999999998945,0.006770658188915993,0.3708006747097471,14.88386704816862
12.449999999998944,0.007812648836703616,0.39144996951440353,17.17522163079977
12.454999999998943,0.00843106080097529,0.4025543780490083,18.538279052786663
12.459999999998942,0.008592276069676783,0.40380877544802596,18.89969155485893
12.464999999998941,0.008287368980150572,0.39516103060255686,18.241915153931654
12.46999999999894,0.0075325653188269065,0.3768122742600737,16.599929624873297
12.47499999999894,0.00671312233248593,0.34920655545462137,14.062363580921692
12.479999999998938,0.00836869922245412,0.3332446864741809,10.768002507660203
12.484999999998937,0.009824180315636461,0.3774066283939883,9.488089081813774
12.489999999998936,0.011043937787781266,0.40129172245203154,10.685304767238586
12.494999999998935,0.011998201366305736,0.4036218840634085,11.620324362964404
12.499999999998934,0.012663715008266054,0.38426466524930464,12.274036357099055
12.504999999998933,0.013024215044345479,0.3442407407476567,12.633779863782415
12.509999999998932,0.013070748425651327,0.2856713760006921,13.435864905364989
12.514999999998931,0.012801858526405224,0.2116686165519166,16.16523887414585
12.51999999999893,0.012223646325351997,0.14608080514029834,18.033878679086378
12.52499999999893,0.011349655024099528,0.20351571536069632,18.94046268821586
12.529999999998928,0.010200562160333488,0.2561214301457301,18.83426296437056
12.534999999998927,0.008803705684640683,0.30262116013140383,17.718913894110983
12.539999999998926,0.007192443576939067,0.3418836829492563,15.653588771089737
12.544999999998925,0.00580831037788651,0.3729609486910045,12.750863579811893
12.549999999998924,0.0041386970033030985,0.3951110685440006,9.1655366996726
12.554999999998923,0.0022430236891275673,0.4078067817007684,5.087653355583601
12.559999999998922,0.000948719531971309,0.4115049030651304,0.8077458101750766
12.564999999998921,0.0026050281641675777,0.40417644311829865,3.6652316875277866
12.56999999999892,0.004582926107265826,0.38730319317091705,7.873129415866322
12.57499999999892,0.006454925379857691,0.36149651586584486,11.662053334324513
12.579999999998918,0.008176360331208034,0.3270774646743071,14.827526164664294
12.584999999998917,0.009706289709147364,0.2848942865014381,17.200380583443195
12.589999999998916,0.011008468540097132,0.235977245878481,18.652743639210243
12.594999999998915,0.012052202547301872,0.181516357003424,19.10572132444568
12.599999999998914,0.012813060383282572,0.12282677738886241,18.536657854373374
12.604999999998913,0.013273417582124648,0.18671713820536978,16.97577620928941
12.609999999998912,0.013422850786820598,0.2654224187860478,14.506336022982422
12.614999999998911,0.013258395313748544,0.3298437935986918,12.44687934745037
12.61999999999891,0.012784647540390423,0.37654293549209616,11.96126922246437
12.62499999999891,0.012013666471731443,0.4030339567724576,11.187909455760451
12.629999999998908,0.010964663120048032,0.4079175822359048,10.146477149925774
12.634999999998907,0.009663513113523332,0.39095379381878964,8.862601018995754
12.639999999998906,0.00814210983214389,0.3530756087494108,9.591274132384969
12.644999999998905,0.0064375617523925325,0.35724926836486515,13.102487346741173
12.649999999998904,0.007125588747682963,0.38127396473718356,15.904373875129293
12.654999999998903,0.008033768219353516,0.3961074044931263,17.84615225511745
12.659999999998902,0.008501815452402898,0.4014407646154832,18.824479794026395
12.664999999998901,0.008505590104773137,0.3971952190128404,18.78850106549562
12.6699999999989,0.008045967351367582,0.38352011251095564,17.742102999112433
12.6749999999989,0.007148746830155352,0.36078780329399207,15.742935785350761
12.679999999998898,0.00688115842787349,0.3295882664144951,12.897777673854346
12.684999999998897,0.00843190540757323,0.3485502120818178,9.36143261045751
12.689999999998896,0.009771467046463875,0.3852687961848864,9.739207642234774
12.694999999998895,0.010869028603131204,0.4011031727440227,10.742247363673616
12.699999999998894,0.011699664527236583,0.3952159383706753,11.48439884033213
12.704999999998893,0.012244933780579424,0.3679296209244782,11.947622277670048
12.709999999998892,0.012493304862757399,0.3207179085988116,12.124063990708226
12.714999999998891,0.012440393283577163,0.2561357463259376,14.500063615138748
12.71999999999889,0.012089039717293007,0.17767891636734726,16.882668368298102
12.72499999999889,0.011449219899352728,0.15613574093467,18.352566936253325
12.729999999998888,0.010537766321500459,0.20844569020624526,18.829737597982763
12.734999999998887,0.00937791634823426,0.2554942991002446,18.2886226317896
12.739999999998886,0.007998721566220853,0.2961836137051297,16.759815486044072
12.744999999998885,0.006695155841997037,0.32957707437399497,14.323519803169944
12.749999999998884,0.005322896417857306,0.3549201538370532,11.11292031128269
12.754999999998883,0.0038248445185477195,0.37164682694456197,7.303187177971983
12.759999999998882,0.002236355879497124,0.3971258359574037,3.098492672618429
12.764999999998881,0.0008645673208466543,0.4016857431749748,3.1271159736754384
12.76999999999888,0.002728830721981815,0.38455129765380747,5.579248422877158
12.77499999999888,0.004519351461300895,0.34854689288996993,9.582875635697889
12.779999999998878,0.006193719290414554,0.3212002387555083,13.069688049543355
12.784999999998877,0.007712497265769302,0.2863109513864039,15.85054187372376
12.789999999998876,0.009040123449222046,0.25121697740215515,17.775565438589105
12.794999999998875,0.010145722198495773,0.21498742252676095,18.741613553288026
12.799999999998875,0.011003807004291542,0.1736616646640056,18.696221193486252
12.804999999998874,0.011594844526089164,0.14208308127149122,17.64149165859016
12.809999999998873,0.011905682956759494,0.2252756659471711,15.63554221168249
12.814999999998872,0.011929858715253648,0.2963325939077097,12.787228972533505
12.81999999999887,0.011667754556811719,0.3514215493254464,11.229661828323092
12.82499999999887,0.011126570158357293,0.38756489380434084,10.673715026919513
12.829999999998869,0.010320137417221448,0.402813225488386,9.862642946866607
12.834999999998868,0.009290425135164072,0.39634946743018207,9.008392298017677
12.839999999998867,0.00833391482818744,0.36850889626374467,8.11565905331858
12.844999999998866,0.00717573381652531,0.3207650893690921,11.437145591189637
12.849999999998865,0.006657188725638984,0.33580549472513804,14.602283619553901
12.854999999998864,0.007738110541559641,0.3546361391573246,16.98343890692578
12.859999999998863,0.008400168229784873,0.3650122247083437,18.449098997865377
12.864999999998862,0.008607199997111193,0.3667191561571825,18.922510441172456
12.86999999999886,0.008347539343738438,0.359753287771449,18.37666743164494
12.87499999999886,0.0076346621511135335,0.34431006562745115,16.83880097588458
12.879999999998859,0.006506496500101348,0.3207822268336394,14.391883958553711
12.884999999998858,0.007192845305344129,0.32856594647263887,11.165900082306813
12.889999999998857,0.008547122264985607,0.37481382822780607,8.19198624329927
12.894999999998856,0.009697828758295609,0.4009021486165886,9.263755125778568
12.899999999998855,0.010618340031252187,0.405414709052309,10.111738761692923
12.904999999998854,0.011287570109127716,0.38810206620816073,10.7177585638053
12.909999999998853,0.011690438803045728,0.3498832895825086,11.070565543900768
12.914999999998852,0.011818170503919983,0.29279809665374124,13.17457229744111
12.91999999999885,0.01166848207993766,0.21990652950129977,15.982054563536138
12.92499999999885,0.011245662437062478,0.1351273531933956,17.929615959626243
12.929999999998849,0.010606030651712811,0.1625761872963028,18.91383639443368
12.934999999998848,0.009948156845337229,0.2096659921155751,18.882263021211138
12.939999999998847,0.009053813392512877,0.25166874399228584,17.83558892569783
12.944999999998846,0.00794391335449107,0.2876108153931725,15.830818763083444
12.949999999998845,0.00664464393913821,0.3166696041266213,12.976105693026406
12.954999999998844,0.005186820633353742,0.35545280380542305,9.425221245000436
12.959999999998843,0.0036051118922155747,0.3924434220341527,5.371026046491737
12.964999999998842,0.0019371443331960617,0.4084520312689034,4.052160641794605
12.96999999999884,0.0015486010115575723,0.40264346815049806,5.949641807407181
12.97499999999884,0.0034936024823853293,0.3753571201806212,7.5586962931802475
12.979999999998839,0.005252189925257386,0.3317976859325734,11.35300899178202
12.984999999998838,0.006730780333003726,0.31312815322935783,14.534811343372445
12.989999999998837,0.007850891894588239,0.28718091188814465,16.93398370736796
12.994999999998836,0.00887111562717432,0.25459111241091076,18.4251786719553
12.999999999998835,0.009883010746727658,0.21613035459909866,18.929699074408436
13.004999999998834,0.010664415228857575,0.17269665381300953,18.42010499263895
13.009999999998833,0.01119847787548296,0.1788405767147035,16.926808901904153
13.014999999998832,0.011474068236940398,0.2574866586996318,14.531623892067815
13.01999999999883,0.01148597500168677,0.3222217001863434,11.362392702617376
13.02499999999883,0.011274290366614162,0.3696013564292753,10.518896486301431
13.029999999998829,0.010995903764818512,0.39711740491678316,10.258886963923782
13.034999999998828,0.010462573165974551,0.40332636603149047,9.754369113582609
13.039999999998827,0.009686864434754099,0.38791230709511887,9.012875989151212
13.044999999998826,0.00868719208373145,0.35171389964753513,9.24710455904979
13.049999999998825,0.007487376476971326,0.2966920069323826,12.76165252701168
13.054999999998824,0.007032921301467421,0.3112978978960521,15.587261785326206
13.059999999998823,0.007954772924583273,0.32905969026389187,17.572255437366266
13.064999999998822,0.008443211723603699,0.33913631213062273,18.614279195212802
13.06999999999882,0.00847254541410514,0.341307287840781,18.65600353524884
13.07499999999882,0.008041787256528106,0.3407104787016299,17.688409426848537
13.079999999998819,0.0071748056242214,0.3335031646254517,15.762933567804613
13.084999999998818,0.005919068131238311,0.31849187825206066,12.986661145766101
13.089999999998817,0.006325784835752945,0.34333028327109033,9.511655367236147
13.094999999998816,0.007608902412621087,0.38092682420415325,7.353246167169917
13.099999999998815,0.008709274865800871,0.3978622699262485,8.34111773567983
13.104999999998814,0.009602335996483082,0.39324057841910603,9.134329961083584
13.109999999998813,0.010268346098541993,0.36733689069769065,9.718386921882463
13.114999999998812,0.010692781272999536,0.32157986206848194,11.037230248823496
13.11999999999881,0.010866618139131598,0.25847010888604527,14.206671024151767
13.12499999999881,0.010861249732753585,0.18144584431548585,16.603034804072657
13.129999999998809,0.010708621260299811,0.09468955796195952,18.099479737338616
13.134999999998808,0.010301816542502543,0.13885718482439924,18.61443309351535
13.139999999998807,0.009650461517893302,0.18322910413120985,18.122029369522984
13.144999999998806,0.008769938830094498,0.2233375105939733,16.653154546174985
13.149999999998805,0.007681082050112718,0.2582531722172717,14.28872463144388
13.154999999998804,0.006409712600484533,0.31684181987468185,11.15638811600704
13.159999999998803,0.0049860153757771185,0.3632936047513529,7.424325834661724
13.164999999998802,0.003443794136375049,0.39008964247911965,4.852825962785337
13.1699999999988,0.0018196508878624775,0.39579860409759776,6.546852958868429
13.1749999999988,0.002363047211754634,0.3801232563780902,7.588175153355462
13.179999999998799,0.004173128108777285,0.34390910243098544,9.226027100093022
13.184999999998798,0.005755666910776557,0.3217228065928862,12.695046524806937
13.189999999998797,0.007025099781743282,0.30319013096012243,15.480828815502795
13.194999999998796,0.00791271970120889,0.2775899008545884,17.433368084368688
13.199999999998795,0.008370379262831792,0.2455460580698957,18.44609227059575
13.204999999998794,0.009145306001806476,0.2078198084575231,18.463656175603745
13.209999999998793,0.009939653805931314,0.16528901204804386,17.48292260198913
13.214999999998792,0.010504007516886805,0.21805099334143294,15.554182263145075
13.219999999998791,0.010825284466428177,0.2888885585715668,12.780843828909068
13.22499999999879,0.010947835464391523,0.3441192115927485,10.278866726776211
13.229999999998789,0.01091410825498331,0.3807294567511269,10.265260146557628
13.234999999998788,0.01062523646849151,0.39671171903442426,10.013745313483813
13.239999999998787,0.010087470524873922,0.391172882072688,9.530314366602644
13.244999999998786,0.009312830501109813,0.36438180580768237,8.825478776755778
13.249999999998785,0.008318844053543736,0.31775945098960207,11.208270435456036
13.254999999998784,0.007128166068888678,0.27223450256523474,14.374353637824985
13.259999999998783,0.007636121403976874,0.29923848509642703,16.767248747656183
13.264999999998782,0.008296965784944293,0.3194093229508088,18.256758171715013
13.269999999998781,0.008507547254848466,0.33225891102971433,18.761300679036218
13.27499999999878,0.008255424899000028,0.3384364366447488,18.25325259063347
13.279999999998779,0.00755311886848204,0.340115576067824,16.76158208682789
13.284999999998778,0.006437416733193646,0.33393515677215596,14.366959998978398
13.289999999998777,0.004967391585917515,0.3259589542455247,11.19617983325581
13.294999999998776,0.006316760510472527,0.37249436945629316,7.417986251051953
13.299999999998775,0.007647965102026607,0.3991271036528634,6.89978786181719
13.304999999998774,0.00880768075476451,0.404401552818729,7.978896494572781
13.309999999998773,0.009769089394988958,0.38801644533421376,8.871541151191357
13.314999999998772,0.010509985444735945,0.35082789276486437,9.560035679439789
13.319999999998771,0.011013257873324904,0.29480419730910085,12.962772387142046
13.32499999999877,0.011267278043530764,0.22293142321102877,15.786337252087428
13.329999999998769,0.011386678027398957,0.13905198606334399,17.765437606987216
13.334999999998768,0.01127000434869453,0.08937122287302499,18.793291634102857
13.339999999998767,0.010897808359809634,0.12553463107901408,18.813957341262114
13.344999999998766,0.010278558069353754,0.1715631713350769,17.825270207932824
13.349999999998765,0.009426507767511746,0.2222255954103939,15.880556615915403
13.354999999998764,0.00836138304104326,0.2946319226903393,13.081974296063365
13.359999999998763,0.007107965381950903,0.3512792024188325,9.576937595334421
13.364999999998762,0.005695547781691316,0.3891118644786551,5.678060946362702
13.369999999998761,0.004157222104772946,0.40609601600876866,7.09665652728259
13.37499999999876,0.002529059509785712,0.4013222026863816,7.805904105422883
13.379999999998759,0.003238524891751034,0.37505096067716076,7.734636911714219
13.384999999998758,0.004997899303343555,0.3376601785287421,11.179424595636643
13.389999999998757,0.006481542202995513,0.3282352600090057,14.396754627935815
13.394999999998756,0.007610095377936743,0.3111294103783278,16.84142210221037
13.399999999998755,0.008323260198079142,0.2867466184797576,18.382537935459517
13.404999999998754,0.008583040683083663,0.25566566407977787,18.934995648934088
13.409999999998753,0.00857000105262798,0.21862836163599048,18.468005718110927
13.414999999998752,0.009423804144262528,0.17689306093385293,17.009889296552473
13.419999999998751,0.010048544552011629,0.25602167896410655,14.641557915549638
13.42499999999875,0.010429869160056057,0.32134942038711156,11.489538653652902
13.42999999999875,0.010702267893431028,0.3693792497368815,10.37667209186168
13.434999999998748,0.010721232222614896,0.397539611796401,10.405847663046973
13.439999999998747,0.010481592258420191,0.4043216166652881,10.188319522617485
13.444999999998746,0.009988768061781225,0.38935954565406006,9.726990482802105
13.449999999998745,0.009254238294346758,0.3534496125097238,9.208094643241138
13.454999999998744,0.008295311772170692,0.29851033809695826,12.767615121865608
13.459999999998743,0.007247520858677338,0.26431995469302616,15.640967940202211
13.464999999998742,0.008176757943014663,0.2916752591185198,17.672202919255692
13.469999999998741,0.008670135245434281,0.31206312147737464,18.75219132812239
13.47499999999874,0.008701022952767295,0.32568713551355744,18.821749638359268
13.47999999999874,0.00826770795196428,0.33568224290954596,17.87674269692685
13.484999999998738,0.007393494092139018,0.33768618011428536,15.96858241134962
13.489999999998737,0.006125432185542158,0.33165374067054454,13.201779963832221
13.494999999998736,0.004631430200717736,0.34739479014004515,9.726002376844745
13.499999999998735,0.006064946156394643,0.38602526041635266,5.726185733678548
13.504999999998734,0.007357139879207293,0.40388640662038927,6.913819440574359
13.509999999998733,0.008477520364121697,0.4000209939461413,7.975142084832444
13.514999999998732,0.009399704794307177,0.37464582242409467,8.847265146389756
13.519999999998731,0.010102008430701675,0.32913815544318265,11.017436001181725
13.52499999999873,0.010620453004494218,0.265959326245021,14.254095678083475
13.52999999999873,0.010987967302368031,0.18851351456381812,16.724228994398345
13.534999999998728,0.011097732270106235,0.10096719741948014,18.2942978633376
13.539999999998727,0.010946655620450385,0.09788681313499918,18.8777096888189
13.544999999998726,0.01053775536257462,0.13014463051584851,18.44370612903573
13.549999999998725,0.009880154512390573,0.17516368116475237,17.015805274257627
13.554999999998724,0.008988916506063866,0.2531375047087437,14.673140803730428
13.559999999998723,0.007884727124891857,0.31867580934436124,11.54218105051716
13.564999999998722,0.0065934149474142925,0.3670048236549215,7.789424673707327
13.569999999998721,0.005145314903330102,0.3955197100602322,7.428027824579609
13.57499999999872,0.003574523172739989,0.40267921438464505,7.830844574936298
13.57999999999872,0.0023285086611488357,0.388086090701779,7.448598950877928
13.584999999998718,0.004180005828086956,0.352512776073485,9.144804536823358
13.589999999998717,0.0058059487225174886,0.3405691024363874,12.714553213074348
13.594999999998716,0.007118289905724931,0.32984376929586184,15.60236283272456
13.599999999998715,0.008045819965466855,0.31139153233992417,17.650500875962152
13.604999999998714,0.008538030919737044,0.2856596879302115,18.747692290831544
13.609999999998713,0.008567865982994983,0.253262755718392,18.834257104337997
13.614999999998712,0.008929318668325366,0.21496726623865528,17.90550870231184
13.619999999998711,0.009750957750911424,0.21765518529128403,16.012629970604213
13.62499999999871,0.010491158872536899,0.2908295316449765,13.257108570873374
13.62999999999871,0.010987822780678719,0.3484459854951663,10.25832627571833
13.634999999998708,0.01122953782247691,0.38741306166133954,10.476103561905218
13.639999999998707,0.011210885383939561,0.40563980788232973,10.448263454159948
13.644999999998706,0.010932564512663587,0.40213477010432797,10.17431876795623
13.649999999998705,0.010401375669701774,0.3770612897331119,9.661974479663787
13.654999999998704,0.009630070787046198,0.3317469231299562,10.991710595106435
13.659999999998703,0.008637072797654702,0.2686119504642006,14.262278471196375
13.664999999998702,0.00782421660461762,0.2610600817710856,16.772132545911983
13.669999999998701,0.008559597958590582,0.2876299148319769,18.38758915555749
13.6749999999987,0.008841415796809375,0.31177073500623764,19.02285166364307
13.6799999999987,0.00865401074928502,0.32859216575294053,18.6423692360634
13.684999999998698,0.00800677403189592,0.33772651666141396,17.265477042592355
13.689999999998697,0.006933687755182092,0.33898171064470595,14.962606170711192
13.694999999998696,0.005491576223934569,0.33233820470699404,11.853351341378948
13.699999999998695,0.004217963220935655,0.3718359806683256,8.104139670102626
13.704999999998694,0.005616493283521088,0.4018858148221059,5.5211835617679705
13.709999999998693,0.006877816974000711,0.41045792538239845,6.691616612819467
13.714999999998692,0.00797283423368984,0.39706850526901566,7.704612139073427
13.719999999998691,0.008933172127255109,0.3624061237521365,8.996134328691356
13.72499999999869,0.009782867204029877,0.3082960195886272,12.647907336712835
13.72999999999869,0.010399845646935853,0.23760614515388379,15.628042437185142
13.734999999998688,0.010769373587634136,0.1541014388178699,17.77384009722111
13.739999999998687,0.010882339467449634,0.10649335497976656,18.96683284099588
13.744999999998686,0.010735539728847979,0.12139974660539357,19.141999900688045
13.749999999998685,0.010331844104569653,0.12660142522767773,18.28964003763248
13.754999999998685,0.009680192341857857,0.2134615450068932,16.45440787405442
13.759999999998684,0.008795424390958949,0.2889303191994847,13.73310180298277
13.764999999998683,0.007697972995667371,0.3489391777765434,10.27044162784121
13.769999999998682,0.006413414397698706,0.3902468293762046,7.745359560055193
13.77499999999868,0.004971875926023246,0.4106169648298558,7.89647243703785
13.77999999999868,0.003407314692421301,0.4089427609802472,7.260198293283287
13.784999999998679,0.0032242529987860998,0.38530568737602944,6.889712732406739
13.789999999998678,0.005039916998766808,0.34221462638833716,10.848597171497767
13.794999999998677,0.006587990213585408,0.3394693656567239,14.22761855053692
13.799999999998676,0.007785135747970871,0.32862968791022146,16.844594596732666
13.804999999998675,0.008566816056159216,0.30994138587578074,18.557628447539535
13.809999999998674,0.008890785349791808,0.28384160324501745,19.27391083711164
13.814999999998673,0.008739381471450425,0.250945273941905,18.954257394076542
13.819999999998672,0.008890634868875294,0.21202985201701513,17.61464697578503
13.82499999999867,0.009840736003555322,0.25184570714427706,15.328337129161152
13.82999999999867,0.01056054363734948,0.32071496397085264,12.219365601469663
13.834999999998669,0.011032441192012304,0.3724032426782011,10.452537766915691
13.839999999998668,0.011244521974697903,0.40414663603067946,10.691793165362657
13.844999999998667,0.011190827284674,0.4142610585416203,10.687951535880872
13.849999999998666,0.01087147676067613,0.40223011584940066,10.437237198712278
13.854999999998665,0.010292732975187445,0.3687220766333143,9.940495905226458
13.859999999998664,0.009466957528188949,0.3155495769329865,12.482518815439649
13.864999999998663,0.0084124038368518,0.2455717535387482,15.508610542256278
13.869999999998662,0.00818680408909155,0.2710868841929377,17.703498130969425
13.87499999999866,0.008770436913718286,0.3032104721878585,18.948435413300214
13.87999999999866,0.008886706089062769,0.32830374204539686,19.177814927594035
13.884999999998659,0.008529936135564128,0.34572189201088044,18.38219534641458
13.889999999998658,0.007719739738974461,0.35499048496034474,16.606025274144077
13.894999999998657,0.006499915464789308,0.35582222141359743,13.946214520577845
13.899999999998656,0.00493608037151852,0.3481360531459441,10.543276738404117
13.904999999998655,0.004629001723355685,0.3861792293924748,6.576861927429728
13.909999999998654,0.006136105960235862,0.4082723450575332,5.899250480521338
13.914999999998653,0.007597111520797886,0.40848529698371433,7.316043153624664
13.919999999998652,0.008883452419152796,0.3868117499237198,8.292299190918637
13.92499999999865,0.009963721021015419,0.344411385290848,10.46593059727253
13.92999999999865,0.01081140642381078,0.28355573013022933,13.87633146697551
13.934999999998649,0.011405508709869455,0.2075116546108323,16.541298740783972
13.939999999998648,0.011731015625599424,0.12036157643952118,18.31873252774123
13.944999999998647,0.011779253439332981,0.12573113391568175,19.112730845942572
13.949999999998646,0.011548080658538915,0.1232725969289314,18.878891381393224
13.954999999998645,0.011041951525016525,0.15946857476867493,17.63008350086802
13.959999999998644,0.01027189263267536,0.24212694818761757,15.433265866709714
13.964999999998643,0.009255337729770817,0.3117299013958486,12.407915416583284
13.969999999998642,0.008015786161559325,0.3645460997165415,8.718563911694314
13.97499999999864,0.006582292897390059,0.397748785938766,7.838394980274621
13.97999999999864,0.004988779143147069,0.4095576999564076,6.861183256252978
13.984999999998639,0.0032731940947680954,0.39933511870821414,5.197443890923825
13.989999999998638,0.003898388054134381,0.36762719497241186,8.433081965182774
13.994999999998637,0.0056077950346094235,0.3684819111397777,12.163557136734477
13.999999999998636,0.007017180837351316,0.36277289358537934,15.243192198654286
14.004999999998635,0.008050589248463292,0.34831069806352233,17.506441126746203
14.009999999998634,0.0086521979309363,0.32544840678084686,18.83188213009101
14.014999999998633,0.00878930699872547,0.29475385266915666,19.149732962488976
14.019999999998632,0.008577983779004959,0.2569882871286709,18.441237288440835
14.02499999999863,0.009753152586156775,0.21307923573206636,16.7440553409801
14.02999999999863,0.010696090561013314,0.2792271388666598,14.148455202179509
14.034999999998629,0.011384363436422951,0.3415744779368545,10.905648027588656
14.039999999998628,0.01180160305595626,0.38567555881558,11.306569609724518
14.044999999998627,0.011937847764534592,0.4091499275119621,11.440398505760363
14.049999999998626,0.011789772832552834,0.41072985549024615,11.303775868371156
14.054999999998625,0.011360777278772797,0.39031927277045303,10.899349245223862
14.059999999998624,0.010660937808792232,0.34898973906786807,10.275404754764596
14.064999999998623,0.009706828920351523,0.28892924296659,13.748793685747161
14.069999999998622,0.008521169779337751,0.2590028718734572,16.488906723295088
14.07499999999862,0.008496239061228397,0.29654012955127407,18.346761636117645
14.07999999999862,0.008892670944245316,0.3269446374294901,19.220793917539588
14.084999999998619,0.008815031648638403,0.34945579689568407,19.063039108619424
14.089999999998618,0.008267219896508256,0.3635025172086942,17.88072090894238
14.094999999998617,0.007278411219372424,0.36871674850271263,15.735027074408256
14.099999999998616,0.005901535599979196,0.3649453686827571,12.739935703427173
14.104999999998615,0.004210452908137714,0.3654642493856621,9.058233110460064
14.109999999998614,0.00506567672357965,0.4003297072132311,6.60624142326741
14.114999999998613,0.006647283632477933,0.4136818162704884,7.793624077173005
14.119999999998612,0.008063839815695743,0.40479421122019604,8.204273031483815
14.124999999998611,0.009280923041507022,0.3741373188327031,9.215839503717714
14.12999999999861,0.010269016820875608,0.32335389708032997,12.058547368404447
14.134999999998609,0.011004187224741183,0.255170492546103,15.21481444528693
14.139999999998608,0.011468605080954044,0.1732476371376082,17.554327718111708
14.144999999998607,0.011650914608801457,0.12819105897347183,18.95140041255072
14.149999999998606,0.01154645845222019,0.1212696154076957,19.331182055505717
14.154999999998605,0.011157402572511282,0.10873024046347911,18.67165838621275
14.159999999998604,0.010492800084892659,0.19792928839935273,17.007960788137463
14.164999999998603,0.00956849505405904,0.2765242966198212,14.430042500050556
14.169999999998602,0.008406772655732224,0.340291181734031,11.07671154563394
14.174999999998601,0.007035800066854275,0.3858067506152469,7.686221626229676
14.1799999999986,0.005488914616531703,0.4106319843262585,6.428787486632799
14.184999999998599,0.004053338125532264,0.4134378820170366,4.528161045979781
14.189999999998598,0.0028838672767201455,0.39407726397302895,6.06602881636253
14.194999999998597,0.004753052291700629,0.3703510155534573,10.126179965177345
14.199999999998596,0.006372493220339849,0.3676535481744621,13.640665067886497
14.204999999998595,0.007655494005299944,0.35604282348581134,16.422912887712048
14.209999999998594,0.008533423971048656,0.3358280774320741,18.324840230513505
14.214999999998593,0.008959371825913946,0.3075294004709248,19.24454439261168
14.219999999998592,0.00891064198335411,0.2718573156885117,19.13450257228652
14.224999999998591,0.009509107396071815,0.22968105928523647,18.00399280317537
14.22999999999859,0.010538320122380443,0.23536341643180084,15.914967506848892
14.234999999998589,0.01131820938892336,0.3075936272441734,12.977116818100738
14.239999999998588,0.011829978254826781,0.36339845924605946,11.28953815752847
14.244999999998587,0.012061179434246031,0.3997896030026286,11.522969921329867
14.249999999998586,0.012006001867631438,0.41481837849324293,11.485121365228657
14.254999999998585,0.011665434770427816,0.40767990331374454,11.169112242459157
14.259999999998584,0.011047370147075884,0.37875066319209766,10.576258333584615
14.264999999998583,0.010166532175848111,0.32957453056779756,11.75401574913288
14.269999999998582,0.009044133791478752,0.2627879979000317,14.96059731797403
14.274999999998581,0.007940211767355293,0.2873035160465313,17.363988654367862
14.27999999999858,0.008623840994295794,0.3202144242603698,18.836561410493463
14.284999999998579,0.00884285637432231,0.34533725210661276,19.30110403088589
14.289999999998578,0.008585802045836954,0.36204952416180536,18.73238388963792
14.294999999998577,0.007866715757297882,0.369946645730973,17.159241798435676
14.299999999998576,0.006724406466823296,0.36885606522920206,14.664812823175904
14.304999999998575,0.005220409351097448,0.35884227215790215,11.38118459541689
14.309999999998574,0.00448767550988692,0.3805161479135994,7.482506602656731
14.314999999998573,0.006121857572369203,0.40716597588125747,8.124779165940542
14.319999999998572,0.0076038862408262615,0.4118543332065446,8.146434072676879
14.324999999998571,0.008899045788024067,0.39431290709036737,8.7270113712983
14.32999999999857,0.009977382638447852,0.35547442514998145,9.820903983975569
14.334999999998569,0.010814312159611152,0.29742763341637557,13.397812709467335
14.339999999998568,0.011391073693399558,0.22330537874200684,16.25108916028083
14.344999999998567,0.011695062942901662,0.137109785103754,18.22714829502105
14.349999999998566,0.01172005588705563,0.11293691539387299,19.219933477373008
14.354999999998565,0.011466339151636638,0.08867859244270941,19.176682725845414
14.359999999998564,0.01094078006989001,0.1456950009660176,18.101533726453134
14.364999999998563,0.010320867157508514,0.23108191547788373,16.053232078294034
14.369999999998562,0.009621148624423568,0.3040715502621736,13.142621835422531
14.374999999998561,0.008694557572138422,0.36074629311324025,9.527275305004613
14.37999999999856,0.0075624559340009044,0.39807050274525074,7.208409717413984
14.38499999999856,0.006251270043846268,0.4140526455715663,5.965267173097588
14.389999999998558,0.004791877883083568,0.40784243499362405,4.574059233682055
14.394999999998557,0.00365343249761716,0.37976390694954276,7.756878403729291
14.399999999998556,0.0054311010109135294,0.3543179090679951,11.627285028480244
14.404999999998555,0.0069219629602719525,0.3465824391214049,14.877601769383709
14.409999999998554,0.008045855525489016,0.3344264271159607,17.332612895372556
14.414999999998553,0.008742227140355134,0.32186828722598876,18.86052449602543
14.419999999998552,0.008973394513877365,0.30166033964318023,19.37901672760118
14.424999999998551,0.008726570351026397,0.27428403940709956,18.86008786848756
14.42999999999855,0.009139705295275045,0.24039058628523607,17.331542224425988
14.43499999999855,0.009998241932633992,0.2681548679025244,14.873289517549857
14.439999999998548,0.01061257001470977,0.3343798094212167,11.616687089927622
14.444999999998547,0.01096959661599936,0.3827623379648583,10.634046936635684
14.449999999998546,0.01106233294401505,0.41070473205935115,10.664936642257127
14.454999999998545,0.01095497126441285,0.41670578470430236,10.526661345681498
14.459999999998544,0.010850001688424022,0.4004338361863611,10.442727896584218
14.464999999998543,0.010485508894157594,0.36274275978838966,10.111597785568092
14.469999999998542,0.009869736610991794,0.30563719454646276,13.234362692471786
14.474999999998541,0.009016923609250237,0.24325300715909734,16.153464432403542
14.47999999999854,0.008388656427965196,0.2763029814541043,18.20817723297944
14.48499999999854,0.00888563570440368,0.3025969193791533,19.28595659351832
14.489999999998538,0.008906933895558961,0.32152802973637074,19.328883225299823
14.494999999998537,0.008451493622469082,0.3326701925333814,18.334431235110824
14.499999999998536,0.0075438502537809385,0.3359085720681174,16.354749600204126
14.504999999998535,0.006232825815857119,0.3422661423152254,13.497040642191747
14.509999999998534,0.004588893852567725,0.3580531599280081,9.916373173906562
14.514999999998533,0.004692138098564979,0.3973582960425924,8.182741508694406
14.519999999998532,0.006111683952870624,0.41533747988107933,7.9137165705119275
14.524999999998531,0.007378658823510467,0.41103773260661414,7.319195809820233
14.52999999999853,0.00846379144911054,0.38469946706996083,8.31428647835112
14.53499999999853,0.009342333935433704,0.3377448979389309,11.352412611004546
14.539999999998528,0.009994581079915531,0.2727057977633957,14.663227459210155
14.544999999998527,0.01040627247453516,0.1930869818873883,17.18429889119351
14.549999999998526,0.01085266083501523,0.10499673683490633,18.782473791849068
14.554999999998525,0.011086177026184706,0.07720953297892517,19.37329412992863
14.559999999998524,0.011053701985102905,0.09220079439010691,18.92498169109027
14.564999999998523,0.010755413985912976,0.17893740687707776,17.463957388860138
14.569999999998522,0.010197839443167923,0.26027542953124383,15.071251672806968
14.574999999998521,0.009393670320326834,0.3276432418017682,11.875873235403319
14.57999999999852,0.008361451311284372,0.37745940762910896,8.212591452544984
14.58499999999852,0.007125141314858891,0.40708539602362115,7.053037288187402
14.589999999998518,0.005713569574049278,0.41495926307404146,5.723213072542588
14.594999999998517,0.004159791447182609,0.4006782161480737,5.0621633282837974
14.599999999998516,0.0042667247459360035,0.3650213442412131,9.200585434460715
14.604999999998515,0.005954067790945014,0.34984470333668455,12.84160275706281
14.609999999998514,0.007324703643359706,0.35086674313146676,15.789359866506816
14.614999999998513,0.00830591001010966,0.3435920178540772,17.888395216284458
14.619999999998512,0.008845899171319923,0.32817897232980126,19.02860258727767
14.624999999998511,0.008916538419772182,0.3049722905430261,19.150385650443845
14.62999999999851,0.008514826369351644,0.27450063631584154,18.24683393148543
14.63499999999851,0.008952495831564045,0.23746720616332498,16.366432736783512
14.639999999998508,0.009785005117004298,0.28856041770828467,13.608893853654898
14.644999999998507,0.010640118376653386,0.3478848861383284,10.12089351836306
14.649999999998506,0.01124918017979015,0.38841384411496244,10.49780762098215
14.654999999998505,0.011597357012394354,0.4079780653854552,10.845431536929961
14.659999999998504,0.011676034334878042,0.40553704829840903,10.931250924442201
14.664999999998503,0.011483075410383774,0.38123811624114096,10.75386613066032
14.669999999998502,0.011022883205013392,0.336410226161408,10.922988879711067
14.674999999998501,0.01030627500645761,0.2734922194924325,14.24421378787965
14.6799999999985,0.00935019154329787,0.22474552326568942,16.790753550138618
14.6849999999985,0.008267784970619781,0.2550148958021403,18.42230707394024
14.689999999998498,0.008572939583582143,0.28985885228991376,19.05067452183618
14.694999999998497,0.008408292768150919,0.3178984572652291,18.644572425364316
14.699999999998496,0.007783845140182057,0.33848653257745315,17.228310633460488
14.704999999998495,0.006734514416383321,0.35114874381517786,14.880101640497502
14.709999999998495,0.005318194395893146,0.3555927676490551,11.729773556177236
14.714999999998494,0.003612554452034622,0.36572962944954024,8.13233221785774
14.719999999998493,0.004033504744504541,0.3949860216822548,7.523057720429693
14.724999999998492,0.005367409246799233,0.40274669180949507,6.166765594524364
14.72999999999849,0.0065706573281100146,0.3886184150436109,6.325193788156173
14.73499999999849,0.007881192144907236,0.35338704939958043,9.087985407362922
14.739999999998489,0.009066259178497125,0.2989686546352207,12.679372498381426
14.744999999998488,0.010035675491051183,0.228308641946699,15.584632577027863
14.749999999998487,0.010766589968096662,0.1452301224214718,17.646775233063746
14.754999999998486,0.01124177347678311,0.08766029018993586,18.755688962495395
14.759999999998485,0.011450060819536076,0.059211908433453045,18.850152487003587
14.764999999998484,0.011386639944236034,0.13172376952978526,17.923098648443474
14.769999999998483,0.011053152061252477,0.21659096854919158,16.023780959319755
14.774999999998482,0.010457639517811663,0.28978870627302183,13.25531413021296
14.77999999999848,0.009614368399019291,0.34734740564170735,9.768165617261747
14.78499999999848,0.008543510022034769,0.3861444059425284,8.127804140667271
14.789999999998479,0.0072706791336573495,0.4040735660118732,6.901822370148748
14.794999999998478,0.00582634780100672,0.40016126581113326,5.50862220275006
14.799999999998477,0.004245133058986662,0.3746140890832189,7.232921086198884
14.804999999998476,0.00513906723555105,0.34396249048672023,11.091025134815741
14.809999999998475,0.006624071152340703,0.3515653309656082,14.351727003381942
14.814999999998474,0.007755125746321438,0.3507283681088851,16.837412507849823
14.819999999998473,0.008470931970832181,0.3414629250752832,18.4131870961199
14.824999999998472,0.008732626128011118,0.3239818903830023,18.994144073002467
14.82999999999847,0.00852587474389054,0.2986980036360551,18.549811365800814
14.83499999999847,0.007861624200712073,0.26621806087071936,17.10609864466125
14.839999999998469,0.008526531425507095,0.2570364122689582,14.740467803413527
14.844999999998468,0.009552230254472941,0.32283824013667617,11.580263343674222
14.849999999998467,0.010345050063687904,0.3712787966913622,10.140839652385077
14.854999999998466,0.010885877184646214,0.39974651338409556,10.665598820626045
14.859999999998465,0.011161685582407863,0.40670413255795185,10.930958417830452
14.864999999998464,0.011165865857299463,0.3917655738830186,10.932984002922739
14.869999999998463,0.010898369630777461,0.3557182050033146,10.671313802502127
14.874999999998462,0.0103656940595352,0.30048519660044526,12.841599549889315
14.87999999999846,0.009580698095229209,0.22901446632929698,15.746692558570604
14.88499999999846,0.008562256159272218,0.22594399959612885,17.808999763820076
14.889999999998459,0.00861377453426204,0.2650362805614645,18.915513211857697
14.894999999998458,0.008643340835040378,0.29777173962535725,19.005041130912737
14.899999999998457,0.008204167699029647,0.3233657743634413,18.072714412570864
14.904999999998456,0.007319238618903335,0.3412149682167856,16.170481102441496
14.909999999998455,0.006035469945310773,0.35091169560231544,13.400658337148984
14.914999999998454,0.004421183862774283,0.3522457785397305,9.910987654291164
14.919999999998453,0.0025624609537079315,0.39149238962995203,6.970807756351977
14.924999999998452,0.004206266597153585,0.41006938399257314,5.328377064654686
14.92999999999845,0.005798421511182857,0.4067076743776983,5.373617725462881
14.93499999999845,0.007257043793341441,0.38156551764305985,7.168639701905181
14.939999999998449,0.008547583442298577,0.33597962430727807,11.06571763240794
14.944999999998448,0.009639552026294598,0.27238969515879374,14.370254026986318
14.949999999998447,0.010507247697832253,0.1942023695566927,16.90467621385479
14.954999999998446,0.011130352082937577,0.10904299134524481,18.53313433535145
14.959999999998445,0.011494405656671761,0.07548629212440772,19.168734002370766
14.964999999998444,0.011591161298124281,0.08350851880579573,18.775942455698523
14.969999999998443,0.011418792840761359,0.1738874152158203,17.37561610831209
14.974999999998442,0.010981922773189282,0.2549380975410569,15.044656821783239
14.97999999999844,0.010291477701318606,0.3223187059364254,11.907586536364729
14.98499999999844,0.009364402498776753,0.37242127782282636,8.614356948720275
14.989999999998439,0.008223223722910523,0.4025711252097292,7.506436723363652
14.994999999998438,0.006895473293320272,0.41116756380970493,6.224234200396976
14.999999999998437,0.005413002938443559,0.3977689674937509,6.404110671274856
15.004999999998436,0.003995064619005424,0.36312107319704195,8.987640488877114
15.009999999998435,0.005675652208793758,0.34280730077994814,12.615203702617716
15.014999999998434,0.007045133036397046,0.3470954198415168,15.559034055497012
15.019999999998433,0.008030897562632864,0.3432638186933206,17.661336405186205
15.024999999998432,0.008581080307497135,0.3314488449891695,18.81137815358122
15.02999999999843,0.00866730074997073,0.3119656043262133,18.94987567016224
15.03499999999843,0.008286135294121977,0.2853019123796175,18.070614237673475
15.039999999998429,0.007459256937779459,0.2521067227163297,16.22295993349597
15.044999999998428,0.008617830025391857,0.282566448350931,13.506563813889908
15.049999999998427,0.00957437363809845,0.3414991772222948,10.066527734656116
15.054999999998426,0.010302826556987965,0.38189226126960074,9.822992061597828
15.059999999998425,0.010787129467060556,0.4016082776880464,10.240406330753371
15.064999999998424,0.011016918674244938,0.3996246811860265,10.418387739010559
15.069999999998423,0.010987776223744885,0.37607761960798824,10.351883420737042
15.074999999998422,0.010701341756324218,0.3322615806479758,10.696730236709653
15.079999999998421,0.010165238751365446,0.27056709584674143,13.981063683784608
15.08499999999842,0.009392852525476293,0.1943470933208167,16.506937326585955
15.089999999998419,0.0084030018378896,0.21864452874395654,18.139991997402458
15.094999999998418,0.008540719110556648,0.25475944334929573,18.792007987108054
15.099999999998417,0.008385104887625712,0.284828479050829,18.426083721501485
15.104999999998416,0.007775073476030017,0.30818928438108395,17.06257475625364
15.109999999998415,0.006744239716212662,0.324333750077445,14.777142481459707
15.114999999998414,0.005348966721779095,0.3329192436053971,11.69341781942335
15.119999999998413,0.0036652957759165986,0.3613255790821904,7.979694108324143
15.124999999998412,0.0021548949576472654,0.3908720190490147,4.543718686123769
15.129999999998411,0.003753325757010247,0.39920746174172983,3.6296113596340587
15.13499999999841,0.005261551623622408,0.385903649794191,5.0301403640231355
15.139999999998409,0.0066447667113788975,0.35169665178281373,8.86597922685532
15.144999999998408,0.007871111414577789,0.29844713730146427,12.433826565684974
15.149999999998407,0.00891239767426157,0.22904591702910765,15.326661543258304
15.154999999998406,0.009744728706002572,0.14725945764600895,17.387922209981927
15.159999999998405,0.01034901597899063,0.10516528179888883,18.50533943225994
15.164999999998404,0.010711396071686488,0.06177089869490628,18.619675238376388
15.169999999998403,0.010823557560944032,0.1261524073115318,17.726794431764052
15.174999999998402,0.010682953545346818,0.21015519863752244,15.874322098632927
15.179999999998401,0.010292861747335758,0.282746339752246,13.162134347257128
15.1849999999984,0.009662302620163415,0.3399942415688442,9.737026379382646
15.189999999998399,0.008805828994880728,0.37879536251186713,8.294399355656418
15.194999999998398,0.007743178789311826,0.3970380258938746,7.310687089378207
15.199999999998397,0.00649881371454642,0.39372166777915585,6.933994605362336
15.204999999998396,0.005107800545226278,0.3690179294012449,7.871888625756029
15.209999999998395,0.0049373750014225,0.3242596530690957,10.862001782559432
15.214999999998394,0.006402693508642016,0.3275797274581714,14.094759517590157
15.219999999998393,0.007520399829793885,0.33351961764411225,16.56642895308619
15.224999999998392,0.00822952489430506,0.3317282663122053,18.145383638751344
15.229999999998391,0.008491135423183804,0.32224376085055956,18.745129470603224
15.23499999999839,0.008290450325927397,0.3052768494850126,18.331657601669416
15.239999999998389,0.007637672468957572,0.2812078037245925,16.926396880208017
15.244999999998388,0.007336264225599243,0.2534535444862582,14.603765115770418
15.249999999998387,0.008497920042607006,0.31868472104243906,11.488705506702443
15.254999999998386,0.009464503714398591,0.366775664456267,8.766001941050193
15.259999999998385,0.01021318259781068,0.39509893819094916,9.485380019755578
15.264999999998384,0.010726088210719823,0.40209411622963054,9.986961299911561
15.269999999998383,0.01099076410253719,0.38735641283769995,10.25745275510713
15.274999999998382,0.011000498932262124,0.3516589074160166,10.28870312466544
15.279999999998381,0.010754521968131049,0.2969095988459018,12.732236196573684
15.28499999999838,0.010258045104839453,0.22604454071678118,15.61378705507515
15.289999999998379,0.00952215491117737,0.1704203888959018,17.6563706343973
15.294999999998378,0.008633269605635688,0.21301037805898176,18.74828439842875
15.299999999998377,0.008657698438170549,0.2506898705108957,18.829109524825313
15.304999999998376,0.00821773956989832,0.2825572137762901,17.89552868105799
15.309999999998375,0.007336400103785702,0.30785788381873264,16.000728767523952
15.314999999998374,0.006060413605788063,0.3259995007930006,13.246538885500218
15.319999999998373,0.0044577231418898985,0.34931980139346697,9.77882800556192
15.324999999998372,0.002613853921591778,0.388227886725797,5.78440612737041
15.329999999998371,0.0025265536999132926,0.40638596362113827,2.6703018404486647
15.33499999999837,0.003687221591244903,0.402815620067943,3.8246047815385174
15.33999999999837,0.005210670202367203,0.3777082820910045,7.135973138731267
15.344999999998368,0.0066449331591362,0.3324148310528665,10.981407276524315
15.349999999998367,0.007925911281553353,0.2693625701789892,14.239497073027175
15.354999999998366,0.009023766256062705,0.2009911706429139,16.736202308735752
15.359999999998365,0.009912887798370278,0.16235399881541587,18.33840467148204
15.364999999998364,0.010572475430974516,0.11993665481246768,18.96079509041903
15.369999999998363,0.010987014917139605,0.0935645964496366,18.569835294749353
15.374999999998362,0.011146641398802514,0.17222860084189154,17.18649660455654
15.379999999998361,0.011047381646456305,0.2524041873035719,14.88373798011626
15.38499999999836,0.010691283522492767,0.31906934171728824,11.782323785370862
15.38999999999836,0.010086418573529717,0.36864549915752454,9.44903799874566
15.394999999998358,0.009246717477138983,0.39847259576037514,8.666013059160667
15.399999999998357,0.008191643440018857,0.4069547931851671,7.678606399637121
15.404999999998356,0.006994387246713968,0.39364271530375444,8.162459283774378
15.409999999998355,0.005758418275823109,0.3592548992234042,8.920115760074845
15.414999999998354,0.005695769209297514,0.3184595910582392,12.523607771439359
15.419999999998353,0.007049167322727011,0.33332267871080257,15.449166395532917
15.424999999998352,0.008021567907768206,0.3404094717271717,17.53766397962564
15.429999999998351,0.008561448769957899,0.3395732753642154,18.678661301459297
15.43499999999835,0.008640651772355304,0.3308442023319572,18.813470984224892
15.43999999999835,0.008255849101574732,0.3144324461861787,17.935304438570313
15.444999999998348,0.007428686852652006,0.2907252808208661,16.09345264138227
15.449999999998347,0.007191822586011695,0.2816751211593979,13.389237368582092
15.454999999998346,0.008401955081335353,0.3400739401987419,9.970290247155994
15.459999999998345,0.009416603312617828,0.38005390552193696,8.815197997071708
15.464999999998344,0.010212136578211073,0.3994999706208721,9.563485726123467
15.469999999998343,0.01076994982376355,0.39740729980070666,10.093033757206012
15.474999999998342,0.0110768873965007,0.3739308843876809,10.39055440991818
15.479999999998341,0.011125563732130984,0.33036964708589917,10.627727241020695
15.48499999999834,0.01091455807251744,0.2690985783229564,13.880700264156973
15.48999999999834,0.010448467233492608,0.19343863105395706,16.383278643443415
15.494999999998338,0.0097378442474119,0.16590262758135882,18.00440465488553
15.499999999998337,0.008799022337612192,0.20962613633853283,18.658804190534777
15.504999999998336,0.008343840672097133,0.24846544083585514,18.311751905079248
15.509999999998335,0.0077401784065445935,0.2814800777962229,16.982218947773614
15.514999999998334,0.0067176543323091325,0.3078664592713433,14.741699588643693
15.519999999998333,0.005331546077304097,0.32698504090935127,11.707850798073625
15.524999999998332,0.0036566947886856435,0.3596569264629864,8.041484193357727
15.529999999998331,0.00212327347057682,0.3896109005900916,3.9401054574845933
15.53499999999833,0.0031336987788937332,0.39852674117053644,3.544746819583076
15.53999999999833,0.0040561249609480715,0.38592521909870137,4.666839603427562
15.544999999998328,0.005018584688201788,0.352489385913993,8.707493670456087
15.549999999998327,0.006470843075833552,0.3000274091275368,12.277297044126826
15.554999999998326,0.007769147525881083,0.24883902146319956,15.182777875471267
15.559999999998325,0.008882631808340974,0.21439455990116352,17.266573366046913
15.564999999998324,0.009784723842438997,0.174810682328014,18.41681628122772
15.569999999998323,0.01045378044683468,0.13099451293546782,18.57148899181801
15.574999999998322,0.010873616900823025,0.12216536296460295,17.72449876360489
15.579999999998321,0.011033928868829541,0.20628622809361388,15.923847288000177
15.58499999999832,0.010930565941815878,0.279259584360089,13.265495218590495
15.58999999999832,0.010565630223736812,0.33715784671266363,10.19113140214432
15.594999999998318,0.00994743382188762,0.37687068507587435,9.614062847651258
15.599999999998317,0.009140239432585788,0.39627028269882325,8.912621605327221
15.604999999998316,0.008233137428053051,0.3943246240446965,8.093613758714138
15.609999999998315,0.007125563073616264,0.37114830424428225,7.616753495808402
15.614999999998314,0.005843451716054169,0.3279961770741259,10.537099835882637
15.619999999998313,0.006293787351105568,0.32350138994235494,13.782508648659453
15.624999999998312,0.007441828823881417,0.3380297781581267,16.288580397418936
15.629999999998311,0.008188110315600145,0.34448935090254906,17.921927525645106
15.63499999999831,0.008492348723214185,0.3427309135123351,18.59445800804393
15.63999999999831,0.00833797147034879,0.33279695418979566,18.267662134979556
15.644999999998308,0.00773304687532717,0.3149191546026518,16.957792466996345
15.649999999998307,0.0067098861969605555,0.2932215705372864,14.734526266229528
15.654999999998306,0.007513644738427168,0.31037253957200506,11.715475926629551
15.659999999998305,0.00870338102443808,0.3598210708689884,8.27118096328
15.664999999998305,0.009687581411192709,0.3899258196145323,9.219555941767231
15.669999999998304,0.010442673472867044,0.39906253540357894,9.947039166034314
15.674999999998303,0.010950564692202801,0.3867291368983884,10.438500500338398
15.679999999998302,0.011199026649676157,0.35357033869075305,10.6846417312749
15.6849999999983,0.011181949417421856,0.3013521929798635,12.233821812943454
15.6899999999983,0.01089949805118012,0.23287784299651457,15.155918180396736
15.694999999998299,0.010358139541714963,0.15183292125111902,17.262050517762194
15.699999999998298,0.009727601076520941,0.18137050344212055,18.4395252340005
15.704999999998297,0.008871087046620799,0.22478240046792483,18.626509344381045
15.709999999998296,0.008187947448585267,0.26287654399074534,17.814499633061384
15.714999999998295,0.007370366884945681,0.29474308238581426,16.04748893500251
15.719999999998294,0.006156979186238736,0.3196198996705445,13.419664107713567
15.724999999998293,0.004612598507366862,0.3382407905039743,10.072059675961283
15.729999999998292,0.0028197904812681026,0.3788824199355448,6.184592096667227
15.73499999999829,0.002459880370044517,0.39925793920421876,3.31885488232613
15.73999999999829,0.0032063521316298546,0.39827196805287646,5.446824143973108
15.744999999998289,0.00405720333216124,0.375972444729713,7.029204225237805
15.749999999998288,0.00562367652532364,0.33355406658416314,10.407546000294161
15.754999999998287,0.007057271915715315,0.2819636037413119,13.697345024037487
15.759999999998286,0.008324007467899363,0.25004643215168576,16.253400805891875
15.764999999998285,0.009393914285317856,0.21223350603199434,17.939595422857483
15.769999999998284,0.010241735961733788,0.16941813705085046,18.66426578153381
15.774999999998283,0.010847528345258348,0.12463925300641349,18.38725023587335
15.779999999998282,0.011197132580514177,0.15998150292843244,17.122967264360355
15.78499999999828,0.011282515475883194,0.24012841939306265,14.935799321492395
15.78999999999828,0.011101976584954133,0.3073260041400497,11.94323457730296
15.794999999998279,0.010684112835251862,0.35796514375176974,10.125328570645133
15.799999999998278,0.010151485682513893,0.38934690815943135,9.619374493730582
15.804999999998277,0.009379825331591944,0.39980528643624,8.881234151332265
15.809999999998276,0.008387465134563227,0.38879614937623763,7.930132580689066
15.814999999998275,0.007198031157001071,0.3569361126644583,8.397293045666837
15.819999999998274,0.005839862230080439,0.30863683899692795,11.99367184571298
15.824999999998273,0.0067907959478435915,0.32848139831374407,14.941277445112625
15.829999999998272,0.007783759288012835,0.3405005191469407,17.081649894963416
15.83499999999827,0.008355427134052342,0.34441633884856293,18.30270182572143
15.83999999999827,0.008475683068562834,0.34014289558251826,18.53885229823928
15.844999999998269,0.008138686015037352,0.32932651835596066,17.78007166355871
15.849999999998268,0.007363137365700564,0.31424467661319194,16.069259704455323
15.854999999998267,0.006310929064264186,0.2917499575880535,13.497543287022108
15.859999999998266,0.007626961588828632,0.33058896299444673,10.202681288329194
15.864999999998265,0.008758257815014906,0.3720017584827125,8.503688839648655
15.869999999998264,0.009678231184858839,0.39336903709829646,9.369858523731857
15.874999999998263,0.01036535432595869,0.3935608235632392,10.012630711942176
15.879999999998262,0.010803661295211894,0.37257543017745737,10.41546754784944
15.88499999999826,0.010983134935079089,0.3315410053826657,10.56976689412189
15.88999999999826,0.010899916414782728,0.2726685767209974,13.42159894778447
15.894999999998259,0.010655463398535306,0.1991382467441856,15.990533042940877
15.899999999998258,0.010223059207045797,0.14372443942810856,17.6971701306419
15.904999999998257,0.009547049563129227,0.18948803384035479,18.45128295834008
15.909999999998256,0.008643501030735856,0.23067420821991588,18.211854697090292
15.914999999998255,0.007788323474038932,0.26629820341687543,16.990253008997207
15.919999999998254,0.006813730022423439,0.29551390043788933,14.852493396674904
15.924999999998253,0.005472820374524918,0.31762629724267355,11.915351602939808
15.929999999998252,0.0038380208330015997,0.35227808078011363,8.33918637741513
15.93499999999825,0.001997537271033006,0.3839153440073395,4.315718913475458
15.93999999999825,0.001621998551279976,0.39485425431376,6.102849035716639
15.944999999998249,0.002752984487584627,0.3845049058607015,7.422063396015377
15.949999999998248,0.0043455109182043445,0.35341955462363517,8.234555904510438
15.954999999998247,0.005832111364826089,0.3032667759600319,11.826555560931308
15.959999999998246,0.007177598753494902,0.27254114757676656,14.782768268111976
15.964999999998245,0.008350334221233343,0.23943229943905273,16.944861558575756
15.969999999998244,0.009322963679424985,0.20074121408609807,18.194803052939243
15.974999999998243,0.010073015620846448,0.15738068473490494,18.464974525960905
15.979999999998242,0.010583365320588563,0.12173995755845268,17.73900263794077
15.98499999999824,0.010842575262669345,0.19707323147684014,16.056627326764495
15.98999999999824,0.010857777605069481,0.2709857274232975,13.508371051819068
15.994999999998239,0.010778021223554968,0.33032827199912457,10.228646778512255
15.999999999998238,0.010444088901104015,0.37188530880831167,9.916982793258699
16.004999999998237,0.009863699762550707,0.39339843274449826,9.371539972530279
16.009999999998236,0.009050404779645808,0.3936854207274054,8.604872357936733
16.014999999998235,0.008023269101809885,0.3727092561692838,7.633226500561785
16.019999999998234,0.006806450142192151,0.33158678513980966,10.154809024690223
16.024999999998233,0.006201678463599957,0.3043439389281741,13.468956978206116
16.029999999998232,0.007379776831189064,0.32105044397116733,16.057200313589508
16.03499999999823,0.008161849736884401,0.33007373139557444,17.78071629762064
16.03999999999823,0.00850540194929106,0.33419440298287884,18.54467801736087
16.04499999999823,0.008391604675719146,0.3332723718055306,18.305845424232228
16.049999999998228,0.007826335808341689,0.3244101704357204,17.079086143064927
16.054999999998227,0.006839846216150966,0.3078260792640301,14.931298259763167
16.059999999998226,0.006488398914764521,0.30458241204078856,11.977306979879602
16.064999999998225,0.0076979255421571425,0.35547349623137775,8.379126696356455
16.069999999998224,0.00872028257870063,0.3872542699126608,8.487591248221257
16.074999999998223,0.009531751636257562,0.39822919211335334,9.233153402817738
16.079999999998222,0.010113794213366655,0.3878218255613452,9.754338817799118
16.08499999999822,0.010481968655791483,0.35660448334179695,10.041382045864463
16.08999999999822,0.010755880093176228,0.3062638500228855,11.869049164668954
16.09499999999822,0.010774292652703667,0.23950840830635176,14.833127521945126
16.099999999998218,0.010536838415391192,0.15991726394328318,17.003330223283008
16.104999999998217,0.010049226611643022,0.15130377001097045,18.26382636578562
16.109999999998216,0.009323104026607342,0.19330097778096622,18.548005568416844
16.114999999998215,0.008375761212454884,0.2305698272629647,17.84046663340957
16.119999999998214,0.007442060721351436,0.2622468238370187,16.17661076313781
16.124999999998213,0.006274199498527838,0.287600418260497,13.645919799985453
16.129999999998212,0.004769755170494507,0.3309273234447171,10.384846470450677
16.13499999999821,0.00300917794863285,0.3733035652999608,6.5656502716471445
16.13999999999821,0.001655332737469078,0.39569209689666085,6.803607671841626
16.14499999999821,0.0019104156439263824,0.39687068387152225,7.863633930658762
16.149999999998208,0.002980037697814977,0.3767571768768882,8.134414729816283
16.154999999998207,0.004611716457582181,0.33641428189597417,10.01008277160063
16.159999999998206,0.006147746522655576,0.2918033141149732,13.35653233343094
16.164999999998205,0.007354337172903413,0.2635399565028274,15.98715893362873
16.169999999998204,0.008166599537715272,0.22900590532288098,17.7616754690708
16.174999999998203,0.008968778688509203,0.18901579159088597,18.58361840586712
16.179999999998202,0.009660741610978036,0.14450894015263321,18.408063239548454
16.1849999999982,0.01026333237618484,0.15220523488672316,17.243627178390323
16.1899999999982,0.01062013222446752,0.23319551422805188,15.152484558141838
16.1949999999982,0.010722330429434001,0.30169396276086435,12.246894854983694
16.199999999998198,0.010567152126858291,0.35401768727934346,10.220078759516982
16.204999999998197,0.010158014665861251,0.3873547158914837,9.835491292893236
16.209999999998196,0.009504484563811267,0.39991270820396396,9.211761223169086
16.214999999998195,0.008622060354173343,0.3910131119762151,8.364043474840754
16.219999999998194,0.007531791618535742,0.36113722498185685,8.019535874099658
16.224999999998193,0.006259743325727945,0.3118977636213045,11.676248670121732
16.229999999998192,0.006778095542763999,0.2981852436835048,14.705661838086444
16.23499999999819,0.007809982675814981,0.31805151749340815,16.946786754381886
16.23999999999819,0.008423883142242699,0.3302812919837246,18.278631312874943
16.24499999999819,0.008586961895682314,0.33458730986454754,18.627424697967772
16.249999999998188,0.008290609505049782,0.3308817449056962,17.975502342735926
16.254999999998187,0.0075509052218905685,0.31927123954733,16.357873420832714
16.259999999998186,0.0064077548391977554,0.30005737660183307,13.860126740977254
16.264999999998185,0.006498684111159919,0.3275951846832581,10.616916435994867
16.269999999998184,0.007595279176353322,0.37114606362274877,7.246449383200368
16.274999999998183,0.008654036257335976,0.3947188409848597,8.223874380901034
16.279999999998182,0.009558010570432138,0.39705705308424516,9.08259484571498
16.28499999999818,0.01023624959775776,0.3780467435947282,9.728581650956981
16.28999999999818,0.010672696001143091,0.33871805414919876,10.147061682818858
16.29499999999818,0.010856944995594567,0.2811964217087687,13.19091002847874
16.299999999998178,0.010784517371420034,0.2085879926616645,15.85246159036356
16.304999999998177,0.010457045447598066,0.12480583481184886,17.660401549563424
16.309999999998176,0.009882288716682947,0.14974958935017413,18.518343484062946
16.314999999998175,0.009073972699114825,0.1883914096439503,18.382281166573677
16.319999999998174,0.008051491948168081,0.22480573712926985,17.260786375560876
16.324999999998173,0.0069444752690237385,0.26000573572218344,15.213974804561078
16.329999999998172,0.005631248417780734,0.2971035792927708,12.352592430770892
16.33499999999817,0.0040133369364424385,0.3500610132425609,8.83038114914559
16.33999999999817,0.002377334983670798,0.38422752043507113,7.317720426216179
16.34499999999817,0.001988468859933331,0.3977772251210028,8.045587207657107
16.349999999998168,0.0019712596037971836,0.3899836332354306,7.970758783115713
16.354999999998167,0.003624898303219052,0.36125632503909133,7.789826377793022
16.359999999998166,0.005310844781801747,0.3131222663940009,11.463797080243543
16.364999999998165,0.006714034121560569,0.2795734413013262,14.523721673541523
16.369999999998164,0.0077590098342656105,0.24864190749909998,16.80293990128061
16.374999999998163,0.008389551693654209,0.21183953245451714,18.179815054531044
16.379999999998162,0.008996356718263925,0.1700566609544885,18.58132256748562
16.38499999999816,0.009732232758545354,0.12429375515808963,17.984653280726267
16.38999999999816,0.010232056794782774,0.18695395477933358,16.421786433964442
16.39499999999816,0.010484222949014925,0.26294908697152325,13.97626644291208
16.39999999999816,0.010482984319962604,0.3248377500459021,10.779198786839993
16.404999999998157,0.010228638120180369,0.3692930934761087,9.929056725867248
16.409999999998156,0.00972754436239276,0.3939223075852546,9.436003771362408
16.414999999998155,0.00899193946297364,0.3973882607541849,8.720718392451154
16.419999999998154,0.008039584089878388,0.37948065780546697,7.802635231917518
16.424999999998153,0.006893297950491858,0.34113581352809985,9.637262322303254
16.429999999998152,0.00594760039287103,0.2843973701720495,13.058115020117416
16.43499999999815,0.007189352495389766,0.30153088121095883,15.77944471452071
16.43999999999815,0.008041900339139844,0.3181502659913515,17.6556769538291
16.44499999999815,0.008458972851269998,0.3272450678667806,18.58525443701212
16.44999999999815,0.008417653680581302,0.32861770695668535,18.516483423165713
16.454999999998147,0.007919637906077264,0.32225379980386265,17.45323532711436
16.459999999998146,0.006991153971036738,0.3083239422846489,15.451951608446441
16.464999999998145,0.005681579534391245,0.2970015039806491,12.617341712790068
16.469999999998144,0.006728684005019461,0.3512992267390698,9.101747390578671
16.474999999998143,0.007940333793692451,0.3867846768875198,7.356947399585554
16.479999999998142,0.00896911282664587,0.4015214098198073,8.328334459489424
16.48499999999814,0.009790884532336659,0.3946863498876108,9.107556043457564
16.48999999999814,0.010386287854072697,0.36662503499727683,9.675494886357216
16.49499999999814,0.010741202835607708,0.31882825091863887,11.430472152313994
16.49999999999814,0.010847080792849436,0.2538497889354734,14.56091264095277
16.504999999998137,0.010701176599760397,0.17517222999295334,16.910110936055936
16.509999999998136,0.01030666932639733,0.10345419114198563,18.353180347805754
16.514999999998135,0.009672598403608115,0.15017417797370583,18.813232572172435
16.519999999998134,0.00881362949836981,0.19341338412162315,18.266112799482904
16.524999999998133,0.007752015740292072,0.23216245858333362,16.74192366447328
16.529999999998132,0.006627263926634474,0.26551902819874823,14.32197843621285
16.53499999999813,0.005149256516997083,0.3274227234975877,11.13501481987028
16.53999999999813,0.003595477170355789,0.37363453035265887,7.623883306991217
16.54499999999813,0.0019974138573923966,0.39993199027879467,8.014750112433488
16.54999999999813,0.0018532773669540255,0.4049046527467555,7.606662169441779
16.554999999998127,0.002532391475730836,0.38829412683722714,6.441164518254687
16.559999999998126,0.00438063054272244,0.3510014999594304,9.453051448419066
16.564999999998125,0.005995711233188494,0.3020917447082796,12.935238044551621
16.569999999998124,0.007291741832083,0.27774268062798213,15.724487113927665
16.574999999998123,0.008199927050068142,0.24695896151643096,17.671048673093935
16.579999999998122,0.008672269689783376,0.210470440932142,18.668228063072544
16.58499999999812,0.00932914196240184,0.1691438708001969,18.66273698921699
16.58999999999812,0.010061880863319002,0.13508151652762085,17.656677378680104
16.59499999999812,0.010561634988412404,0.21848317015911486,15.703984073918207
16.59999999999812,0.010817149511737479,0.29001983609618187,12.910682300909198
16.604999999998117,0.01082283446978596,0.3458677782048547,10.044023594712185
16.609999999998116,0.010578877812629492,0.38305177015404634,9.803549038365349
16.614999999998115,0.010091264070354242,0.3996022465868256,9.334011947563864
16.619999999998115,0.009371658525643098,0.394662005801024,8.647115456251509
16.624999999998114,0.008437131868237493,0.36853155692214745,7.759135171048419
16.629999999998113,0.007309750588689232,0.3226516259633732,11.050977482275192
16.63499999999811,0.006365107078817315,0.27394151652757115,14.199206736231059
16.63999999999811,0.007470375813462476,0.2979165412733047,16.57872805422728
16.64499999999811,0.00816675777110717,0.31490068427052015,18.06522147539189
16.64999999999811,0.00841759214502446,0.32449052028068526,18.5784423913768
16.654999999998108,0.008210218895651168,0.32646193365670334,18.091113468350603
16.659999999998107,0.00755665007652048,0.3207726064169545,16.630621833108403
16.664999999998106,0.0064929048983467215,0.30756344321018264,14.275860312326703
16.669999999998105,0.005077043974201743,0.3149622313414538,11.15617689763558
16.674999999998104,0.006215139394400944,0.3614516683666762,7.439597912453763
16.679999999998103,0.007432220374850461,0.3883677138415205,7.213170346441023
16.6849999999981,0.008470032613631115,0.3942842129081356,8.186908195827161
16.6899999999981,0.009304382589009324,0.37890247827442025,8.966975406297282
16.6949999999981,0.009915868566858494,0.34306960549614907,9.53738059622617
16.6999999999981,0.01029030492085118,0.2887384968698852,12.591767541845332
16.704999999998098,0.010419031565815851,0.21885343618603562,15.36225673169508
16.709999999998097,0.010299126190142845,0.13718914938567087,17.303457988451537
16.714999999998096,0.009933491486133076,0.12074410982344923,18.309218360822356
16.719999999998095,0.009330808906321281,0.14366416754549005,18.324983701160757
16.724999999998094,0.0085053496465017,0.18651953638234914,17.35034352388421
16.729999999998093,0.007476645687464878,0.22496204723238838,15.43859554334346
16.73499999999809,0.006269044903330963,0.28492136666484225,12.694466173335726
16.73999999999809,0.005119347449179395,0.3398236599222075,9.266451129610775
16.74499999999809,0.003873521020669071,0.37633609595965156,7.881480007382338
16.74999999999809,0.0025327352455727027,0.39248627205938535,7.152709044878238
16.754999999998088,0.001384078171439758,0.38740331326503424,5.708786857684834
16.759999999998087,0.0032560159352228095,0.3613717922482023,7.257877734465925
16.764999999998086,0.004948972027799028,0.31581064478229964,10.966581251895573
16.769999999998085,0.00637147791737768,0.29437265946559277,14.080992241355444
16.774999999998084,0.00744671228417414,0.27010361903463964,16.434877910546668
16.779999999998083,0.008116622609067951,0.2394286429923016,17.90109864197792
16.78499999999808,0.00834504271195193,0.209382561997668,18.401360327073814
16.78999999999808,0.00914409857011112,0.17646729066287364,17.909207124768365
16.79499999999808,0.00984144588118646,0.17637178876027232,16.451319673693018
16.79999999999808,0.010307163040129718,0.25276744316898403,14.106942089792291
16.804999999998078,0.010530343767149964,0.31553927477064825,11.001790550873942
16.809999999998077,0.010505811781433201,0.3613049376921688,9.940293260610616
16.814999999998076,0.010234233164146693,0.3875942038021093,9.679481897326076
16.819999999998075,0.009722088905527457,0.3929713960605713,9.191245557975476
16.824999999998074,0.00898151485506993,0.377121283384262,8.486793680851095
16.829999999998073,0.008216879608477435,0.34087147796056383,9.220232021812576
16.83499999999807,0.007318225640364994,0.28614666452586895,12.669693352065835
16.83999999999807,0.007099663185316615,0.2750501577604812,15.440803660724734
16.84499999999807,0.007973863728549706,0.29802503781498446,17.38344701709378
16.84999999999807,0.008419308738214613,0.31400137571928216,18.393187676000146
16.854999999998068,0.008411116399599756,0.3226096165607533,18.412153355671247
16.859999999998067,0.007948828592413517,0.32364807133545315,17.437780584081224
16.864999999998066,0.007056472892130624,0.3170985916730716,15.52314837163422
16.869999999998065,0.0057812751241634,0.30312900272791404,12.770653502145866
16.874999999998064,0.005197031347797032,0.3456550106218051,9.32862837230676
16.879999999998063,0.006538465993452562,0.38242895561794954,6.146044105980135
16.884999999998062,0.007727180589752164,0.39873382216308323,7.251856561862822
16.88999999999806,0.008735759576850884,0.3936814743816286,8.177156809694635
16.89499999999806,0.009541126047721919,0.36753277553975183,8.910440698808674
16.89999999999806,0.010125047199523611,0.3216810827227555,11.043133694532331
16.904999999998058,0.010474512260761343,0.25857692709200164,14.198528557769766
16.909999999998057,0.010581985975675962,0.18159625078833028,16.59374196369946
16.914999999998056,0.010445556630171894,0.12335629445531049,18.09821201459354
16.919999999998055,0.010183099016328027,0.11962937781739086,18.630944090093156
16.924999999998054,0.009819070114740865,0.14391161764801072,18.16469168157026
16.929999999998053,0.009227828885730874,0.18534677944528008,16.727192642851772
16.934999999998052,0.008422291630600974,0.2539800051430904,14.394679550655038
16.93999999999805,0.007420432238724848,0.31819640573125885,11.29188068461289
16.94499999999805,0.006244899554380877,0.3653893128589978,7.678682156156656
16.94999999999805,0.004922525587976128,0.39303227048132766,6.6491452316833035
16.954999999998048,0.0034837220983694847,0.3996504224384918,4.959300040075176
16.959999999998047,0.002255396313394874,0.38490885200828845,5.071988072498136
16.964999999998046,0.004091715409904384,0.34961878659553114,9.044038092605128
16.969999999998045,0.005704997492343155,0.31553088287708975,12.525857993611403
16.974999999998044,0.007009363085787111,0.3067500373608602,15.33088415934454
16.979999999998043,0.007935613120855327,0.2907994551877351,17.310863027820428
16.984999999998042,0.008434910564617515,0.26803661494571734,18.359804393981996
16.98999999999804,0.008481379807157161,0.23898140582598756,18.42204037982548
16.99499999999804,0.00863495366884613,0.20430005881097288,17.496030838262097
16.99999999999804,0.00933214826559951,0.20930536257661506,15.63465999056619
17.004999999998038,0.009810866227653004,0.28073798378693,12.938388493560407
17.009999999998037,0.01014036303679897,0.3369636730500448,9.551887211685967
17.014999999998036,0.01039436389569794,0.37498249823297086,9.784728042831313
17.019999999998035,0.010405174442769654,0.39276943868887193,9.819496096158879
17.024999999998034,0.01017192335364757,0.3893971324946942,9.626141555860393
17.029999999998033,0.009699427342804127,0.36508494559084925,9.20740826753936
17.034999999998032,0.008998119011276803,0.3211689516945187,10.649578595541403
17.03999999999803,0.008083881264109662,0.26002560187300827,13.807761333063315
17.04499999999803,0.007357287897041417,0.2538147370430884,16.220408522485155
17.04999999999803,0.008069703531705632,0.2764263847277354,17.75723171854978
17.054999999998028,0.008344164265303555,0.2938757683127176,18.337912211024953
17.059999999998027,0.008166341119572216,0.3111206364221007,17.932364552085275
17.064999999998026,0.007546231494932125,0.32101022226482145,16.56319531020782
17.069999999998025,0.006517612202844749,0.32328153473031207,14.302791619067678
17.074999999998024,0.005136234172385309,0.31786000836689426,11.27261959118909
17.079999999998023,0.004463962460630475,0.35552211320144356,7.638277647503108
17.084999999998022,0.005749246210892047,0.38360604879264526,7.494587936108598
17.08999999999802,0.0068973001074824425,0.39099421323107875,7.778911616550652
17.09499999999802,0.007881656411646312,0.3772958838879517,7.496523754533166
17.09999999999802,0.008679688766532816,0.34325764619745835,8.775994152551117
17.104999999998018,0.009440317942725075,0.290718492166887,12.23966745967787
17.109999999998017,0.010033353726371232,0.22251264589811023,15.042671047833446
17.114999999998016,0.01038652477780561,0.14232353510361548,17.032973269965147
17.119999999998015,0.010490756205305611,0.113535440640425,18.105930055580878
17.124999999998014,0.01034287769538084,0.09371528122960643,18.204610910666194
17.129999999998013,0.009945752951253122,0.12773886921799193,17.321882621413064
17.134999999998012,0.009308234095082088,0.2071833706687815,15.504941863676352
17.13999999999801,0.008444961666721235,0.2780754812914253,12.85190238538175
17.14499999999801,0.00737602701430263,0.33396767602423105,9.50497550774102
17.14999999999801,0.006126506003832208,0.3718441011795691,6.081562352465536
17.154999999998008,0.004725880527684109,0.38966204668864757,4.745724163366211
17.159999999998007,0.00320734332082282,0.38645736852455065,3.292866234913157
17.164999999998006,0.003111108249776092,0.3623953526806401,6.86135142268866
17.169999999998005,0.004813992571645969,0.3312326089949904,10.593439222637729
17.174999999998004,0.006255585306076134,0.32818475785410056,13.75842412239166
17.179999999998003,0.007357838480556073,0.3173091457326096,16.18404212461752
17.184999999998002,0.008060929237263178,0.29886044767569714,17.739478472029624
17.189999999998,0.008326495544859206,0.27327694230874133,18.34091278909839
17.194999999998,0.008139722947565922,0.24116199558020507,17.952920732066858
17.199999999998,0.00866724445203311,0.20326029191251405,16.5930304300939
17.204999999997998,0.009576508594102124,0.24640393133027427,14.333866395811016
17.209999999997997,0.010261889737891196,0.3104815044512597,11.297162852583698
17.214999999997996,0.010706495307458928,0.3578457689000135,10.140959684901182
17.219999999997995,0.01089907735826126,0.38593248436997024,10.354020367975275
17.224999999997994,0.0108343587354478,0.39322266090558594,10.319107357676604
17.229999999997993,0.010513238634283748,0.3793255925892553,10.032001452768057
17.234999999997992,0.009942839189914962,0.34499027188262993,9.501584649546478
17.23999999999799,0.00913634443186831,0.2920595824927714,12.32690215300753
17.24499999999799,0.008112689810499167,0.22536081683065046,15.1443376854483
17.24999999999799,0.0079373527632473,0.26126782021368494,17.148841554206705
17.254999999997988,0.008429446073787154,0.29095532332614304,18.23505659741387
17.259999999997987,0.008471752738467892,0.3137190872076977,18.346908588426967
17.264999999997986,0.008061503191249295,0.32903344980711086,17.48012012962897
17.269999999997985,0.007220082123260044,0.3365565040331657,15.68029447562279
17.274999999997984,0.005991898877156913,0.3361272518251996,13.041239417348681
17.279999999997983,0.0044420561075120876,0.3383985412710983,9.702750456353124
17.284999999997982,0.004420568137568261,0.377265237540065,7.731190407531995
17.28999999999798,0.005740063042873535,0.39605239935837633,7.7206993874027425
17.29499999999798,0.007072886867315595,0.39374045489950715,6.934913010411763
17.29999999999798,0.008272745322008288,0.3704278422983805,7.81740682107419
17.304999999997978,0.00927830631343213,0.32733642503561194,10.507236324295318
17.309999999997977,0.010065872003936414,0.26675693940337847,13.72455792859858
17.314999999997976,0.010616856774952303,0.19192429293461466,16.208500658907596
17.319999999997975,0.010918228462951823,0.10871243757339144,17.826045118959755
17.324999999997974,0.010962817873223401,0.08472887862001362,18.489207086563933
17.329999999997973,0.010749535224192615,0.07700755180213319,18.160510309533514
17.334999999997972,0.010283469268139262,0.16311762715752354,16.85674234783635
17.33999999999797,0.009575789622110408,0.24188568805714047,14.650482012011086
17.34499999999797,0.008643449950686924,0.30766379586864856,11.660761112592695
17.34999999999797,0.007508764767373933,0.35693365364841445,8.047181999314038
17.35499999999797,0.006198877488638408,0.38706294771319744,5.789787569050445
17.359999999997967,0.004745105435439078,0.3964484475711976,4.391970802903225
17.364999999997966,0.0031821771690686883,0.3846024117472195,4.488078646192089
17.369999999997965,0.0038109962812608675,0.3521791120877654,8.481241217589803
17.374999999997964,0.00544377526516228,0.33485319053997453,12.017411028391464
17.379999999997963,0.006780155831991693,0.3295079598215947,14.907683457149194
17.384999999997962,0.007748844716633755,0.3163226002343789,16.997891207288717
17.38999999999796,0.008298281308768238,0.2956117181601211,18.17690092948919
17.39499999999796,0.008399390150873787,0.2678695040169039,18.380746938365217
17.39999999999796,0.008047150864323838,0.23376232467624122,17.59730577866313
17.40499999999796,0.008658103513277365,0.1990830327702305,15.86773804691943
17.409999999997957,0.009518071935401152,0.27196426891661923,13.284756411636678
17.414999999997956,0.01014803710963605,0.3301463476064411,9.988075064292497
17.419999999997955,0.010533208025608412,0.37050812879258554,10.211397476106669
17.424999999997954,0.010664597977772909,0.3908949435667574,10.332039533134829
17.429999999997953,0.01053922390157675,0.39023052828889665,10.206767995330871
17.434999999997952,0.010160194741719449,0.3685722203124049,9.8392378619877
17.43999999999795,0.009536635712194815,0.32711037595529197,10.185269162896164
17.44499999999795,0.008683448690880597,0.2681027832354701,13.41776792503311
17.44999999999795,0.0076209448133686426,0.23228701499584492,15.923326029884956
17.45499999999795,0.008075763993928236,0.26634589711818657,17.568627505809047
17.459999999997947,0.008406884346092982,0.2940821069518641,18.268247754985698
17.464999999997946,0.008287440520933925,0.31483118153765227,17.985145356031435
17.469999999997945,0.007724414102131077,0.3280969366544836,16.73467651596087
17.474999999997944,0.006748647190191486,0.33356538406495834,14.583980513928609
17.479999999997943,0.005413190554828902,0.33111513452659475,11.647718203863285
17.484999999997942,0.0037904586724698706,0.3492118024738644,8.084622597778173
17.48999999999794,0.004661357084291704,0.3796454941094847,7.517345200753791
17.49499999999794,0.00611333116337948,0.3895586595898793,6.415293445673375
17.49999999999794,0.0074235587523233575,0.3784359538051344,6.95154045533049
17.50499999999794,0.008561018728247903,0.34689632258804254,8.290358037251263
17.509999999997937,0.009498762709086356,0.2966537196155449,11.8066831517482
17.514999999997936,0.010214557710822107,0.23042607127141584,14.684376185903995
17.519999999997935,0.010691399325547676,0.1517946331249068,16.768199072700316
17.524999999997934,0.01091790357557401,0.07183576090407878,17.947488811852804
17.529999999997933,0.010888593372585633,0.03668942492522681,18.157738981560243
17.534999999997932,0.010604040973950242,0.11411738259282335,17.386151627567923
17.53999999999793,0.010070837493224552,0.19676580229321716,15.673216252590299
17.54499999999793,0.00930141256536092,0.26872681793277414,13.111190003233117
17.54999999999793,0.008313739003907457,0.3261038884667886,9.839638210373144
17.55499999999793,0.007130930958741378,0.36579332443733364,6.736036139774612
17.559999999997927,0.0057807230213445015,0.3856494141089933,5.460009734204088
17.564999999997926,0.004294831494669093,0.38459919424058986,4.05331867638334
17.569999999997925,0.002967164582888478,0.3626997413921189,6.433393501208402
17.574999999997925,0.004676744095756781,0.33440842428406664,10.19367755355274
17.579999999997924,0.0061349037956911195,0.33535941395584007,13.406421461122212
17.584999999997923,0.00726240825634764,0.3284147560858955,15.89831780865588
17.58999999999792,0.007997818232215743,0.313741297188428,17.532060487715558
17.59499999999792,0.008300843513607707,0.2916818429416583,18.219112332098305
17.59999999999792,0.008154535767905917,0.2627553621965692,17.922999183091388
17.60499999999792,0.00800664955602264,0.227648030205608,16.66077318282332
17.609999999997918,0.009043769055126227,0.23880628945888527,14.502294821079575
17.614999999997917,0.009867723178293913,0.3039721077229821,11.564032484559721
17.619999999997916,0.010459334890311704,0.35288616985221083,9.898563115620645
17.624999999997915,0.010804934945100922,0.38290172976768366,10.215672098804555
17.629999999997914,0.010896638960717171,0.39238007239365796,10.293458954447251
17.634999999997913,0.01073251924875963,0.38078254146569174,10.129206404108976
17.63999999999791,0.010316658887807136,0.3487037721394481,9.72663207652912
17.64499999999791,0.009659058654164129,0.29783963919102113,11.939863271392644
17.64999999999791,0.008775391606854041,0.23089545732932387,14.837809473286834
17.65499999999791,0.007860490957443298,0.2370920878163889,16.944891832279957
17.659999999997908,0.008398365568915302,0.27017005774621383,18.14613358452523
17.664999999997907,0.008488665003530241,0.29687991193806545,18.374869295802892
17.669999999997906,0.008125759734288208,0.3165932742608933,17.61688044098771
17.674999999997905,0.007328364300638857,0.3288386628940827,15.909796127395609
17.679999999997904,0.0061385716465049344,0.33332204956693534,13.347082581755014
17.684999999997903,0.004619577602386856,0.33306798843401714,10.068261106561495
17.6899999999979,0.0030818754275147675,0.3738582681609688,7.214204770032513
17.6949999999979,0.004629301833409843,0.3947020164165996,5.824153369898637
17.6999999999979,0.006065918578328793,0.39446659423235864,5.815829969691998
17.7049999999979,0.007357996870481164,0.3731473112053622,7.035606468039418
17.709999999997898,0.00847520952307299,0.3318651126212204,10.168983614587782
17.714999999997897,0.009391310432249417,0.2728071721749015,13.454192563940301
17.719999999997896,0.010084740674103705,0.19911907227283834,16.0210473968856
17.724999999997895,0.010539166067294888,0.11474345398359279,17.729199918813357
17.729999999997894,0.010743896705378203,0.02850961930080237,18.487169307178892
17.734999999997893,0.01069414478283343,0.06765526374980312,18.25594856018876
17.73999999999789,0.010391123183069883,0.1559182143733597,17.049231689234613
17.74499999999789,0.009842001785512896,0.23586894516263082,14.931060626474515
17.74999999999789,0.00905975063588202,0.3032280120245956,12.012566118311968
17.75499999999789,0.008062866131327116,0.3543846970486317,8.450107891302887
17.759999999997888,0.0068749493290233225,0.3865963896109234,6.5543972985960774
17.764999999997887,0.005524143912777558,0.39813779052497106,5.26633999256576
17.769999999997886,0.004042445388852689,0.38839964847178926,5.642124427147931
17.774999999997885,0.0037380883557800856,0.3579174318308041,8.11563860311636
17.779999999997884,0.005403714067049988,0.3311583060515201,11.718193058337242
17.784999999997883,0.006780314388664729,0.3312191588516663,14.692037625037093
17.78999999999788,0.007794538235649541,0.32345263402351626,16.877967632379626
17.79499999999788,0.00839247387747328,0.3080460159809944,18.158139935978028
17.79999999999788,0.008542540819582722,0.28536850116626905,18.464744449955216
17.80499999999788,0.008237172530611828,0.2559589277036477,17.78200813696834
17.809999999997878,0.008070563902281079,0.2205128299205932,16.14732767007162
17.814999999997877,0.009071507550588553,0.26569742418530656,13.649466785878891
17.819999999997876,0.009858605281933032,0.32587238674689384,10.420518238756527
17.824999999997875,0.01041331042732532,0.3685085511368103,9.87558799754602
17.829999999997874,0.0107225688378353,0.3913344646754251,10.16914233807806
17.834999999997873,0.010779084873686222,0.3931520447618154,10.224907271748854
17.839999999997872,0.010581492932103738,0.3738872510459943,10.0383195077709
17.84499999999787,0.010134441666436404,0.33458814253667374,9.783111781079475
17.84999999999787,0.009448523252470649,0.27737524840458333,13.1020458717572
17.85499999999787,0.008540019123666205,0.20533452392544677,15.714243919898031
17.859999999997868,0.007969435460733889,0.2408022918936979,17.479506817549822
17.864999999997867,0.008357554174130458,0.2728884435856157,18.301616704461765
17.869999999997866,0.008294294957159932,0.2985132521627267,18.137728632264825
17.874999999997865,0.007783693945739297,0.31707454507120053,16.997613143029124
17.879999999997864,0.006853870146403226,0.3281381525490522,14.942691148149699
17.884999999997863,0.005555485484708049,0.3314424701158509,12.086742538131032
17.889999999997862,0.003958974812047328,0.34514054461741056,8.583985530077056
17.89499999999786,0.003332864393620244,0.37816036568783495,5.100078852708077
17.89999999999786,0.004856610930346342,0.3907710845950271,4.676257912048714
17.90499999999786,0.0062641557941707955,0.3823111222788494,6.018588850634275
17.909999999997858,0.007522136921043249,0.3532445143257366,7.822313589990258
17.914999999997857,0.008600767895930094,0.3051486568676026,11.416029393263772
17.919999999997856,0.009474537039531753,0.24062172052598002,14.394745143385842
17.924999999997855,0.01012283524976267,0.1631373162289057,16.599016575444544
17.929999999997854,0.010530457776813329,0.07686621251453032,17.909424910306353
17.934999999997853,0.01068794285019169,0.03343844184318216,18.254291607991217
17.939999999997852,0.010591756392655957,0.10321119569994563,17.61295515950313
17.94499999999785,0.010244334390242783,0.1872895399734763,16.018382549909827
17.94999999999785,0.00965400044912876,0.2612274431519263,13.556778721470783
17.95499999999785,0.00883475879528542,0.3210198633833796,10.360189371111012
17.959999999997848,0.007805956029503856,0.36342378442458056,7.456599013869818
17.964999999997847,0.006591835324486502,0.38613975256041183,6.306072212905751
17.969999999997846,0.005220984459434137,0.38793283633681996,6.276072585353634
17.974999999997845,0.003840377385141825,0.36869428516412056,7.466040684284356
17.979999999997844,0.004430852858939756,0.3294501904715736,9.769992106338899
17.984999999997843,0.005935233186635645,0.3306535623332896,13.089307839573166
17.989999999997842,0.00711677159653826,0.3295231512996612,15.706099061440868
17.99499999999784,0.007910936015370799,0.3206881838220614,17.478332608759903
17.99999999999784,0.008274021266287413,0.30437056457928857,18.309902587590006
18.00499999999784,0.008185528451137016,0.28096600319118126,18.154352786785314
18.009999999997838,0.0076493042961833894,0.25103186246060133,17.018406207359018
18.014999999997837,0.008293423305393786,0.2311616383793483,14.96193725101814
18.019999999997836,0.009267946539754714,0.2988049195710421,12.095375225659959
18.024999999997835,0.01002870480409238,0.35047238348189946,9.305723480417527
18.029999999997834,0.010558177461470615,0.38335123653068126,9.793392683386637
18.034999999997833,0.010844244727433486,0.395639485604922,10.052353779269216
18.039999999997832,0.010880466243604833,0.38664264229355727,10.077219724720324
18.04499999999783,0.010666228594964567,0.35681242083972675,9.86667314114997
18.04999999999783,0.01020676447834198,0.3077221904707144,11.63810963948565
18.05499999999783,0.009513043016077433,0.24198510914898408,14.656722889207044
18.059999999997828,0.00860154033362287,0.2031207389146554,16.88903767175431
18.064999999997827,0.008495679985914755,0.2399475407966334,18.216259438450486
18.069999999997826,0.00864258102851693,0.2710958226727052,18.565545722059923
18.074999999997825,0.008331585001083799,0.2958303525456222,17.916180323081768
18.079999999997824,0.007578702414315011,0.3135690064980737,16.303943125484498
18.084999999997823,0.006423703433962676,0.3238990404077096,13.814556399319468
18.089999999997822,0.004927989918576689,0.3296374856779312,10.581269681263104
18.09499999999782,0.00317131417873066,0.3730328102604955,6.77686015176298
18.09999999999782,0.00314113071348364,0.3964879399143074,3.2662166059214037
18.10499999999782,0.004636310892364081,0.3987306355770066,4.6797567340345445
18.109999999997818,0.006015205670014562,0.379630231651511,5.979934122803907
18.114999999997817,0.0072455154366346565,0.3402058624540364,9.837699553474067
18.119999999997816,0.00829857120962901,0.28257860172009863,13.21320474010157
18.124999999997815,0.009150034363235355,0.20984808758789467,15.87900091278067
18.129999999997814,0.00978044750074334,0.1282940334095949,17.692583736421447
18.134999999997813,0.010175649531773917,0.08695391347596432,18.55806976781703
18.139999999997812,0.01032705987470384,0.08191654773048555,18.430302876643005
18.14499999999781,0.010231842050453693,0.14654176024247795,17.315025457608474
18.14999999999781,0.009892959277467191,0.2280095312484758,15.272082944791347
18.15499999999781,0.009319105227383311,0.29721699478115127,12.410902468279394
18.159999999997808,0.008524504853373837,0.3504545542616774,8.88412132393147
18.164999999997807,0.007766648337909074,0.3848702957371968,7.394723834334907
18.169999999997806,0.006832960547580681,0.3986248668106916,6.869485472730493
18.174999999997805,0.005736774742896596,0.39098475812370226,7.731355993704819
18.179999999997804,0.004503238981981838,0.362365360174691,7.819318965415483
18.184999999997803,0.005262293875864854,0.3143175216884455,11.447072852811223
18.189999999997802,0.006671690041605529,0.3165471667156812,14.503557979432868
18.1949999999978,0.007723370532264558,0.31468752618624934,16.780319201389094
18.1999999999978,0.008361167600008617,0.3054002421617016,18.157151284187005
18.2049999999978,0.00855111092039627,0.2889122821624971,18.56197780726486
18.209999999997798,0.00828321759373032,0.2715445177817881,17.972756629863028
18.214999999997797,0.007572030501137377,0.2501932655901252,16.419511481331
18.219999999997796,0.007843984146953765,0.26124134850111047,13.985926456080435
18.224999999997795,0.008749595254910467,0.32321043570243674,10.801708424450617
18.229999999997794,0.00944704211158626,0.36780956975037893,9.02372202857972
18.234999999997793,0.009920234958763676,0.3926488904548191,9.456477119604646
18.239999999997792,0.010158411368068164,0.39640346841184165,9.665953791881135
18.24499999999779,0.010156356935060352,0.3788834401274279,9.648550066602608
18.24999999999779,0.009914496183224309,0.34104444063814876,9.523540386186921
18.25499999999779,0.00953118162461102,0.2849377622384333,12.919130973699767
18.259999999997788,0.009071083562534084,0.21360107144968474,15.615545341800276
18.264999999997787,0.008393900380228473,0.20037702121972312,17.467853691067596
18.269999999997786,0.008447599767482869,0.23491398673309075,18.377835253118317
18.274999999997785,0.00842477082608412,0.2639461872087111,18.297476576325778
18.279999999997784,0.007950666648026237,0.2868109907830549,17.231249459694197
18.284999999997783,0.0070515764864608355,0.30299016729148065,15.237781865491915
18.289999999997782,0.005776657007426626,0.312117971352205,12.425877604333577
18.29499999999778,0.004195260467974357,0.3429951456367929,8.946792592732741
18.29999999999778,0.0023931897287658675,0.37783315004661844,4.988409171197799
18.30499999999778,0.003520671018850925,0.39221588117533673,3.2159087952665466
18.30999999999778,0.004952259992606149,0.3853861627604049,4.547445135714799
18.314999999997777,0.006270819862990644,0.35773554349778297,7.563677058786528
18.319999999997776,0.00744586644621547,0.31078273025558845,11.217448238091736
18.324999999997775,0.008450245507311679,0.24707957873400738,14.26381237054125
18.329999999997774,0.009260781772539372,0.18230266095402983,16.537783021712116
18.334999999997773,0.009858810042323845,0.1410704532071571,17.917127498432865
18.339999999997772,0.010230608602751275,0.09633358814089583,18.330927921077883
18.34499999999777,0.010382567195467077,0.1148828079597234,17.756148647326466
18.34999999999777,0.01050677641961986,0.18184631746579674,16.222571932285398
18.35499999999777,0.010387479692921186,0.2569396599782313,13.814765072689045
18.35999999999777,0.010026334038901708,0.31813312752784567,10.662621947157206
18.364999999997767,0.009430774050499052,0.36212742548718957,8.906918549207596
18.369999999997766,0.008613890215138257,0.3865470369191513,8.164529686193672
18.374999999997765,0.00759413223441577,0.3900680970726547,7.90121814455668
18.379999999997764,0.006394880897428526,0.37249033722830055,7.680035788153194
18.384999999997763,0.005043904708849028,0.3347504097207106,9.48919034009731
18.389999999997762,0.005942133168556657,0.3051021070498424,12.862724269320434
18.39499999999776,0.007158936428433183,0.3181681645541042,15.545252708165854
18.39999999999776,0.00799234141676189,0.32422797136372405,17.390493762001547
18.40499999999776,0.008396841983415712,0.32260955868781827,18.298467235815558
18.40999999999776,0.008350043682683644,0.3133309781752362,18.22039054811284
18.414999999997757,0.00785387756978466,0.2965988704420949,17.15960161466823
18.419999999997756,0.006934504555499495,0.2728028294913773,15.173510444342819
18.424999999997755,0.007568158595051046,0.2931470343171998,12.368906110217633
18.429999999997754,0.008495619468229956,0.34630838106443074,8.89563258867515
18.434999999997753,0.009223578251039278,0.3808997590614663,8.694902019072282
18.439999999997752,0.009800128650203781,0.39504666482039463,9.345874534294325
18.44499999999775,0.01028235621838303,0.3879749661394078,9.820751920920058
18.44999999999775,0.01052049587689894,0.3600511003121818,10.066687170001265
18.45499999999775,0.01050843051084469,0.31276069636142395,11.293138415239897
18.45999999999775,0.010245896118068053,0.24862801640048185,14.359933569137505
18.464999999997747,0.009738556194867472,0.1710795431396864,16.65945573518136
18.469999999997746,0.008997909406491948,0.18795898784988638,18.068708469355254
18.474999999997745,0.008509023512755835,0.22302512970302443,18.51108622941496
18.479999999997744,0.008245123450591696,0.25293385693615067,17.960640421987687
18.484999999997743,0.007538244345993306,0.2788308613456857,16.444279716092602
18.489999999997742,0.0064257990555311815,0.3027340808965384,14.041389884027398
18.49499999999774,0.0049670518776439064,0.3229027260623438,10.881242503879067
18.49999999999774,0.0032399422798638907,0.3679411130496772,7.134112291054604
18.50499999999774,0.002311842968471943,0.3932790698520193,3.001070429882453
18.50999999999774,0.00305183137531979,0.3975465825004554,4.8384059361871525
18.514999999997737,0.00448254627802549,0.38050888988378284,6.586713010972175
18.519999999997736,0.005809469031906964,0.3430688983977436,9.454984918254816
18.524999999997736,0.0070016476279220466,0.2872211732079275,12.884105157672142
18.529999999997735,0.008031250607103581,0.22375816941900578,15.624168881418184
18.534999999997734,0.008993511492125787,0.18364005309941345,17.52736677707038
18.539999999997733,0.009800397214250385,0.1391142357504331,18.48991703806236
18.54499999999773,0.010376252195828517,0.1204028579588182,18.461243077425316
18.54999999999773,0.010707072098166253,0.1391079035736687,17.442134007017543
18.55499999999773,0.010784585531182852,0.22142860188393776,15.486145317090758
18.55999999999773,0.010606472330999622,0.29189305374554064,12.699635427551009
18.564999999997728,0.010176484843214375,0.3467191594385343,9.741397754300994
18.569999999997727,0.00950444508680476,0.38295794270545563,9.109326560486807
18.574999999997726,0.00860605981544018,0.39865642982940946,8.2552315175213
18.579999999997725,0.0075025561198024315,0.39296516164971457,7.428281905568159
18.584999999997724,0.006220170263672498,0.3661861358962134,7.420414637062957
18.589999999997723,0.0050974286450192,0.3197583406262802,11.150703470910772
18.59499999999772,0.006537271811626312,0.31856346969188654,14.28106237297112
18.59999999999772,0.007624889741556514,0.33016651276457304,16.643209651454995
18.60499999999772,0.00830201101977524,0.33385732672778323,18.111982597958136
18.60999999999772,0.008532408878802035,0.32954318705910474,18.608572223340808
18.614999999997718,0.008303828973483333,0.317325924171182,18.107315250642753
18.619999999997717,0.007628628443954268,0.2974961964052623,16.636097149034686
18.624999999997716,0.006543099329489514,0.2705288445266573,14.273064041000811
18.629999999997715,0.0075389136021020604,0.31928588029338206,11.144378324152969
18.634999999997714,0.008626416722961364,0.36569250397811737,8.354001256574756
18.639999999997713,0.009506310899109922,0.39247366297551367,9.205852537816476
18.64499999999771,0.01015742683235587,0.398189716485546,9.838812532211522
18.64999999999771,0.010564026380523476,0.38252934067794864,10.23914401029681
18.65499999999771,0.010716147203022887,0.3463334879973064,10.399495554107723
18.65999999999771,0.010609796401709172,0.2915538443412841,12.689895667987175
18.664999999997708,0.010247055929623605,0.2211452708653664,15.473533722380502
18.669999999997707,0.009636109345804828,0.14905347598025212,17.42369100794103
18.674999999997706,0.008791107750731603,0.19155200776614684,18.437267164268174
18.679999999997705,0.008515551843015837,0.23214601440253002,18.45996464109978
18.684999999997704,0.008075902517757937,0.2672466181563045,17.489314676667036
18.689999999997703,0.007204895408622134,0.29600163397351736,15.578651426033208
18.6949999999977,0.005949648885570266,0.31770637419629266,12.831688697839517
18.6999999999977,0.004377919919012707,0.342129356857818,9.395162139200508
18.7049999999977,0.0025744647403668805,0.3792527146005281,5.454180957883833
18.7099999999977,0.0021221845802970375,0.39594254783326077,5.577499619839654
18.714999999997698,0.0032428758089093645,0.39131191360448997,7.0852447608357
18.719999999997697,0.004690561501553476,0.3656261000280062,7.889813798550196
18.724999999997696,0.00616413425789086,0.3202854108202884,10.935956279211492
18.729999999997695,0.00750049920835365,0.25773834771530785,14.082868962781236
18.734999999997694,0.008662032032186857,0.21331734117634163,16.47128367405364
18.739999999997693,0.009620882589398687,0.17022288170839844,17.973498607896953
18.74499999999769,0.010354036043947908,0.12365359395933752,18.50942785021245
18.74999999999769,0.010843827467887772,0.1234076105741146,18.04879004931925
18.75499999999769,0.011078318067720748,0.17402674938398052,16.617169513973206
18.75999999999769,0.01105155597106768,0.25129947351093496,14.291920136809221
18.764999999997688,0.01076373692764373,0.3150241381116074,11.19794570346026
18.769999999997687,0.010221279067542248,0.3617769185247623,9.741697451888458
18.774999999997686,0.009436769904044443,0.38905297858661675,8.996940067138521
18.779999999997685,0.008428710327971847,0.39539386085942824,8.032488425802754
18.784999999997684,0.0072210506928088065,0.38045629884932197,6.87409253572813
18.789999999997683,0.005842565473579482,0.3450291973263289,9.066720458970208
18.794999999997682,0.00579328509222161,0.31534472039714734,12.544196184769168
18.79999999999768,0.007073969779092982,0.3319272715285461,15.347778489392844
18.80499999999768,0.007976116873445176,0.34056973563577353,17.326261639516467
18.80999999999768,0.008450924060637277,0.34106190683036064,18.374083377191948
18.814999999997678,0.00847254510633537,0.33339908739926527,18.435354245143895
18.819999999997677,0.008039467779139857,0.3177809343817285,17.50694779550046
18.824999999997676,0.007174589164703792,0.2946046049506198,15.638956122346316
18.829999999997675,0.00692006732885954,0.2858310465084967,12.930221367243313
18.834999999997674,0.008151297854298472,0.3419675265562739,9.52437065186797
18.839999999997673,0.00918707386164992,0.3797867677603279,8.846597268726567
18.844999999997672,0.010002995901815456,0.3972431045925859,9.618561934085964
18.84999999999767,0.01057987489281139,0.3933914592583361,10.163166730239391
18.85499999999767,0.01090417096175487,0.36843630061894195,10.468372133829778
18.85999999999767,0.010968294666179034,0.32371863130534156,10.82487130653198
18.864999999997668,0.010770767554053104,0.26163721751472285,14.007694209716048
18.869999999997667,0.010316279680314766,0.18551614763927832,16.440733740462427
18.874999999997666,0.00961565012100724,0.1640472106391047,17.992877769585302
18.879999999997665,0.008685610086404161,0.2079688032021349,18.58121209281966
18.884999999997664,0.008376484040018478,0.2469165820121158,18.174845809927984
18.889999999997663,0.0077384656215584114,0.279953876263458,16.793500704712212
18.894999999997662,0.006686256455039862,0.30627491196969864,14.508672470007637
18.89999999999766,0.005276197957435958,0.32523565793735487,11.445047328931713
18.90499999999766,0.003583825822502631,0.362495004703885,7.771414844838498
18.90999999999766,0.0016997485084057629,0.3911359209348782,6.227211546351267
18.914999999997658,0.0018418191881901184,0.39885230808397815,7.481125591264507
18.919999999997657,0.0034818076166983447,0.38522718629378966,7.990035751806414
18.924999999997656,0.005037784363871074,0.3509782108487509,8.847938249859236
18.929999999997655,0.006472735524883717,0.29792800219794396,12.372145210464026
18.934999999997654,0.007752590646960915,0.23884238528545998,15.233416894368958
18.939999999997653,0.008847047568741584,0.19894038342681714,17.276898253461617
18.944999999997652,0.009730282672371044,0.15435365802497447,18.39280080202984
18.94999999999765,0.01038152171327749,0.11923526733765336,18.521855831874493
18.95499999999765,0.010785472350729783,0.12427181868540606,17.657839579409817
18.95999999999765,0.010932633897298876,0.208033834161415,15.846966610994457
18.964999999997648,0.010819503989577633,0.28061502509670166,13.185509763120784
18.969999999997647,0.010448720372097394,0.3381210944203123,10.013939710270932
18.974999999997646,0.009829095199255022,0.3774717682237292,9.417958409093629
18.979999999997645,0.008975443062920791,0.3965634876022106,8.59445763024091
18.984999999997644,0.007908228702762473,0.3943789707823197,7.563082142279854
18.989999999997643,0.006653074699441023,0.3710457154466492,6.7461592099624585
18.994999999997642,0.0052401359855894555,0.32782730680333566,10.5412042473633
18.99999999999764,0.006310294836678414,0.3179550618372966,13.767478796461132
19.00499999999764,0.00745796218589005,0.3315275882699307,16.25022468469459
19.00999999999764,0.008204838937853044,0.3371602436363084,17.858567393935196
19.014999999997638,0.008511257885448962,0.3347353274795426,18.50588922617025
19.019999999997637,0.008361258055906404,0.3243398091012744,18.156658495883523
19.024999999997636,0.007763440171168819,0.306255905825987,16.831682613270207
19.029999999997635,0.006750473208375466,0.2809444980544109,14.603828766501483
19.034999999997634,0.007288915634518197,0.3073835004231272,11.594458689394534
19.039999999997633,0.008439705920278146,0.3562820270749007,8.089541788182137
19.044999999997632,0.009389467898527203,0.38596787406483396,8.977354195718195
19.04999999999763,0.010116123785741827,0.3948559413652565,9.652724385892059
19.05499999999763,0.010602877771875957,0.3824790355001527,10.10150120537832
19.05999999999763,0.010838562700479917,0.3495147941661632,10.315322408180453
19.064999999997628,0.010817858458336594,0.2977503819950922,12.116670776385185
19.069999999997627,0.01054145012818689,0.22998163813439823,14.990826767892996
19.074999999997626,0.01001612924369286,0.14985873591950116,17.058334118066536
19.079999999997625,0.00925470324787982,0.17510772352631404,18.208407335285315
19.084999999997624,0.00835863142084933,0.2164961367054134,18.379366360140743
19.089999999997623,0.007985106370927073,0.2526259424845982,17.56260006547043
19.094999999997622,0.007178415878466479,0.2826232509794168,15.801904315055296
19.09999999999762,0.005981986694573957,0.30576599360894674,13.191781933530095
19.10499999999762,0.004460197311960986,0.33318780845596147,9.872163613158868
19.10999999999762,0.00269493256142612,0.37291809175799967,6.851460406742686
19.114999999997618,0.0018737102081895836,0.3925722862176444,7.819294810505704
19.119999999997617,0.002177214356790196,0.39108102944960005,8.003372824787649
19.124999999997616,0.0037467284261111693,0.36851083811860813,7.385350305692841
19.129999999997615,0.005220562600962793,0.326067369437707,10.387541723382869
19.134999999997614,0.006563932358882934,0.2660319296461348,13.626634193246511
19.139999999997613,0.007745322012843643,0.21950897758443477,16.132406898343156
19.144999999997612,0.008737187232205132,0.18289333844819494,17.76964013031211
19.14999999999761,0.009516556312761631,0.14200050904058328,18.450828399169808
19.15499999999761,0.010065514770930244,0.09778406016254514,18.137331691383526
19.15999999999761,0.010371551799099104,0.16259751812278833,16.844730675909194
19.164999999997608,0.01042779211456788,0.24131682239170069,14.642991031656402
19.169999999997607,0.010233183723112686,0.3070556525164527,11.65254101824496
19.174999999997606,0.00979263914827451,0.3562781885536553,9.460772533056241
19.179999999997605,0.009116998331687784,0.3863393825133894,8.79646969054369
19.184999999997604,0.008222759905026711,0.39561870184206205,7.921905697753551
19.189999999997603,0.007220526496805312,0.38361497376089926,6.975571941090095
19.194999999997602,0.006067752608066404,0.35097806375130997,8.529549227159148
19.1999999999976,0.005510487163222965,0.29946665547154117,12.075014084748851
19.2049999999976,0.00683877214688283,0.3102593581628694,14.972712906901823
19.2099999999976,0.0077977552056432324,0.3204295722644294,17.06786808536391
19.214999999997598,0.008335756134877323,0.32291346043395547,18.24869164658328
19.219999999997597,0.008423648416727077,0.31769240168745194,18.452132202966308
19.224999999997596,0.008056422253064755,0.30493554295852165,17.665995229419504
19.229999999997595,0.007253474152315353,0.28498935524735114,15.931387272130523
19.234999999997594,0.006214639822609591,0.2757645283261245,13.339884747591611
19.239999999997593,0.007424858616718917,0.3341910133927644,10.030709279064835
19.244999999997592,0.00845882551540874,0.37472504486254815,8.050250126825741
19.24999999999759,0.009292742357485197,0.39518877146100895,8.814162448553414
19.25499999999759,0.009907605271023166,0.3944788510679106,9.370053542227227
19.25999999999759,0.010289593191838127,0.37262944342506316,9.705729302674886
19.26499999999759,0.010430350662956958,0.33081074159154567,10.274273164043095
19.269999999997587,0.010327161110735046,0.27125991887599027,13.54605592217959
19.274999999997586,0.009983045229823528,0.19716832445175914,16.090581847513498
19.279999999997585,0.009437832986601032,0.13789564340742227,17.771446164632646
19.284999999997584,0.008751918295841602,0.17977714279964482,18.500206288343282
19.289999999997583,0.008480785061192996,0.217278338797587,18.237720308633772
19.294999999997582,0.00791049664337635,0.24952411160903032,16.999871979246045
19.29999999999758,0.006920891659554815,0.2757719500313086,14.853186293659059
19.30499999999758,0.005564915927035373,0.30465297340234654,11.913075225103405
19.30999999999758,0.003915084233160645,0.3552797041475587,8.337617072981915
19.31499999999758,0.0020595947757092244,0.3869160788330255,7.8933141907470015
19.319999999997577,0.001855218069993862,0.3978793846598875,7.752790791007047
19.324999999997576,0.0024456596640420178,0.3876009021548712,6.833731456437087
19.329999999997575,0.0039146938760619065,0.35665106457250156,8.200152501401599
19.334999999997574,0.0053851267433949815,0.30670982603419983,11.776342913919523
19.339999999997573,0.00675308633865439,0.24354947315863876,14.717982671930752
19.344999999997572,0.007758048969571349,0.21245214712172178,16.86720603701373
19.34999999999757,0.008510573043304177,0.17653254040660207,18.110749554837525
19.35499999999757,0.009209301178111433,0.13662786380670572,18.38440594986421
19.35999999999757,0.009690607586904768,0.10732099275104581,17.67529617288987
19.36499999999757,0.009944246138608549,0.1915726346416423,16.025360583349425
19.369999999997567,0.009965119542758909,0.26544341604256877,13.522951977021824
19.374999999997566,0.009781177126952497,0.32500279231828744,10.300798533266137
19.379999999997565,0.009450144859236117,0.36708248155573703,8.853968794071763
19.384999999997564,0.008899055310597198,0.3894475260644048,8.32775436370346
19.389999999997563,0.008140989761881864,0.39091688151632603,7.606682490749258
19.394999999997562,0.007193866200397303,0.3714306642289197,6.708162697875727
19.39999999999756,0.00608002582837657,0.33205004650869774,9.784958634111128
19.40499999999756,0.005942266760174195,0.2748912886871467,13.07854449450979
19.40999999999756,0.007137032669337993,0.29018478263097053,15.671940988996411
19.41499999999756,0.00794525334188865,0.2990159206568438,17.424811385602577
19.419999999997557,0.008323705899714574,0.3007273696753209,18.241334595758786
19.424999999997556,0.008252244187221622,0.29851683632396775,18.078802673903112
19.429999999997555,0.0077348804321665954,0.2897130119289619,16.945386866369976
19.434999999997554,0.006799586388359103,0.2740669190409852,14.899269793754167
19.439999999997553,0.005678372434785118,0.2942409103566868,12.051242514258428
19.444999999997552,0.006793956146240489,0.34575668160744877,8.555065986046783
19.44999999999755,0.007743492263209619,0.3786373375796935,7.5597526305647795
19.45499999999755,0.008505172782212557,0.39110721049311664,8.254642001428975
19.45999999999755,0.009061696676065142,0.38249725472223844,8.756023390634832
19.46499999999755,0.00940059347098439,0.3532807364786888,9.05364704663708
19.469999999997547,0.009582997060608955,0.30503586397380705,11.44607677540234
19.474999999997546,0.009579540100866894,0.240361301415853,14.423748247779844
19.479999999997546,0.009347862262992487,0.16274212365142385,16.623922857992483
19.484999999997545,0.008893632176576162,0.13150674045498892,17.926061936930875
19.489999999997544,0.008382463109352766,0.170286022209296,18.260000483888216
19.494999999997543,0.008087785743021096,0.20497023856537674,17.609982618837982
19.49999999999754,0.0073587894245261505,0.23475227599680837,16.011066624562893
19.50499999999754,0.006234912711541743,0.2617251099405304,13.54874725035291
19.50999999999754,0.0047768901198447684,0.321483926738272,10.354779468744217
19.51499999999754,0.003063504084194746,0.36387048752175155,7.886753243413111
19.519999999997538,0.001820736176601267,0.38659018298891173,7.371052723624163
19.524999999997537,0.001521731262761802,0.3884138104660154,6.117790346817914
19.529999999997536,0.0026442900536536684,0.3692391807078087,5.911269551908059
19.534999999997535,0.004392635411674766,0.33009896250064547,9.744817730957612
19.539999999997534,0.005900642590869795,0.2731039091773788,13.053203598349592
19.544999999997533,0.007086716191489757,0.23683346614830267,15.65814764435601
19.54999999999753,0.007886615754598175,0.20641547932124918,17.41834711478804
19.55499999999753,0.008276699528084058,0.17118909959565393,18.238936687353316
19.55999999999753,0.008924113358067495,0.13197023967766586,18.075228940963946
19.56499999999753,0.009401204733564867,0.14882293715887923,16.93621416123458
19.569999999997528,0.009738535682296684,0.22837379097291133,14.884127364378948
19.574999999997527,0.009851222466908036,0.2956589616550288,12.029940908468626
19.579999999997526,0.009736680420007414,0.34705590966883637,9.030720567466469
19.584999999997525,0.009397710778588511,0.3798008738229762,8.703536460434938
19.589999999997524,0.008842425777152108,0.39212587448070657,8.172664114465547
19.594999999997523,0.008084005005098401,0.38334840122476077,7.45285860940383
19.59999999999752,0.007140335299496262,0.35391499669793386,7.901519609861747
19.60499999999752,0.006033572356593573,0.3053837050734219,11.51099703994354
19.60999999999752,0.006749103011857909,0.261407584798645,14.504721080446147
19.61499999999752,0.00775566289827774,0.2796966920334836,16.721224910337266
19.619999999997518,0.008349794193737324,0.2917446710383225,18.04140365252175
19.624999999997517,0.008498946250963436,0.29699542348891267,18.392645901977883
19.629999999997516,0.008194461406825318,0.29533127547302107,17.755208761802407
19.634999999997515,0.007452066491829336,0.28679454972132096,16.16254791167836
19.639999999997514,0.006311043414374065,0.271588003621378,13.70020140832991
19.644999999997513,0.005372285634420633,0.32603792632942213,10.50174826701198
19.64999999999751,0.006452888208043147,0.36913815219563084,6.7383420794718845
19.65499999999751,0.007379625879748406,0.3925124623114713,7.033729016176832
19.65999999999751,0.008173322260186685,0.39489702545487537,7.825803959854986
19.66499999999751,0.008839668205234047,0.37615459297923504,8.382924930051171
19.669999999997508,0.009297666633370798,0.3372831827513688,9.709147810393418
19.674999999997507,0.009536914054946121,0.28036336592062416,13.058778921904974
19.679999999997506,0.009552132150383382,0.20844226174946723,15.709662746558413
19.684999999997505,0.009343274639528406,0.12536769964997937,17.520162093237424
19.689999999997504,0.008915512350094763,0.12173380523541293,18.392206878313846
19.694999999997503,0.008441479408722804,0.15536261976262639,18.278830421548346
19.6999999999975,0.007939360525231434,0.18913904136085766,17.187538114233014
19.7049999999975,0.007013294452366741,0.22566969177788318,15.177643649720192
19.7099999999975,0.0057128556232673815,0.29450583986187195,12.356815583875939
19.7149999999975,0.0041076193706285295,0.3475886611936828,8.876312948848827
19.719999999997498,0.0026424772943618564,0.38208577778799857,6.894970840862771
19.724999999997497,0.0014899767855726083,0.39616114777040173,5.375722285843554
19.729999999997496,0.0016252679040350331,0.38907239755499046,3.543114390248259
19.734999999997495,0.0035009706337291446,0.3612086943226703,7.602366902680054
19.739999999997494,0.0051891806942261885,0.3140753298761614,11.2509788759239
19.744999999997493,0.0065999015841884815,0.260014647280823,14.293942631034039
19.749999999997492,0.007658068189845008,0.2363978524301492,16.569821350933157
19.75499999999749,0.00830754687826335,0.20733267088969373,17.956481425212306
19.75999999999749,0.00851412695780385,0.1734929313274618,18.38099321909949
19.76499999999749,0.008542339524983874,0.13565769314114345,17.82157424347371
19.769999999997488,0.009118218672327443,0.1799399888439214,16.309522872608074
19.774999999997487,0.009483791466641146,0.25553304594103715,13.927699966238846
19.779999999997486,0.009630548217117568,0.31735853220791954,10.802494540514603
19.784999999997485,0.009554998670606371,0.3621189130361139,8.878151421055257
19.789999999997484,0.009258770902378841,0.3874350714958927,8.608398002667
19.794999999997483,0.008748578116707484,0.39197136874018246,8.139455364624661
19.799999999997482,0.00803607773713907,0.37550476829948026,7.481906291614426
19.80499999999748,0.007137615819052958,0.33893879590977444,9.25003547503405
19.80999999999748,0.006073863072660651,0.2842521850472056,12.62460886999394
19.81499999999748,0.0069704439367284324,0.2536599323306435,15.319185442782844
19.819999999997478,0.007839228982840833,0.2733076802801082,17.189366591442948
19.824999999997477,0.008284061588418242,0.28662290983636496,18.13447185993268
19.829999999997476,0.008281637302000003,0.293293953122077,18.102792407998557
19.834999999997475,0.007832729007155806,0.29316459911757076,17.097384672226656
19.839999999997474,0.00696211889616436,0.2862294716134999,15.174728831110514
19.844999999997473,0.005717229498636537,0.28349359493367665,12.437843511375386
19.849999999997472,0.005082429918080384,0.3371703029953586,9.032839713297859
19.85499999999747,0.006185193345863824,0.3726065698085931,7.493374960259745
19.85999999999747,0.007178505048675829,0.38789515247785317,7.970188975974498
19.86499999999747,0.008068384794132001,0.3822169861445348,7.653064128178649
19.869999999997468,0.008770770134990813,0.35588604552271075,8.200220046733264
19.874999999997467,0.009269333036812223,0.3103311739246609,10.934604979525714
19.879999999997466,0.009552446720474199,0.2480223037116959,13.988943105660836
19.884999999997465,0.009613428873511586,0.1723362404369899,16.285482204222216
19.889999999997464,0.009450693564747596,0.11821553194124243,17.701792800221778
19.894999999997463,0.009067817153789268,0.10821373076295518,18.16289822543296
19.899999999997462,0.008473487298481755,0.14656202924683165,17.644007712440008
19.90499999999746,0.00768130946238933,0.18150226451243964,16.17218347716747
19.90999999999746,0.006709483768525391,0.25134818462801956,13.826523391260737
19.91499999999746,0.005580392978593281,0.3127530867909243,10.735437473901671
19.919999999997458,0.004320136667141577,0.3572644891949411,7.0691234877053875
19.924999999997457,0.0029579969672779713,0.3825025895458258,4.565634562347
19.929999999997456,0.001525775253323107,0.3871185503985736,2.3382535925670926
19.934999999997455,0.002473690823747823,0.37085791660187667,5.324521207129428
19.939999999997454,0.00423729645227632,0.33458433480953725,9.184911509806685
19.944999999997453,0.005774363138421678,0.2827597727107195,12.551886554561138
19.949999999997452,0.007001861676678489,0.26620367736307776,15.242219043240501
19.95499999999745,0.007853430483856486,0.24336841833816208,17.11243233157109
19.95999999999745,0.008282935554748927,0.21478119842436438,18.06311409930887
19.96499999999745,0.008266936790719197,0.18110643524719539,18.041953057361717
19.969999999997448,0.008444494651505633,0.14312598109402816,17.04951513131936
19.974999999997447,0.009056613393704943,0.21652913284992872,15.138235119259072
19.979999999997446,0.009455557423020532,0.28540267558637045,12.411181975318186
19.984999999997445,0.009631581711131968,0.3389677734611591,9.151804642576334
19.989999999997444,0.009580139772473448,0.3743301185804401,9.121800986019073
19.994999999997443,0.009301990468849324,0.38957340540225255,8.877771779883838
19.999999999997442,0.008803216289811972,0.3838706457892202,8.422635520331044
20.00499999999744,0.008095122788391931,0.3575209006386178,7.7680487606856525
20.00999999999744,0.007193970594438689,0.3119249711031553,10.946811454767227
20.01499999999744,0.006448564713358372,0.2495107536101133,14.018875542450157
20.019999999997438,0.0075063508990395236,0.2575701691246907,16.343937636653333
20.024999999997437,0.008160993227157489,0.2784163983146387,17.796266394355776
20.029999999997436,0.008376688210741836,0.2928043702754965,18.295104700017
20.034999999997435,0.008141143223162789,0.30038284675190297,17.811919591756098
20.039999999997434,0.007466282502071646,0.30095481987124423,16.371573478409307
20.044999999997433,0.006387632519419412,0.29448664594764506,14.051215301202616
20.049999999997432,0.004962427437395762,0.3163235503045062,10.974811818614139
20.05499999999743,0.0051930889199022934,0.36202229548466225,7.695788387123394
20.05999999999743,0.006377858052425305,0.3883666940248273,7.884541809815949
20.06499999999743,0.007472970001431558,0.39389441553238647,7.295934233436512
20.069999999997428,0.008396718906939833,0.3782712191623357,7.798869556911901
20.074999999997427,0.009126623694792939,0.34231421388569305,9.155508122230886
20.079999999997426,0.009644667062788423,0.2879322099395388,12.597293456231295
20.084999999997425,0.0099377329909707,0.21802431648930246,15.365863923863877
20.089999999997424,0.0099979510204632,0.13633235421038858,17.310920987702374
20.094999999997423,0.009822918902892419,0.09252374893521588,18.328988800919245
20.099999999997422,0.00941578039437187,0.11155882927163191,18.363792334633075
20.10499999999742,0.00878519445447151,0.14957927809086224,17.412374798038503
20.10999999999742,0.007945184584711518,0.21628466033913948,15.525572964930202
20.11499999999742,0.006914846909277318,0.28710691232953467,12.803327831228465
20.119999999997418,0.005717934004384807,0.34259349514459714,9.391305294796963
20.124999999997417,0.004382320581046371,0.3797529482785997,5.472475958804336
20.129999999997416,0.002939361080223363,0.39657615502111493,2.9492702976623373
20.134999999997415,0.001423159387958889,0.39214478164485617,3.0293560887053754
20.139999999997414,0.0032808700043312007,0.36668494043540095,7.154580395076924
20.144999999997413,0.005001484839818714,0.3215609937596192,10.894998275236153
20.149999999997412,0.0064533820281334935,0.2977205288473314,14.05024660209005
20.15499999999741,0.007558732094044223,0.2794294597760732,16.45204810523411
20.15999999999741,0.00825829918495606,0.25438709331236453,17.970933187267512
20.16499999999741,0.008514623551359924,0.22317575781066193,18.52492144150929
20.16999999999741,0.008314042910028725,0.18653051705551452,18.084025167327113
20.174999999997407,0.009025383762289223,0.17276928107718492,16.672762652633573
20.179999999997406,0.009639967362506312,0.25036903669853877,14.36713959590862
20.184999999997405,0.01002422001987521,0.3145143932859144,11.291003039042169
20.189999999997404,0.01016832710336812,0.36176600356966004,9.82813240843977
20.194999999997403,0.010068195902738197,0.38959307035574325,9.758456762877966
20.199999999997402,0.00972555386957649,0.39651234188410306,9.45668727089144
20.2049999999974,0.009147914628604027,0.3821670510185423,8.927721945061974
20.2099999999974,0.008348427597452704,0.3473432120352468,8.94489627572716
20.2149999999974,0.007345592581343693,0.293926134029176,12.421934926701661
20.2199999999974,0.007007445556993021,0.2532534258253482,15.229707735639382
20.224999999997397,0.00792863657962928,0.28068620484352375,17.217350541216813
20.229999999997396,0.008425173040768704,0.3014652301173819,18.28032102142356
20.234999999997395,0.008470837873329687,0.31506449771131434,18.361467988489714
20.239999999997394,0.00806362341311648,0.3211295695277612,17.4574298454701
20.244999999997393,0.0072258040477839935,0.3194779009113903,15.620457139657855
20.249999999997392,0.006002702939882457,0.31011319712053637,12.946734686264914
20.25499999999739,0.004460271486278496,0.33664337007888223,9.578928800202382
20.25999999999739,0.005849282886460342,0.37483201274142053,7.724593117041068
20.26499999999739,0.007119198057304381,0.39283738185924316,6.852983610307314
20.26999999999739,0.008221978853554402,0.38969172415830083,7.8052275526185735
20.274999999997387,0.009130777912657897,0.3655825752923689,8.701206743577762
20.279999999997386,0.009823338454475925,0.321828335870357,10.621918685125047
20.284999999997385,0.010282527992772458,0.2608019437153352,13.788638176884204
20.289999999997384,0.010496740383774777,0.18581047875405055,16.207947807630315
20.294999999997383,0.010460151539698677,0.1009148285427447,17.750312276892735
20.299999999997382,0.010172868059517805,0.08237126558283968,18.33502271098405
20.30499999999738,0.00964096178470254,0.13039124434327054,17.929365235090362
20.30999999999738,0.008876359402732433,0.1754497084447789,16.55613233711729
20.31499999999738,0.007896589764747542,0.24328966477249797,14.290444482823832
20.31999999999738,0.006724375075425551,0.30714566757276907,11.251956637285142
20.324999999997377,0.005387088187335384,0.35429554809300623,7.607995570810117
20.329999999997376,0.003916146686591478,0.38221032103103975,3.9809225129262065
20.334999999997375,0.002346311100603713,0.3894016626898857,2.4811120122274137
20.339999999997374,0.002154774504713723,0.3754949901187561,4.8812920875869485
20.344999999997373,0.003946650032674391,0.3412552210655263,8.814615533705279
20.349999999997372,0.005521147635463613,0.32381807619418757,12.2699448724354
20.35499999999737,0.006793032903042902,0.30872496621708,15.063468355015043
20.35999999999737,0.0076934146406228855,0.28621961500682597,17.043683217426043
20.36499999999737,0.008173462704041911,0.2568329276452328,18.10255307588902
20.36999999999737,0.00820705457714102,0.22126311633943016,18.184201081985538
20.374999999997367,0.009202406389822226,0.18035929529318273,17.28351017569819
20.379999999997366,0.009991047558804932,0.20914091093172546,15.44911570830169
20.384999999997365,0.01054518562637646,0.2797148445548158,12.78045774093503
20.389999999997364,0.010851331845196186,0.33521746438114236,10.283943909456175
20.394999999997363,0.010901912202122048,0.37264609614596733,10.343545221753374
20.399999999997362,0.010695448767118547,0.3899737804446076,10.155972355736806
20.40499999999736,0.010236620199337885,0.386258222339161,9.722931311120753
20.40999999999736,0.009536179297894937,0.36168579740754464,9.056138407989044
20.41499999999736,0.008610691929616143,0.31755909828861656,10.688144120225552
20.41999999999736,0.007482132995840904,0.2562363783630985,13.840943849982223
20.424999999997357,0.007520767906615768,0.2771146485770664,16.251588587851554
20.429999999997356,0.008213032962733905,0.3028270059486938,17.79004024805755
20.434999999997356,0.00846651727919272,0.3213103492043274,18.373249261527523
20.439999999997355,0.008266841297203191,0.3321225186105514,17.969108980625702
20.444999999997354,0.007623981748994399,0.3350050082978092,16.597903372306323
20.449999999997353,0.006571757147194897,0.32989191148469277,14.33349284927785
20.45499999999735,0.0051660193280504505,0.31691428958200507,11.297225704331595
20.45999999999735,0.004946754162331515,0.36055645149749643,7.650970086304827
20.46499999999735,0.006359805882542659,0.3886591642229184,6.22060373713788
20.46999999999735,0.007619102298853709,0.39596755014079593,7.387057947371549
20.474999999997348,0.0086948388954671,0.3820725062934886,8.40759432462931
20.479999999997347,0.009561656876539856,0.3477059314307261,9.224731889872952
20.484999999997346,0.010199253628183707,0.2947060448523321,12.344581588462681
20.489999999997345,0.010592864845191022,0.2259135767780288,15.172405641259218
20.494999999997344,0.010733595506287764,0.14501773361528997,17.185931623837014
20.499999999997343,0.010618614298296492,0.05636040327218763,18.277000513404687
20.50499999999734,0.01025121253944235,0.0984049304982641,18.388692190806555
20.50999999999734,0.00964072653507782,0.14578947124755315,17.514615651704315
20.51499999999734,0.008802322285825974,0.20810096790814098,15.700932273707261
20.51999999999734,0.007756629421940134,0.27996728112924574,13.045593014735262
20.524999999997338,0.006539807007853984,0.33681558497517233,9.69372852363588
20.529999999997337,0.005383273227384932,0.3756161263795295,5.826488038107259
20.534999999997336,0.004100196199718617,0.39431008983008786,3.8856697423887296
20.539999999997335,0.0027205478925269966,0.3919168702437175,5.0583408462102994
20.544999999997334,0.0030551954198758625,0.3685894288598891,6.722591376867132
20.549999999997333,0.0047906783030262,0.32560372440026086,10.471690406984559
20.55499999999733,0.006267899783410993,0.3145055690045639,13.655852251652751
20.55999999999733,0.007408308484565987,0.29672835147895255,16.106649766480203
20.56499999999733,0.008151442918860217,0.27199307009129914,17.694730913111783
20.56999999999733,0.008458145046488291,0.2409110636265955,18.33305747388428
20.574999999997328,0.00831266742383291,0.21055279015453884,17.987914184475226
20.579999999997327,0.009045982015850981,0.17640387321314024,16.67899001071875
20.584999999997326,0.009747815775598469,0.23905038329789463,14.475563471636567
20.589999999997325,0.010217869337338231,0.3039823502315294,11.49722330181786
20.594999999997324,0.010445896572215278,0.35249130860017763,9.920835402105311
20.599999999997323,0.010427342729949265,0.3820019684994921,9.873026771833722
20.60499999999732,0.010163406262780585,0.39096508857754514,9.594331038655774
20.60999999999732,0.009661013034673076,0.37893539918871083,9.091392901068943
20.61499999999732,0.008932670069974271,0.3465899131264256,8.438974552243312
20.61999999999732,0.008105405794176738,0.29568457700177575,11.92315989761705
20.624999999997318,0.0071936437199223964,0.24166313181705718,14.762588954326771
20.629999999997317,0.0076478735463736455,0.2704226886855472,16.80578779292887
20.634999999997316,0.008180929355888164,0.2926973410530032,17.944693087771242
20.639999999997315,0.008271408603136214,0.30797580293969173,18.117075994166825
20.644999999997314,0.007915052482640758,0.3159182235305673,17.314813762859078
20.649999999997313,0.007131645819351203,0.3163607399504663,15.581383327173683
20.65499999999731,0.005963944643965689,0.30932292517428966,13.009541518149625
20.65999999999731,0.0044753680084863995,0.3261517630579671,9.739607251533203
20.66499999999731,0.004952746869853786,0.3653714003466398,5.948247663936234
20.66999999999731,0.006252508534393651,0.38483738304831727,6.132587862269194
20.674999999997308,0.007399908697960044,0.3835051395839058,7.195808239464247
20.679999999997307,0.008368517980825756,0.3614455699247171,8.082336570912494
20.684999999997306,0.009136282941733388,0.31985047291777685,10.185253741600222
20.689999999997305,0.009685994387823017,0.260966897239855,13.368176529569029
20.694999999997304,0.010005647411241022,0.18797397059947216,15.828994126584728
20.699999999997303,0.010088667307949242,0.10481849236431166,17.4331971674802
20.704999999997302,0.009934028300544625,0.05460512191090401,18.097251128616065
20.7099999999973,0.00954630252738793,0.10048518735177725,17.78598465720867
20.7149999999973,0.009058173305063819,0.15946636901729996,16.514275813517237
20.7199999999973,0.00843293677890966,0.2366264857370973,14.349770874402344
20.724999999997298,0.007609003172317781,0.3010207016456988,11.4079154890388
20.729999999997297,0.006605779132652695,0.34916164074147765,7.8484601492731585
20.734999999997296,0.005446925305677309,0.37844244860506193,5.161222765506581
20.739999999997295,0.0041598065969603686,0.38727296282284057,5.811557450553503
20.744999999997294,0.0027748378092415445,0.3751653813734829,7.199483603139946
20.749999999997293,0.0038974323666648813,0.34275748606059997,8.451782854459601
20.754999999997292,0.005483767813050311,0.30106840533694595,11.940534572346667
20.75999999999729,0.006775594593625461,0.29326419896745554,14.788534530493868
20.76499999999729,0.007702671177044754,0.28209746800899166,16.84242791160495
20.76999999999729,0.008214347563017923,0.2643390795134853,17.990641237679096
20.774999999997288,0.008282314701316813,0.24042350528652964,18.16976924092448
20.779999999997287,0.007902165475430378,0.2109199369403681,17.36843855012695
20.784999999997286,0.008495477322926794,0.20294901331543497,15.630124809606967
20.789999999997285,0.00912802573392637,0.2746453346433204,13.048403721547807
20.794999999997284,0.009546184375087773,0.33166528014480495,9.759574479046469
20.799999999997283,0.009741119649728607,0.3709143627691258,9.128375525914988
20.804999999997282,0.009709163429955233,0.39025365619515917,9.110167226436195
20.80999999999728,0.009612483755575557,0.38861228983033735,9.042717019867693
20.81499999999728,0.009310365349386006,0.36604871163451047,8.761302699429653
20.81999999999728,0.008790518785554395,0.323754635816037,10.344404394718762
20.824999999997278,0.008065108582089833,0.26398031059040955,13.565325695532724
20.829999999997277,0.007437865571895752,0.22416662946705038,16.061748886151292
20.834999999997276,0.008176430675048842,0.2504090797511357,17.697933918313677
20.839999999997275,0.008478471545433977,0.2707570217387685,18.386260520096734
20.844999999997274,0.00832702600845358,0.28476078206359734,18.08737021998134
20.849999999997273,0.0077294715630857646,0.2921153913142838,16.816424381930364
20.854999999997272,0.006717148897930671,0.296102264348951,14.642696182125377
20.85999999999727,0.005343679098273871,0.3075994861266395,11.681724774094157
20.86499999999727,0.003682088335295528,0.357036819064712,8.093208401135296
20.86999999999727,0.004572067664683635,0.38744508283215034,4.424129337815421
20.874999999997268,0.0057826098769104915,0.3971866653729052,5.528906184048732
20.879999999997267,0.006855758611153942,0.38572761802991024,6.5010147714330335
20.884999999997266,0.007767335022798785,0.3536661037853787,8.414450850153056
20.889999999997265,0.008496935052060929,0.30269116208086067,11.975525831654613
20.894999999997264,0.00902830080686218,0.23549158868216497,14.904303527824283
20.899999999997263,0.009349622535665214,0.15562369499049455,17.042853948844563
20.904999999997262,0.009578205836497863,0.06732908622763571,18.27498955629973
20.90999999999726,0.009615100843646784,0.06998933627353922,18.530504585062282
20.91499999999726,0.00942530824788094,0.11549237461347586,17.792585610021884
20.91999999999726,0.009012840267589438,0.20022626247500927,16.10096953459219
20.924999999997258,0.008387020439380857,0.2743417392390981,13.545221171043949
20.929999999997257,0.0075622924484090364,0.3338531903385127,10.259359268722363
20.934999999997256,0.006557931472649735,0.37554613721928964,6.417819483588815
20.939999999997255,0.005397621592475825,0.3971585271562708,6.39581886547971
20.944999999997254,0.004108887949122785,0.3975085278291913,7.472331995409636
20.949999999997253,0.002899148575759925,0.37656010326023454,7.799759202461757
20.954999999997252,0.004679112498724495,0.3354254659256087,10.161621328303523
20.95999999999725,0.00620843637436305,0.29748153179469644,13.486931310010107
20.96499999999725,0.007405115165848836,0.2928803383573679,16.087729516121488
20.96999999999725,0.008205001651160794,0.2813162106981889,17.824378645562273
20.974999999997248,0.008565256981734087,0.2630797820081526,18.604497950943063
20.979999999997247,0.00846664054174508,0.23861676249186484,18.386108742522694
20.984999999997246,0.007914531949731955,0.20851454062206484,17.18202888787351
20.989999999997245,0.00796268151545937,0.2354802024851228,15.057295929927706
20.994999999997244,0.008596215121700052,0.3034356105141169,12.124867281670491
20.999999999997243,0.009144989450049794,0.35509841449276547,8.730177288094083
21.004999999997242,0.00949404453625904,0.38768597457113885,9.060407577257228
21.00999999999724,0.009617945170459491,0.39943920712497394,9.173719878800432
21.01499999999724,0.009513878750843098,0.3897244165928439,9.066881275838345
21.01999999999724,0.009184492144549278,0.3590683735004805,8.743747437912715
21.024999999997238,0.008637830247524843,0.3091195609624688,11.809547291085577
21.029999999997237,0.007887173287462015,0.24255289697396135,14.817118304317939
21.034999999997236,0.007788048481728803,0.21090932036793741,17.02765340203899
21.039999999997235,0.008381820491989449,0.23696060661616733,18.321599122713152
21.044999999997234,0.008523723085313255,0.2594945492884646,18.628255062431855
21.049999999997233,0.00820621185749836,0.27778010181623186,17.928102134618502
21.054999999997232,0.007446550878440584,0.2894493377748838,16.259500867195182
21.05999999999723,0.006285887094002729,0.29425720629063634,13.7133449918064
21.06499999999723,0.004787020401034408,0.3299478629760137,10.426274514068734
21.06999999999723,0.003031017555646744,0.372453275179067,6.575890367152917
21.074999999997228,0.004288548562421646,0.39482241086651226,4.0925149376269045
21.079999999997227,0.005467227244574208,0.3958535036825176,5.177547135342527
21.084999999997226,0.0065172403140926,0.37549205410607245,6.185253049155049
21.089999999997225,0.007414673564931799,0.3348394676903923,10.07578151711736
21.094999999997224,0.008175405826825886,0.276098068570827,13.420778130709257
21.099999999997223,0.008819343177410115,0.20244018496071123,16.042375313337715
21.104999999997222,0.009256165950887197,0.11784002252342571,17.797689661577223
21.10999999999722,0.009476021418568526,0.08571744589330538,18.5916278892866
21.11499999999722,0.009474076586693332,0.10883301678987198,18.38129476051005
21.11999999999722,0.009250656491812101,0.15446371582191656,17.177960376968706
21.12499999999722,0.008811251135189118,0.23502692392407035,15.047322863893463
21.129999999997217,0.008166382023648649,0.3029034824910571,12.103300562901799
21.134999999997216,0.007331338545107787,0.354422050726231,8.504126731168174
21.139999999997215,0.00632580388626117,0.38679277519795563,7.080882409981958
21.144999999997214,0.005173390653315208,0.398259074199109,7.839072093968504
21.149999999997213,0.003901083446917171,0.3881903343590983,7.817310019422869
21.154999999997212,0.003799530741723809,0.3571155623080335,8.260056341482315
21.15999999999721,0.005459067533431261,0.3066991543749616,11.906506831746869
21.16499999999721,0.006824941015074232,0.2901261132893618,14.913059605342914
21.16999999999721,0.007822997357307349,0.28513093933125655,17.118116263146426
21.17499999999721,0.008398859217406697,0.2735463263735758,18.401825009770185
21.179999999997207,0.008520875580025256,0.25565393417873566,18.693513314242654
21.184999999997206,0.008181868268261137,0.23187187079466365,17.974936262975966
21.189999999997205,0.0073995580467671775,0.2027482962276759,16.285079716583144
21.194999999997204,0.0077210986246343686,0.27428996180989057,13.71607929807639
21.199999999997203,0.008471687393739694,0.33459426528822017,10.40564209325595
21.204999999997202,0.009026321074707074,0.3769332414994656,8.39848905283931
21.2099999999972,0.009372187715686639,0.3990034895802732,8.722766408322345
21.2149999999972,0.00950123309596839,0.3995961309245436,8.847379842167843
21.2199999999972,0.009410360456168006,0.37865510153063964,8.76935712048515
21.2249999999972,0.0091015130813483,0.3372796530468976,10.234861939307704
21.229999999997197,0.008581641225232051,0.27767217540138567,13.608129118897622
21.234999999997196,0.00786255108635027,0.20301802478164166,16.253531129000613
21.239999999997195,0.00829716849939868,0.19838985578759244,18.025892196729647
21.244999999997194,0.008653427574056455,0.2278885426686353,18.828229031879896
21.249999999997193,0.00854531472576916,0.252795161331993,18.617157410725437
21.254999999997192,0.007978045561885642,0.27185713420689317,17.402466642068074
21.25999999999719,0.006981585686023307,0.28461280508459286,15.24842322175183
21.26499999999719,0.005609056124699374,0.3089062370273396,12.271836588286478
21.26999999999719,0.003933864485172824,0.36117041878329487,8.633836114096018
21.27499999999719,0.0026276351277503334,0.39407851083403866,4.529400706201772
21.279999999997187,0.003920067999273838,0.4058511988657262,4.095898928168637
21.284999999997186,0.005121272493355815,0.39584978267524784,5.980990310543048
21.289999999997185,0.006203243879481473,0.36461078341173064,8.315358722742452
21.294999999997184,0.00721277500064553,0.3138148011177209,12.003034194861852
21.299999999997183,0.008079139308382508,0.24619733929850063,15.043950532826834
21.304999999997182,0.008757969281051851,0.16539825396541177,17.2756836004094
21.30999999999718,0.009233479710945293,0.09531060079673712,18.58073408769421
21.31499999999718,0.009494578312709263,0.11486476368485923,18.88821688955342
21.31999999999718,0.009535108618994577,0.12297736422928762,18.18213313514641
21.32499999999718,0.009353976610894524,0.19730519710398273,16.503528602563435
21.329999999997177,0.00895513909695983,0.273428117519958,13.94563956382732
21.334999999997176,0.008347485414485935,0.3349071006811426,10.645953700647029
21.339999999997175,0.007544638600836859,0.37847342479878243,7.4446561225478
21.344999999997174,0.00656466753901561,0.4018169828967356,7.948606710962626
21.349999999997173,0.005429697180330432,0.4037105472238908,7.6638842293871505
21.354999999997172,0.004165436185645698,0.38407033372849514,6.616214102331202
21.35999999999717,0.004594142826029456,0.34396168613169675,9.986795202471423
21.36499999999717,0.006167907192224052,0.2921703350152269,13.380255111745747
21.36999999999717,0.007411635977113437,0.2961156265070222,16.058387582873227
21.37499999999717,0.00825927623437292,0.2932173426593466,17.877134143294896
21.379999999997167,0.008665976333340122,0.28351143997545447,18.737769457304825
21.384999999997166,0.008610510337158216,0.26719849258103506,18.593902165955896
21.389999999997166,0.00809642437643398,0.24463608663624264,17.453620537559168
21.394999999997165,0.00715183999877775,0.22995715553825846,15.378603468048132
21.399999999997164,0.007826338593830433,0.2996028234706267,12.47966370489974
21.404999999997163,0.008646580687262546,0.3530819387631811,8.911982412122423
21.40999999999716,0.009269434799170969,0.3875349151931113,8.543713698687643
21.41499999999716,0.009679926926495008,0.40112689154472325,8.949560375832542
21.41999999999716,0.009867981433732785,0.3931376699344141,9.14718476345046
21.42499999999716,0.009828665630475754,0.3640122764419613,9.135319776437367
21.429999999997158,0.009562273685890774,0.3153427748655275,11.580914258511283
21.434999999997157,0.009074318909027677,0.24977414606647672,14.646537261109613
21.439999999997156,0.008375445494147682,0.17086310961561188,16.917877319236997
21.444999999997155,0.00830264037488594,0.19748514445491955,18.27460567257611
21.449999999997154,0.008486301082656668,0.23029136958603005,18.64520279297262
21.454999999997153,0.008210116077178527,0.25784285773293647,18.010302861300367
21.45999999999715,0.007489742971192896,0.2794761544094401,16.40428756562843
21.46499999999715,0.006364778556548723,0.2946607005567801,13.915731392812052
21.46999999999715,0.004896597253357741,0.32437961464951603,10.678951816239188
21.47499999999715,0.0031650294219931247,0.36824751789634524,6.868209482492833
21.479999999997148,0.0021202444609251755,0.39214382233929324,4.92083862481485
21.484999999997147,0.003567067025945734,0.39479414785466943,6.607111849325488
21.489999999997146,0.004946537776855593,0.3760726098773624,7.628594168910173
21.494999999997145,0.0062125356414918466,0.3370114596173057,9.766027001636186
21.499999999997144,0.007335054259936,0.2797370897438603,13.143720947742505
21.504999999997143,0.008287367373460607,0.2073529542278756,15.809933258651974
21.50999999999714,0.009046687799976147,0.13153162024362391,17.622787797733263
21.51499999999714,0.009594724361113369,0.12052466021901849,18.484312041189593
21.51999999999714,0.009918101642799953,0.12361472619519148,18.346395266427887
21.52499999999714,0.010008643508672425,0.1474805141159426,17.216463868176834
21.529999999997138,0.009863571599806071,0.2284182997564667,15.158650388033479
21.534999999997137,0.009485630256392675,0.29702489103704344,12.283986124197801
21.539999999997136,0.008883086792162742,0.3495980549007111,8.745279421269656
21.544999999997135,0.008069588522595516,0.3832994577283724,7.948825406477633
21.549999999997134,0.007063890396043148,0.39631319001721693,7.322569086269028
21.554999999997133,0.005889437437287963,0.3879359309044331,5.9662649135061185
21.55999999999713,0.00457381159804612,0.3586147300969583,7.907365472133833
21.56499999999713,0.005333577152065596,0.30992301472597744,11.569320676258888
21.56999999999713,0.006719588812922561,0.30628869484153404,14.607225367404496
21.57499999999713,0.007745344944710475,0.3107400639375874,16.85711323998272
21.579999999997128,0.008355335406223368,0.30775579981619283,18.201055396636452
21.584999999997127,0.008516421414081033,0.2973987992330691,18.565488551583766
21.589999999997126,0.00821962425886238,0.2799080335671144,17.92927359241023
21.594999999997125,0.007480635557757712,0.2556955055073091,16.326611605360903
21.599999999997124,0.006940536697551663,0.2660481514314506,13.845610279960132
21.604999999997123,0.007977869138452743,0.3272140966125434,10.620767792477498
21.60999999999712,0.008825091833296701,0.3708255478526792,8.465772798390482
21.61499999999712,0.009461943814069633,0.39453581107867636,9.077430572553002
21.61999999999712,0.009873219920075218,0.39707226205643226,9.471506019280863
21.62499999999712,0.010049118598887965,0.37830010732826147,9.639945739740988
21.629999999997118,0.009985440696256004,0.3392251221493852,9.766844376001947
21.634999999997117,0.009683642149503057,0.2819307056042429,13.15092224205551
21.639999999997116,0.00915078894294134,0.20947154546256436,15.832741814616528
21.644999999997115,0.00839944502553235,0.1713541209235341,17.6661157574175
21.649999999997114,0.008535586733558654,0.20945563961218575,18.553317819135657
21.654999999997113,0.008480225422912099,0.24257020495206816,18.445145957194413
21.659999999997112,0.007969942278601861,0.26988824714772636,17.34388365266753
21.66499999999711,0.007031903466718844,0.29073065364476997,15.307993549118269
21.66999999999711,0.005716303999986199,0.30458234374403553,12.44983402503893
21.67499999999711,0.0040936301039657345,0.35125238059396907,8.924247086857
21.679999999997108,0.002250848789258817,0.3858601452888137,5.774573392498537
21.684999999997107,0.002475863084009222,0.39977987347843597,7.200492847876639
21.689999999997106,0.003945628911886681,0.3922636024850385,7.907183815516109
21.694999999997105,0.005320140567989327,0.36371112770528363,7.821975941793443
21.699999999997104,0.006566555524126081,0.31564870274337653,11.459520954988085
21.704999999997103,0.007655202230001833,0.2506661084479941,14.533516763165473
21.709999999997102,0.008560347830540476,0.1722748774976545,16.822975616971043
21.7149999999971,0.009260779120166505,0.12603952859615616,18.21033007248694
21.7199999999971,0.009740197012755896,0.12249476916192394,18.621440098912537
21.7249999999971,0.009987514251263867,0.10835756450696105,18.036274521063696
21.729999999997098,0.009997040949003623,0.18534482477491965,16.488815907135336
21.734999999997097,0.009768565581586177,0.261721238329147,14.061749514556228
21.739999999997096,0.009307394954032667,0.32408622345240734,10.884244534748426
21.744999999997095,0.008624312797156534,0.369111443234955,8.283662315660287
21.749999999997094,0.007735369209375083,0.39439645550524094,7.441002911748532
21.754999999997093,0.006722090874169917,0.39859675962818913,6.469246103071247
21.759999999997092,0.005641626742367691,0.3814942400955284,5.5329679324002825
21.76499999999709,0.004425021645537601,0.3440135308996614,9.459315745946807
21.76999999999709,0.005937363576715214,0.30047910176190223,12.878649423087646
21.77499999999709,0.007200156020604561,0.3095765298550721,15.609453936274408
21.779999999997088,0.008077939626591603,0.311306409916579,17.503856768735044
21.784999999997087,0.008523989403840805,0.30562569915079774,18.46024512431254
21.789999999997086,0.008514708291326131,0.29267010913243324,18.428595344863442
21.794999999997085,0.00805088730304303,0.27275431467212324,17.408944308912137
21.799999999997084,0.007157668984579609,0.24732218708874612,15.457088866166123
21.804999999997083,0.0073754613215756964,0.29006348295104367,12.677822249637929
21.809999999997082,0.008352892073889015,0.3448025884815172,9.21781996255191
21.81499999999708,0.009133455137130413,0.3810054366397564,8.659842202498455
21.81999999999708,0.009698809349076524,0.3967302703399425,9.191571959473054
21.82499999999708,0.010035725748316796,0.3911373844704472,9.5070639114913
21.829999999997078,0.01013635052141615,0.36453721420019297,9.600960400092864
21.834999999997077,0.009998347853779552,0.3183707574116195,11.090283134456543
21.839999999997076,0.009624966492673144,0.2551314250885552,14.20544979476977
21.844999999997075,0.009025026422151501,0.17822846635446607,16.555733698866558
21.849999999997074,0.008344817536583159,0.18284068533930986,18.016554857836958
21.854999999997073,0.008451877976033334,0.21925872135917193,18.509328213937092
21.859999999997072,0.008226054003946224,0.25043928264133514,18.008937146622866
21.86499999999707,0.007556037828725662,0.2756230769084065,16.543549994172476
21.86999999999707,0.00647797386470545,0.2941935733991577,14.191609072978919
21.87499999999707,0.005049874823460157,0.3172078748601441,11.078844215885045
21.879999999997068,0.003348527308289537,0.3633311312081184,7.370458323305067
21.884999999997067,0.0018617679875075296,0.3899196631853583,7.559063680100331
21.889999999997066,0.0027926448906508052,0.39553884286008795,7.994560499169668
21.894999999997065,0.004228487062221497,0.379877223161536,7.633951117321929
21.899999999997064,0.0055595701827004605,0.3437671166845769,9.196677309062284
21.904999999997063,0.006754403299850206,0.2891421305379934,12.653317149571581
21.909999999997062,0.007784883688887848,0.21892854671823808,15.432116378331143
21.91499999999706,0.008626944655153877,0.16999610084231,17.381923235859677
21.91999999999706,0.009261073771714775,0.1298486370254098,18.397346659401318
21.92499999999706,0.009672724103632067,0.10115880378633225,18.424545290829638
21.929999999997058,0.009852623114088672,0.1343246312148922,17.461524422742745
21.934999999997057,0.009796944515835567,0.21687340592592128,15.5579854616696
21.939999999997056,0.009577317729683395,0.28780849881087334,12.816051692311811
21.944999999997055,0.009207258431667201,0.3433048108792484,9.382473135038714
21.949999999997054,0.008617079936306813,0.3803651041182651,8.304361090555869
21.954999999997053,0.007820537139262828,0.3969854883540211,7.552092590434359
21.959999999997052,0.00683632583250119,0.39226329965249873,6.6184152834010535
21.96499999999705,0.0056876527966835235,0.3664440084857881,7.23233145234123
21.96999999999705,0.005049796380225687,0.320905838787983,10.982936426781288
21.97499999999705,0.006497265611230265,0.29753944958486933,14.146657642868304
21.979999999997048,0.007595814800944818,0.30416183177794953,16.550954893888516
21.984999999997047,0.00828615179337703,0.30354234340425973,18.065384134532096
21.989999999997046,0.008530927476889485,0.3002666857968225,18.60808626421131
21.994999999997045,0.008316763472859676,0.2901354877823609,18.148793343810613
21.999999999997044,0.007654978827790382,0.2730794587998553,16.71362961448822
22.004999999997043,0.006580960746951817,0.25367227462370096,14.381297150299096
22.009999999997042,0.007455603287876428,0.3178146198144106,11.275640925985307
22.01499999999704,0.008353700813613245,0.36490927575755544,7.9782061413020715
22.01999999999704,0.009053512860429299,0.39241205032940285,8.637121270055772
22.02499999999704,0.009538647022343107,0.3988245647350436,9.096012902946898
22.029999999997038,0.00979770600215042,0.3837855794711833,9.342882061091412
22.034999999997037,0.009875256756809832,0.3480961071118246,9.45148901982885
22.039999999997036,0.009812861064629561,0.29367199652155296,12.635566782699785
22.044999999997035,0.00951656279280368,0.22343463122928134,15.459379334209455
22.049999999997034,0.008992916594666032,0.1516264055568713,17.456037277465487
22.054999999997033,0.008501734057757416,0.1903912269056687,18.516071434805763
22.059999999997032,0.008525947260463814,0.22466612759881102,18.582470467706553
22.06499999999703,0.008091835685945169,0.25363067866369027,17.65095198579158
22.06999999999703,0.007222373784729745,0.27658994739610043,15.771677832197698
22.07499999999703,0.005963885390056214,0.29300439013835067,13.049931303112976
22.07999999999703,0.004383512173326167,0.34442459633818334,9.630031090621143
22.084999999997027,0.002565617111237728,0.38273342849720776,7.793023278368477
22.089999999997026,0.0019008968876148321,0.40059709003091837,7.91690550961993
22.094999999997025,0.003295817832143572,0.3970550455205671,7.24896010029935
22.099999999997024,0.0046898545991103215,0.3722927492062938,7.036137881073559
22.104999999997023,0.005974837035046843,0.32763930030284943,10.825241680304577
22.109999999997022,0.007120756806838033,0.2654884610658041,14.035094014514126
22.11499999999702,0.008100944632379354,0.2045614177124863,16.496141630808264
22.11999999999702,0.008892635350378805,0.16656994815755372,18.075038478118653
22.12499999999702,0.009477481408328832,0.12461118511863066,18.684854419513616
22.12999999999702,0.009887529722867884,0.08160616629411616,18.290687872575866
22.134999999997017,0.010168738019151398,0.1696141153940011,16.912491767378842
22.139999999997016,0.010213655546734288,0.24845867003238184,14.62533008797415
22.144999999997015,0.01002112040378264,0.31391075435151833,11.555503639680992
22.149999999997014,0.009595608134479103,0.36247299747206596,8.972836771890796
22.154999999997013,0.008947103375889411,0.3915573336918338,8.358750913397012
22.159999999997012,0.008090863400731563,0.39962222664424113,7.547296052221386
22.16499999999701,0.007047064799765321,0.3862530459341186,6.556037111504545
22.16999999999701,0.005840340981708693,0.3521825871887051,8.818894912522582
22.17499999999701,0.005556321195783272,0.2992555266999296,12.351929282988095
22.17999999999701,0.0068802880264966695,0.29738366188188997,15.217799162807955
22.184999999997007,0.00782896143547516,0.3075957348951723,17.259419868983734
22.189999999997006,0.008351970927457672,0.3105671430103018,18.369587818584204
22.194999999997005,0.008421918106755796,0.3062375777406289,18.491374523352945
22.199999999997004,0.008035798294688992,0.2947161056936281,17.618381753101406
22.204999999997003,0.0072151342038101396,0.2762807768789061,15.798946580375228
22.209999999997002,0.00623571165598004,0.27823226227978626,13.132166894492261
22.214999999997,0.007277028673570369,0.3354664468328489,9.761506926733258
22.219999999997,0.008142655837690367,0.37454244254342656,7.864556131611974
22.224999999997,0.008812824307446775,0.39337540337849847,8.474572171881078
22.229999999997,0.009420551041218255,0.39096812743993653,9.02842866235754
22.234999999996997,0.009808339845486805,0.3674610787661475,9.395009731615627
22.239999999996996,0.00996264539155647,0.32412862186994523,10.557366640921023
22.244999999996995,0.00987989997362622,0.2633121981096034,13.769202863216224
22.249999999996994,0.009562180348812458,0.18829249874354853,16.238676883206356
22.254999999996993,0.009017164570161443,0.14882472722687862,17.832035837131176
22.259999999996992,0.008425052336483548,0.1857603153285001,18.462033455114476
22.26499999999699,0.00825846518375621,0.21819536365841288,18.0963459509365
22.26999999999699,0.0076455657901352584,0.24536154420427353,16.755233185993504
22.27499999999699,0.006619443881845779,0.26818544453819154,14.508790024043927
22.27999999999699,0.0052355057813214,0.30927082953931706,11.477777523504905
22.284999999996987,0.0035685032098187915,0.3575301990617404,7.949857232682364
22.289999999996986,0.0018985771905379472,0.3864703100862149,7.746377078574413
22.294999999996985,0.0017403212227269044,0.3945198449555366,6.772165562470324
22.299999999996984,0.0031359065611572174,0.3812381961776617,5.121950565419877
22.304999999996983,0.004453813381214622,0.3473424036659106,8.775917670147106
22.309999999996982,0.005663232719280205,0.29466419498363045,12.295365802765412
22.31499999999698,0.006911620968709752,0.23180583052914921,15.150483145944191
22.31999999999698,0.007839760218070514,0.19802356491545078,17.186895045817806
22.32499999999698,0.008535744592044136,0.1595394023072049,18.295586821189914
22.32999999999698,0.009227724910071513,0.11725272490375187,18.417557869228936
22.334999999996977,0.009701228381594547,0.1251869178720982,17.544033575167997
22.339999999996976,0.009944783252420458,0.20834834182389533,15.72053600555153
22.344999999996976,0.009952266018106224,0.28026432105257176,13.045855685919648
22.349999999996975,0.009723071323378445,0.3370374516236978,9.663396542531277
22.354999999996974,0.00926215165673995,0.3755895618652346,8.904813428654938
22.359999999996973,0.008579945882669788,0.39383515651904477,8.271976730667863
22.36499999999697,0.007692169258413494,0.3907831837568365,7.442569139791684
22.36999999999697,0.006619439545625572,0.3665862466613725,6.91719542586202
22.37499999999697,0.005386791762070865,0.3225394639502864,10.70151765857283
22.37999999999697,0.006344516238236502,0.28431119056464427,13.910513596356006
22.384999999996968,0.007460309774979514,0.30076798736961974,16.37002917513147
22.389999999996967,0.00817235820096271,0.3101342781781448,17.94864577495441
22.394999999996966,0.008441734932660198,0.3121785764612442,18.560150360675895
22.399999999996965,0.00825335776822232,0.3068430618564923,18.171676885355367
22.404999999996964,0.00761680013535108,0.29425095115757344,16.80537081795447
22.409999999996963,0.006565763253480092,0.274701624232719,14.534261318698313
22.41499999999696,0.006353308347118738,0.31441975881539985,11.48087558945523
22.41999999999696,0.007467224727235169,0.3626418854828426,7.8079750775221894
22.42499999999696,0.008458334944025436,0.39143745654436424,7.8817370186074065
22.42999999999696,0.009253546184078526,0.39923314657968584,8.644070877719782
22.434999999996958,0.009833922223377417,0.3855883401401468,9.203753346626536
22.439999999996957,0.010185553081377289,0.35121750639667854,9.54765143687191
22.444999999996956,0.010299905923812792,0.2979491387744019,12.42495879438128
22.449999999996955,0.010174053387581242,0.22862836656793165,15.303350088207424
22.454999999996954,0.009810755032247397,0.14696270575013184,17.362914238913188
22.459999999996953,0.009218396311126807,0.145624876707699,18.491822779325393
22.46499999999695,0.008646021442821944,0.18221819953499838,18.629072317016288
22.46999999999695,0.008241168887324091,0.21933363520981275,17.76623693359048
22.47499999999695,0.0073981226999730795,0.2512786890772202,15.949434912310982
22.47999999999695,0.0061616976581998556,0.2838161894317183,13.275509949344288
22.484999999996948,0.004597847596121136,0.341723835399783,9.887548437882057
22.489999999996947,0.0027901276752811174,0.3813641329362399,7.468768960950499
22.494999999996946,0.0015406091945730236,0.40060937067381486,6.214310660501656
22.499999999996945,0.0015500930821563794,0.3984258258436324,4.338923978706831
22.504999999996944,0.0030957725876015205,0.3749255791819709,6.797156214262592
22.509999999996943,0.004861503805752772,0.3313669080785447,10.626312227108267
22.51499999999694,0.00636515807251907,0.270094798627987,13.882531553115312
22.51999999999694,0.007526423931184861,0.23192767930691738,16.390769962744432
22.52499999999694,0.008283434215702917,0.19670628550958644,18.0168203850364
22.52999999999694,0.008726212789084298,0.15689114137623755,18.674292120681706
22.534999999996938,0.009402019605353584,0.11343158513148272,18.32950455624994
22.539999999996937,0.009853987946006773,0.1641744092889079,17.002377564221405
22.544999999996936,0.010071751081800877,0.2435946763111964,14.765729244694686
22.549999999996935,0.010050459766885884,0.3098596749972104,11.740270229711482
22.554999999996934,0.00979089697419881,0.359430815299591,9.329818162937912
22.559999999996933,0.009299458341487469,0.38966778013156134,8.853092734089103
22.56499999999693,0.008587979890318257,0.3989756058991073,8.170367322144694
22.56999999999693,0.007673427434288103,0.38688813277967987,7.2980133993736525
22.57499999999693,0.006577485448026239,0.35408615612817923,8.569271147358213
22.57999999999693,0.005530768944074228,0.30235949864272665,12.12139184682327
22.584999999996928,0.006872944978711095,0.2865231004839966,15.018041525455294
22.589999999996927,0.007844723271200902,0.30185733891661365,17.106163845798385
22.594999999996926,0.008394594189809841,0.3100819879022004,18.274810603889524
22.599999999996925,0.00849373183275148,0.3110015726154456,18.461539053193995
22.604999999996924,0.008137522713963945,0.3045926847325651,17.657593166393287
22.609999999996923,0.007345792950762769,0.291004185342602,15.906577720204846
22.614999999996922,0.0061617256428160554,0.27332575693021055,13.303258552485866
22.61999999999692,0.006322434682959332,0.3315573042487478,9.989360374929515
22.62499999999692,0.00745955712283571,0.3718895310165313,7.060061948135103
22.62999999999692,0.008421212893194039,0.3921775279423824,7.97706909588008
22.634999999996918,0.00918461265520963,0.3913518443222428,8.70676119494448
22.639999999996917,0.009731630809205166,0.3694746585565029,9.230465797441274
22.644999999996916,0.010049256856167189,0.3277346056463063,10.247088743995015
22.649999999996915,0.010129921420590323,0.268388584494861,13.491319716583613
22.654999999996914,0.009971679013175121,0.19464253518627336,16.007100006852102
22.659999999996913,0.009578249411665619,0.12013886727726869,17.658966503515487
22.664999999996912,0.008958928481053657,0.1458509986501383,18.359167307210882
22.66999999999691,0.008235615380650292,0.1863707346358429,18.07018122982329
22.67499999999691,0.007664432535993797,0.22247922397458508,16.80600434798562
22.67999999999691,0.006678766411152438,0.2533283329521608,14.63513490378644
22.684999999996908,0.005332152929857505,0.3022107434849942,11.675302877015628
22.689999999996907,0.003697588614409508,0.3516149826942183,8.086392806674437
22.694999999996906,0.001863582626895087,0.38198741231156574,5.413374589379896
22.699999999996905,0.0008145823377185402,0.39169490690754755,3.3606727065931823
22.704999999996904,0.0020004057388699373,0.38021812017938167,4.4111334893945
22.709999999996903,0.0038214020458479906,0.3481804026118552,8.403953537616374
22.714999999996902,0.005435130449473572,0.2973109588383912,11.943823971769689
22.7199999999969,0.0067542838910023655,0.2559884964308641,14.840392454332333
22.7249999999969,0.007707429892941778,0.2257252073812929,16.936581453869135
22.7299999999969,0.008242872214285504,0.1901561409068653,18.11903353324185
22.734999999996898,0.00885550719196893,0.15012223030231198,18.32383341755547
22.739999999996897,0.009497232143798651,0.11749619816083827,17.53935710992804
22.744999999996896,0.009914946850331126,0.20086372235073274,15.807652566030457
22.749999999996895,0.010098881252272828,0.2734360710081432,13.221286896934293
22.754999999996894,0.010044772580543301,0.33129342822941915,9.92165599157658
22.759999999996893,0.009754006574102962,0.3713174680017782,9.239990908634798
22.764999999996892,0.009233615871596233,0.39135074944964476,8.736677259598581
22.76999999999689,0.008496101301969131,0.3903061617057547,8.026473311429424
22.77499999999689,0.007559108838236541,0.3682272664956865,7.212399893940521
22.77999999999689,0.006444994829424651,0.3262886825717225,10.287063244893966
22.784999999996888,0.006257875279289463,0.2667320033332678,13.53560845048843
22.789999999996887,0.00740656539894996,0.28752754525344015,16.059575070442914
22.794999999996886,0.008159147079804767,0.3016677210496135,17.72259161753885
22.799999999996885,0.008474603329722165,0.30867993897519386,18.43531064446782
22.804999999996884,0.008335360301241442,0.30841436945710665,18.158671637228224
22.809999999996883,0.007748248209878782,0.3008916365648059,16.906396142188367
22.814999999996882,0.006744150214540983,0.2863051751030201,14.746280714420228
22.81999999999688,0.005376343906232632,0.3067370781850279,11.794372504261869
22.82499999999688,0.00637258289370695,0.3567454328083054,8.208969345049555
22.82999999999688,0.0074779312217095936,0.387721133576263,7.846405993765267
22.834999999996878,0.008406609186762642,0.3979901535356544,7.968839012837044
22.839999999996877,0.009137236051601695,0.3869819725856362,8.641388530705276
22.844999999996876,0.00965308338175542,0.35525917784820943,9.11310947540656
22.849999999996875,0.0099424407731454,0.3044986386265122,11.944667195338594
22.854999999996874,0.009998898938260775,0.23740512927415613,14.892736545604468
22.859999999996873,0.009821486824673327,0.15755426582456641,17.047608834232108
22.864999999996872,0.009414663275784371,0.10394792110734034,18.29245470277469
22.86999999999687,0.008788214280550991,0.14663167698601726,18.55902880495716
22.87499999999687,0.008257920325173257,0.1858371861047494,17.832012148418073
22.87999999999687,0.007476025308563987,0.2206486647343746,16.149427172498473
22.884999999996868,0.006295804431891863,0.27323254819585785,13.6012711166445
22.889999999996867,0.004780095302912388,0.3330511033959451,10.3261509633909
22.894999999996866,0.0033488936466850505,0.37511733604488573,6.500342096185657
22.899999999996865,0.002058922581291119,0.3971846504392439,2.480327697020203
22.904999999996864,0.0009092210883092643,0.398071480124505,1.971851787453356
22.909999999996863,0.0028487296044205548,0.3777319263200278,6.163969734337713
22.914999999996862,0.004636204692532328,0.33725810892469654,10.025557223795108
22.91999999999686,0.006176401194885863,0.27882049201673076,13.349489539391714
22.92499999999686,0.007387334126535035,0.2494102222743781,15.957635010121985
22.92999999999686,0.008204664999341915,0.21981900063624332,17.711569855133444
22.934999999996858,0.00858512160416544,0.18717913447371642,18.51910815695149
22.939999999996857,0.008686817430468115,0.15493087785103965,18.337563620345954
22.944999999996856,0.009312104051115041,0.15012098488709855,17.175347937037955
22.949999999996855,0.009719924229264255,0.2307965748655126,15.09488805432834
22.954999999996854,0.009900991982702584,0.29905770570335105,12.209564280807587
22.959999999996853,0.009851273596465192,0.351268846778112,9.233054642059548
22.964999999996852,0.009572054039341808,0.38465870470766367,8.969145305903487
22.96999999999685,0.009069899091090544,0.397465564933355,8.49831732659576
22.97499999999685,0.00835651829276838,0.3890272790404334,7.830356052250619
22.97999999999685,0.007448518766150608,0.35981557067341363,7.867675922086521
22.984999999996848,0.00651516573043133,0.311412850549386,11.493412127524993
22.989999999996847,0.006628761093702067,0.25943507511624714,14.499537559109797
22.994999999996846,0.007665750388576909,0.2803493359039082,16.72655632715296
22.999999999996845,0.008290185215310318,0.29472970683648686,18.056064689216328
23.004999999996844,0.008469273306182627,0.30223548176745496,18.416792032193605
23.009999999996843,0.008194114720621547,0.30268813332224564,17.789819475741748
23.014999999996842,0.007480166146456819,0.2960729741130963,16.20996719290948
23.01999999999684,0.006366384377707507,0.28253692781878537,13.763557271975385
23.02499999999684,0.004960373562737594,0.3210859300741118,10.581511025280864
23.02999999999684,0.0062065925214366295,0.3646249188522867,7.7652947222405
23.03499999999684,0.007307543480395277,0.3885164842985139,7.177053641987424
23.039999999996837,0.008237456267556504,0.39149550410185646,7.75782593660251
23.044999999996836,0.008974550959952093,0.3734249084529603,8.45361863100539
23.049999999996835,0.00950154396117181,0.33529578000139343,9.554346892233065
23.054999999996834,0.00980606421403941,0.2791738276688566,12.894434040782127
23.059999999996833,0.009880930601757877,0.20809686712675315,15.536350176059848
23.064999999996832,0.009724285658384187,0.12591100375207753,17.337995173811127
23.06999999999683,0.009339625095400995,0.09983461866166825,18.2040318343173
23.07499999999683,0.008778204730810622,0.14213251693855766,18.088742343906098
23.07999999999683,0.008127582120926773,0.18156631655201771,16.998498081938564
23.08499999999683,0.0072815898326480345,0.22136878940718915,14.991377569574578
23.089999999996827,0.006259131375906849,0.289284053178812,12.174727939075156
23.094999999996826,0.005083395843434982,0.3414769187818668,8.702418302147194
23.099999999996825,0.0037813516158161976,0.375139280258253,4.762526288407562
23.104999999996824,0.002383133277808562,0.38846030682268134,2.560569094808261
23.109999999996823,0.001598224899153703,0.38072289314852964,3.6608498070246545
23.114999999996822,0.003430901395293848,0.352347705307544,7.689225329369882
23.11999999999682,0.005073940929136109,0.3048681082293743,11.302613501898376
23.12499999999682,0.0064382339114828985,0.283094216441034,14.304995906110683
23.12999999999682,0.007449744231857264,0.2647225140333112,16.53262060147059
23.13499999999682,0.008053536402248648,0.24004008942775096,17.864666888227923
23.139999999996817,0.008216761578362692,0.20960687856609286,18.228764706450708
23.144999999996816,0.008817924471766055,0.1741195501563848,17.605785065917146
23.149999999996815,0.00948146474241844,0.1861461271521831,16.029414314374705
23.154999999996814,0.009927785182590304,0.26018169416541603,13.58481249091911
23.159999999996813,0.010146130664842361,0.32015793254797975,10.405682862106898
23.164999999996812,0.010131014030430392,0.3628304622883695,9.405087075261557
23.16999999999681,0.00988626085486803,0.38588648038014817,9.334604558228516
23.17499999999681,0.009533731716277848,0.38807300731272343,9.038390831913086
23.17999999999681,0.00895662192660334,0.36926705683925737,8.521517951438826
23.18499999999681,0.008167783164232117,0.3304794440006991,9.6771323756693
23.189999999996807,0.007185271795777124,0.2737999266353216,12.994674570482234
23.194999999996806,0.007214522471793856,0.26103326629726564,15.612757785604298
23.199999999996805,0.008019655075817537,0.28354677716383153,17.39110216669008
23.204999999996804,0.008395864325544273,0.29945656260984516,18.232774568529784
23.209999999996803,0.008322389120595998,0.3083746193958503,18.092861444255387
23.214999999996802,0.0078026675006518074,0.3100839785527654,16.98092894230888
23.2199999999968,0.0068641247397747615,0.30718020399477347,14.956663220386497
23.2249999999968,0.00555670188475167,0.2976726048846291,12.126559680287924
23.2299999999968,0.004819143938485418,0.3472611685024455,8.64246786850422
23.2349999999968,0.006116274704860468,0.3805952717772787,6.751479160786612
23.239999999996797,0.007269463635134939,0.3935333188260007,6.8823994064021345
23.244999999996796,0.008251601482583956,0.3853656627452231,7.812268954766602
23.249999999996795,0.009039583289776715,0.3565229497350109,8.558029125067499
23.254999999996794,0.009614875821678524,0.30854944218324243,11.403425626993334
23.259999999996793,0.009963966307134092,0.24402117525162453,14.4078811456544
23.264999999996792,0.010078678431114851,0.16640223007233076,16.639696926063813
23.26999999999679,0.009971802302168587,0.07985167688838506,17.980524347515225
23.27499999999679,0.009707176528580434,0.10216078102548191,18.357156088736975
23.27999999999679,0.009212154996470066,0.13853796292112516,17.748963028955163
23.28499999999679,0.008498512646054238,0.18609997812258094,16.18789942148913
23.289999999996787,0.007583317416901765,0.26096002180955974,13.756118053303002
23.294999999996786,0.006488540130553798,0.3218118258168137,10.584603549599091
23.299999999996786,0.00524051411253161,0.36538765065625584,6.845726386178124
23.304999999996785,0.003869255442484143,0.3893568103641987,3.633155694621196
23.309999999996784,0.0024076934854949396,0.3924463329480413,4.150704002974202
23.314999999996783,0.002585658832686813,0.374501238935249,5.9986215515504036
23.31999999999678,0.004363139225522322,0.3364909181989699,9.532219152857008
23.32499999999678,0.005905517366742876,0.30003414614502416,12.880012811025564
23.32999999999678,0.00713021904376623,0.28570853703234694,15.535989496646131
23.33499999999678,0.007971735982028303,0.2646180467644225,17.357566397489805
23.339999999996778,0.008385136383042497,0.2372866427678226,18.24752366803784
23.344999999996777,0.00834846394114216,0.20437811017331664,18.15904113276253
23.349999999996776,0.008682905120453529,0.16667294422070844,17.099130398245375
23.354999999996775,0.009350367843921379,0.22154927951680478,15.12533212504321
23.359999999996774,0.009795616213969297,0.29021838607126604,12.342310496741867
23.364999999996773,0.01000782913112436,0.3433205786890442,9.591949182480223
23.36999999999677,0.009981654787272257,0.3780122589909308,9.581628863198835
23.37499999999677,0.009717341735917413,0.3924391148820161,9.346986291562308
23.37999999999677,0.009269460308097674,0.3858384292193985,8.943493692391662
23.38499999999677,0.008630714465065631,0.3585740180870078,8.340604367396065
23.389999999996768,0.0077847039016581835,0.3121152128922709,11.110668676034928
23.394999999996767,0.006751388714160326,0.2489581910802145,14.152140048788162
23.399999999996766,0.0075749506822938096,0.2666900977562603,16.432748495946896
23.404999999996765,0.008223283388092575,0.2889914820008037,17.830794350952047
23.409999999996764,0.008431823926235923,0.3044444491349576,18.272409627018494
23.414999999996763,0.008189691123899787,0.3126631909761611,17.732120871731652
23.41999999999676,0.0075102150549752455,0.3134426248407218,16.238271283666098
23.42499999999676,0.006430239389130151,0.3067597314101349,13.87127206822728
23.42999999999676,0.005008130272785465,0.31521158417899725,10.760536659816347
23.43499999999676,0.005227391972859902,0.35979904123307993,7.074446161817086
23.439999999996758,0.006517675020839567,0.3850110791616688,6.113867542933842
23.444999999996757,0.007656022580969591,0.38950392984501836,7.20847027182985
23.449999999996756,0.008615228465071498,0.37304942285133225,8.131860077906428
23.454999999996755,0.00937233375043087,0.33655103908333356,9.230779446003986
23.459999999996754,0.009909144074232455,0.28199278843306463,12.592520814104057
23.464999999996753,0.010212650633158427,0.2123253596069883,15.274450716327074
23.46999999999675,0.010275347884715952,0.13130532194924777,17.133564346769845
23.47499999999675,0.010095425579074679,0.06975544024016737,18.07113902245566
23.47999999999675,0.00970483713445482,0.10724658116985132,18.036974363757054
23.48499999999675,0.00915289471953639,0.15180938060801288,17.03304345502721
23.489999999996748,0.008385988386850417,0.21501704476153755,15.11306865506733
23.494999999996747,0.00742199575398285,0.2837514625358411,12.38069845465466
23.499999999996746,0.006283505677400518,0.33716299861491544,8.983915976975531
23.504999999996745,0.00499729595030138,0.3723859220616206,5.105253401706836
23.509999999996744,0.003593687559466309,0.3875273042230754,4.969481395206098
23.514999999996743,0.0021057791216318425,0.3817633747691116,6.580747114104483
23.51999999999674,0.0033406014734719508,0.35538997304992054,7.532297557538759
23.52499999999674,0.005003614749055478,0.3128342123682773,10.937364903350945
23.52999999999674,0.006396866750550626,0.30126176381361347,13.994584604224919
23.53499999999674,0.00744495830744641,0.2859273402159069,16.29913702409993
23.539999999996738,0.008091056709300834,0.2639131693657915,17.726046154195405
23.544999999996737,0.008299984181339457,0.23573892997902168,18.196119438040455
23.549999999996736,0.00822004796341914,0.20205796526759393,17.683307413577857
23.554999999996735,0.009059076013777617,0.17756185162410232,16.215121351418894
23.559999999996734,0.009682996871099803,0.25277208053554157,13.868970213157443
23.564999999996733,0.01007710508638,0.31437147586425634,10.770787918328988
23.569999999996732,0.01023205356812429,0.3590208462135548,9.774112514811009
23.57499999999673,0.01014409083620726,0.3843046358573937,9.6949856717119
23.57999999999673,0.009893152163632108,0.38886385036028825,9.41517436467317
23.58499999999673,0.009446990099917915,0.3724595585649699,9.010764498714911
23.589999999996728,0.00877690161085309,0.3359741382183822,9.233321255495161
23.594999999996727,0.00789827307499699,0.28136354259802976,12.610916992646255
23.599999999996726,0.007034230967113119,0.24859211294304592,15.313168965634265
23.604999999996725,0.007888823208635374,0.2756171741465529,17.194734552666812
23.609999999996724,0.008319321741176848,0.2960748309663029,18.152355365959856
23.614999999996723,0.008302115124794063,0.3094775493909351,18.13337854329829
23.619999999996722,0.007837661337675973,0.31551177360370014,17.14043486509497
23.62499999999672,0.006950448179616011,0.31499891200445396,15.227251077214284
23.62999999999672,0.005687667319596847,0.31035838299261115,12.495895293951271
23.63499999999672,0.004116699631678916,0.34117697019939114,9.090850798687839
23.639999999996718,0.005483533818963787,0.37688610146770296,5.242936708432943
23.644999999996717,0.006741120978273868,0.39239755190736025,6.4317216408565105
23.649999999996716,0.007838881258420706,0.3868587390809969,7.465920675973951
23.654999999996715,0.008751103622078905,0.3605478760757354,8.32250364537893
23.659999999996714,0.009456497378887329,0.31486076558626197,10.977802591456243
23.664999999996713,0.009938679975150704,0.25223994598864136,14.070525247592556
23.669999999996712,0.010222176993715585,0.17603721945133877,16.410565367329166
23.67499999999671,0.01036278962799261,0.09032671990130797,17.873634452683874
23.67999999999671,0.01026024118407821,0.07028217299318033,18.379512072225186
23.68499999999671,0.009916162147028017,0.11632792060020761,17.89834498737729
23.689999999996708,0.009337917895430675,0.17688503154319155,16.455352005913255
23.694999999996707,0.0085385025337377,0.2533446710653381,14.12850380294601
23.699999999996706,0.007536242971526033,0.3162730909861718,11.042864165388021
23.704999999996705,0.006354378576267214,0.3622883559255637,7.363241810369101
23.709999999996704,0.005020536593520587,0.38891209534353643,5.680943968004588
23.714999999996703,0.0035660911497300512,0.3947082540331662,7.044864604862558
23.719999999996702,0.0023799909388781413,0.37936646326196244,7.704168178787871
23.7249999999967,0.004187706043489407,0.3437195785825593,9.089828044248197
23.7299999999967,0.005771244848247371,0.31982768861494115,12.51962606052003
23.7349999999967,0.007045999501397132,0.31087762838311167,15.27638409202642
23.739999999996698,0.007943961085775959,0.2945677812721479,17.214496758779188
23.744999999996697,0.008417325621100676,0.2712805097638548,18.230150239075396
23.749999999996696,0.008441055597364364,0.2415698278081456,18.266732212837844
23.754999999996695,0.008245762505470506,0.2061462219113415,17.322058350850085
23.759999999996694,0.009034742461973442,0.211773218970788,15.448395548917523
23.764999999996693,0.009722730074375399,0.282262854965334,12.747458848901498
23.769999999996692,0.01021297264648053,0.337543266259446,9.664995459934643
23.77499999999669,0.01046299381290588,0.3746567998866651,9.915431499190532
23.77999999999669,0.010466577233716379,0.3916160641760749,9.934180840062282
23.78499999999669,0.010223299232665529,0.3875150222591995,9.71403431850214
23.789999999996688,0.009738633857446829,0.3625822376675906,9.259730389791276
23.794999999996687,0.009023875630291264,0.31816671398295004,10.736510337582935
23.799999999996686,0.00809588527356686,0.2566635531835784,13.86475398216624
23.804999999996685,0.007377725801502588,0.24310675892233005,16.247139055758257
23.809999999996684,0.008072130386964416,0.2717380256036815,17.755183741362874
23.814999999996683,0.00832864004634338,0.2952395634175373,18.305681634776953
23.819999999996682,0.008133676928793509,0.3116699429081363,17.869097297700296
23.82499999999668,0.007498005926696391,0.3206377996263307,16.46938529738468
23.82999999999668,0.006456147779435806,0.3219353161904659,14.182075333687813
23.83499999999668,0.005064509243433908,0.3155423116613087,11.131326233852187
23.839999999996678,0.0038852368624677706,0.356503655458668,7.482352285691446
23.844999999996677,0.005202494077130551,0.3837896574667012,5.140828169084066
23.849999999996676,0.006392014948264976,0.3903646318184742,6.241021980311586
23.854999999996675,0.007533550285223559,0.37587796860267486,7.310440741256044
23.859999999996674,0.008531344070566275,0.3411105604837608,8.914356738058762
23.864999999996673,0.009323950912767845,0.2879327931332333,12.356750202152764
23.869999999996672,0.009892751365450148,0.2192018639474142,15.135621472175478
23.87499999999667,0.010224469020320695,0.1386039779332944,17.10353293347314
23.87999999999667,0.010311483803488734,0.06954945628043498,18.152964074774466
23.88499999999667,0.010152007898823034,0.09678596790411911,18.223786914601828
23.889999999996668,0.009750150172106883,0.12931791785929528,17.311723404812422
23.894999999996667,0.009115845950901562,0.2112622010359616,15.46598986585482
23.899999999996666,0.008264626756708613,0.2818913788506993,12.785681260040827
23.904999999996665,0.007217243537433303,0.33739214210795376,9.414624042861387
23.909999999996664,0.005999155920034409,0.3747628715962034,6.276383118829766
23.914999999996663,0.004639898744415268,0.3919738011517775,7.348369253887194
23.919999999996662,0.003172340585847522,0.3880757917368702,7.681146051546727
23.92499999999666,0.003254265513651391,0.3632571629615394,7.243081265997801
23.92999999999666,0.004959507536229369,0.3188396460696663,10.749463082370953
23.93499999999666,0.006399625537733226,0.3127739164958692,13.903373532740595
23.939999999996658,0.007496836508180645,0.3010944436549895,16.308914821180263
23.944999999996657,0.008191810089752534,0.2822299065390111,17.836779044986343
23.949999999996656,0.008446862057938582,0.2566536796374331,18.404985230584785
23.954999999996655,0.008247971820894673,0.22500063421760202,17.984003330640224
23.959999999996654,0.008095761845963199,0.1880445825969781,16.595080027779577
23.964999999996653,0.008932544327342312,0.2489753554904537,14.310265565858314
23.969999999996652,0.009553831924347363,0.3128827895474725,11.252708056949722
23.97499999999665,0.009945033780375713,0.35998605139693185,9.62701440762409
23.97999999999665,0.010096992611414555,0.387752083981369,9.766863477353795
23.98499999999665,0.010006257005744526,0.3946926840952564,9.67036851108964
23.98999999999665,0.00967521325409684,0.3804287377881448,9.34170285689369
23.994999999996647,0.009112025047214757,0.3457117828440078,8.922779760196008
23.999999999996646,0.008330423586550713,0.29239500755610787,12.403930354964398
24.004999999996645,0.007349385023370499,0.22333588747988725,15.219717675524485
24.009999999996644,0.007910136219185342,0.24761216313762835,17.22096149649206
24.014999999996643,0.008399299388131812,0.27418031735626525,18.30028311194984
24.019999999996642,0.008437095766686602,0.29415595922714927,18.397158742280233
24.02499999999664,0.00802113688361675,0.3070710515260717,17.506241263435196
24.02999999999664,0.0071733974018926274,0.3126322165705981,15.675254515535917
24.03499999999664,0.005939045088258707,0.3107250473115454,13.001302811063256
24.03999999999664,0.004384035745575674,0.33928757768818896,9.627264510197742
24.044999999996637,0.004139620481956342,0.3776915430084765,5.73432161791761
24.049999999996636,0.005506303011266162,0.39585777032626135,5.292164992646235
24.054999999996635,0.006741494074888859,0.39280384446430305,6.460753954627179
24.059999999996634,0.007816138420725373,0.3686842584633342,7.473801943889606
24.064999999996633,0.008705052965129368,0.3247840061460768,10.66600618049545
24.069999999996632,0.00938749511386884,0.26345554795269466,13.86537709685792
24.07499999999663,0.009847638126849058,0.18799196463173926,16.32005623152488
24.07999999999663,0.01007491426574353,0.10244250878390643,17.899726107608977
24.08499999999663,0.010064230296868228,0.10569117347211238,18.520844199873043
24.08999999999663,0.00981609626488221,0.11863878089418192,18.15021304217514
24.094999999996627,0.009336641790668015,0.16768241309094972,16.808128158239406
24.099999999996626,0.008637466094118083,0.24612152936779874,14.567518352500821
24.104999999996625,0.007735338485037249,0.31141166200187703,11.548534701131056
24.109999999996624,0.006651789742459478,0.36006393042740276,7.9123726690796286
24.114999999996623,0.005412608276408854,0.38947703442091464,7.543034432729707
24.119999999996622,0.004047245676163252,0.39807521242764987,7.5673677565626125
24.12499999999662,0.0026161673942691355,0.38539802548607,6.834953910271814
24.12999999999662,0.0039832139339559605,0.3521311719991357,8.64946434377311
24.13499999999662,0.005613699398588855,0.308807349559769,12.177798914267234
24.13999999999662,0.00694381302702768,0.30252810578670747,15.054431618745786
24.144999999996617,0.00790261240002681,0.2891247191655492,17.123618718594802
24.149999999996616,0.008439073190060029,0.26893957918381806,18.272504218613516
24.154999999996615,0.008524854866119454,0.24247814706891538,18.440031079988014
24.159999999996614,0.008155814836707744,0.21038561970592845,17.61890649679536
24.164999999996613,0.008244546655802105,0.20256324155329403,15.853718983194197
24.169999999996612,0.009009334867681977,0.27529638237888465,13.23953734704264
24.17499999999661,0.009561839697838942,0.3331849971649314,9.915908567376501
24.17999999999661,0.009889523126381994,0.37312627809120275,9.337821844085857
24.18499999999661,0.00998512016083636,0.39298358140381856,9.412164396840359
24.18999999999661,0.00984680229012747,0.39170589102593123,9.264234188356074
24.194999999996607,0.009478235675754471,0.3693835704394215,8.89916621270638
24.199999999996606,0.008888494768271207,0.32723905816859633,10.322270346795563
24.204999999996605,0.008091845390850267,0.2675549229442818,13.551383742930755
24.209999999996604,0.0072904709719749765,0.21459529788674409,16.047865723113315
24.214999999996603,0.008047469963016512,0.24490108285540366,17.677735133577904
24.219999999996602,0.008368484764597263,0.26939992646019045,18.35413432345893
24.2249999999966,0.008236823676447161,0.28752960946448775,18.042138576443886
24.2299999999966,0.007660164059806797,0.2988725460223184,16.761353082098353
24.2349999999966,0.006670088623568533,0.3031668705461892,14.581686395026349
24.2399999999966,0.005320354728055534,0.3026996716111489,11.620627611808871
24.244999999996597,0.0036839945292618807,0.35184440790632615,8.037266906262472
24.249999999996597,0.004086282269035839,0.3819927616643192,4.031750413321286
24.254999999996596,0.005396958752484235,0.3915205171517846,5.8847391317608535
24.259999999996595,0.006577612001061155,0.3799081046462409,7.148922959730693
24.264999999996594,0.007601007494515317,0.3477734604360947,8.419865083789958
24.269999999996593,0.008443752316475522,0.29684015818683956,11.95345581591252
24.27499999999659,0.009086789360334307,0.22985155583651778,14.841985124216755
24.27999999999659,0.009515766716677036,0.15042445197805415,16.928856419169385
24.28499999999659,0.009721307972207402,0.11134118416764696,18.10114442034729
24.28999999999659,0.009699199481839605,0.1194631342801343,18.295769591224346
24.294999999996588,0.009450512765910656,0.11764406798211843,17.50472354175867
24.299999999996587,0.008981633090368599,0.20083234306031877,15.770586489522165
24.304999999996586,0.00830411664287977,0.27322163252664555,13.185129297009127
24.309999999996585,0.007527383647568019,0.3309061190775654,9.8886653233593
24.314999999996584,0.006603832375074834,0.3707708294766443,7.636460898943394
24.319999999996583,0.005526854622606735,0.3906498774451004,7.338476124642948
24.32499999999658,0.004321400384076138,0.38945048403621496,6.30318231795595
24.32999999999658,0.0030247232110130816,0.3672204226564906,6.5178668372258315
24.33499999999658,0.004755627088439235,0.32514112831398556,10.313850899776588
24.33999999999658,0.006232134861948539,0.2941402227254166,13.55780798991877
24.344999999996578,0.007374238162087453,0.28803780760985126,16.07524885965065
24.349999999996577,0.008119853923179965,0.27526668308647106,17.729700538207055
24.354999999996576,0.008428185915375868,0.25927881494676575,18.430753087395484
24.359999999996575,0.008281950060324892,0.23823837810413281,18.139648846505892
24.364999999996574,0.007688327672763045,0.21168572660299692,16.87179442133524
24.369999999996573,0.007818232276315175,0.24140628894641264,14.695208518361436
24.37499999999657,0.008552318631111397,0.3074579424789523,11.725452894654985
24.37999999999657,0.009086568609417145,0.35707089462669017,8.515893775653593
24.38499999999657,0.009409136066074453,0.38755035781115654,8.79793618541448
24.38999999999657,0.009513015838567037,0.3972345840048238,8.878263319874586
24.394999999996568,0.009396221112347607,0.38558605637319704,8.753456968760167
24.399999999996567,0.00912469429579037,0.35321693289494405,8.511367038151695
24.404999999996566,0.008693594040161463,0.30185224980521363,12.059268065362582
24.409999999996565,0.008060810308456175,0.23423638498238994,14.987077863767519
24.414999999996564,0.007930925631423582,0.20069437892572795,17.111813637168737
24.419999999996563,0.008479427495643004,0.22976377400463313,18.319213071763585
24.42499999999656,0.008576075542223918,0.25344585531184644,18.54637104146825
24.42999999999656,0.008215260614947864,0.27121413058147026,17.782120662418016
24.43499999999656,0.007415841388672932,0.282681310127282,16.066075473519113
24.43999999999656,0.006220159359591042,0.28759904379107704,13.487776839659725
24.444999999996558,0.004691808987002949,0.3352614278273942,10.18530580815616
24.449999999996557,0.002912234054139981,0.3765685453178082,6.337541188009762
24.454999999996556,0.0037404248318969584,0.39778799245994817,6.482289021191422
24.459999999996555,0.005002836876470545,0.39778299255959215,7.461718787934862
24.464999999996554,0.006147879854307639,0.37655604668508685,7.695716008471245
24.469999999996553,0.00714953261677727,0.3352440635793242,10.186252521491959
24.47499999999655,0.00798513121433211,0.27605155738275444,13.490749957136416
24.47999999999655,0.008635842735683004,0.20214001705651283,16.073866173360873
24.48499999999655,0.009087075581866924,0.11746192412376659,17.79737099973837
24.48999999999655,0.00932879440842825,0.11868722409075155,18.568914691183377
24.494999999996548,0.009406378403839318,0.11003109865632328,18.3460386184833
24.499999999996547,0.009321425502855602,0.15445821094364537,17.140776407895384
24.504999999996546,0.00902057695180801,0.23485410682935218,15.017581946388027
24.509999999996545,0.008510734172240275,0.3026265433488071,12.091392661394467
24.514999999996544,0.007803666014072853,0.35415635500076914,8.520531999390714
24.519999999996543,0.006915726004336863,0.38669706470904697,6.968965219465011
24.524999999996542,0.005867487400944281,0.39851669642872123,5.661154733966188
24.52999999999654,0.004683286993166615,0.38899278680543764,4.362562540472294
24.53499999999654,0.0036497917141549655,0.3586473419237462,8.096513299414191
24.53999999999654,0.005319211493995071,0.3091205700123105,11.714195465160552
24.544999999996538,0.006699727182810103,0.2864525333400084,14.699750334278589
24.549999999996537,0.007717701552457519,0.28577276592754575,16.892914933103327
24.554999999996536,0.008319038428960927,0.2784329523995825,18.1764187025593
24.559999999996535,0.008472070771221082,0.2646045045668011,18.4829731407014
24.564999999996534,0.008169231719751702,0.244606754497971,17.797058012766467
24.569999999996533,0.007427436132097283,0.21890234072218712,16.15595662337502
24.574999999996532,0.007296510916675018,0.2653118275580678,13.648620069427492
24.57999999999653,0.008055189176125268,0.325457415987627,10.409615302396682
24.58499999999653,0.008624789657001801,0.368012508026158,8.13365652173047
24.58999999999653,0.00903204520346382,0.39069882885590923,8.511872916824606
24.594999999996528,0.009287261799083742,0.3923121011314824,8.755038449282138
24.599999999996527,0.009324872086561258,0.37278476311482595,8.795059487397442
24.604999999996526,0.00914389191990913,0.33318505891252426,9.845744382913665
24.609999999996525,0.008748444008919517,0.27565855897693037,13.16485559132442
24.614999999996524,0.008147676940630321,0.20331487712733232,15.772617148515414
24.619999999996523,0.00798339876273548,0.18751033625923494,17.528656612234805
24.624999999996522,0.008359529696671721,0.21732554679687818,18.339748138332936
24.62999999999652,0.008283344015157568,0.24205913427387574,18.162505583165633
24.63499999999652,0.007759219794665419,0.2611256861930944,17.00540693181806
24.63999999999652,0.006815696666235932,0.2750450432336468,14.930505823175162
24.644999999996518,0.005503945639358789,0.2960758941212264,12.0500451734591
24.649999999996517,0.003895008443020016,0.3474989844142964,8.519190943769297
24.654999999996516,0.0021117217121111266,0.3801181622288044,6.9212743371945615
24.659999999996515,0.003448897951630836,0.3921734413579269,7.603310969400659
24.664999999996514,0.004705666750907001,0.3830165319062502,7.5267474083501344
24.669999999996513,0.005852619511713615,0.3531460949859896,7.9917795178187285
24.674999999996512,0.00686291710234916,0.3041820193015516,11.593850755956948
24.67999999999651,0.007712896248638168,0.23877821887799533,14.567669413466113
24.68499999999651,0.008382595316082495,0.16047840296220964,16.752256952848846
24.68999999999651,0.008894557374984685,0.11618870593814128,18.028679206288256
24.694999999996508,0.009262452002322336,0.10300169776533073,18.329642371802002
24.699999999996507,0.009413216465609327,0.10729869047932343,17.641937267586147
24.704999999996506,0.009342733811828556,0.1914140416799491,16.00420321266485
24.709999999996505,0.009052077470233625,0.26518327065391045,13.503488376920297
24.714999999996504,0.008547491366399368,0.3246223804638651,10.27215554706206
24.719999999996503,0.00784022066124982,0.3665117628088254,7.512345485700559
24.724999999996502,0.006946251036164241,0.3885805447677533,6.692236652117826
24.7299999999965,0.0058859866051713325,0.3896379880928905,5.710350155237677
24.7349999999965,0.004683839045002966,0.3696349511923636,6.080276697616862
24.7399999999965,0.004524575394428808,0.32965689030853984,9.91094765591304
24.744999999996498,0.006028371952805064,0.28662565267419604,13.20711525071304
24.749999999996497,0.007206453214459858,0.29336284872825363,15.789269318097254
24.754999999996496,0.007995136925586102,0.2931748740788438,17.51795419766285
24.759999999996495,0.008351772047342313,0.2860377698284993,18.302596585785693
24.764999999996494,0.008256996452543184,0.2721036176209004,18.10256727962309
24.769999999996493,0.00771574272284673,0.2516914873267851,16.928770438543168
24.774999999996492,0.006756961444386815,0.23147259329697392,14.844299645447055
24.77999999999649,0.007452740586109882,0.29848702684249934,11.961473772763664
24.78499999999649,0.008216529639137507,0.3494777409819752,8.434811883027123
24.78999999999649,0.008901148545678448,0.38169614642186245,8.378586234851149
24.794999999996488,0.009377518419359299,0.3933961420200589,8.851307255604336
24.799999999996487,0.009633893794060815,0.38393194080505844,9.117919090635056
24.804999999996486,0.009663657496301915,0.35379881417905407,9.170722156793452
24.809999999996485,0.009465501935114312,0.3046045870237097,11.637568644087077
24.814999999996484,0.009043479523523044,0.23897850978592744,14.612862251026392
24.819999999996483,0.008406914697734346,0.16043035467565972,16.806399793081365
24.824999999996482,0.008328643339185841,0.19447555787173157,18.099024212940456
24.82999999999648,0.008466248686730782,0.22463716237791923,18.417555908354917
24.83499999999648,0.008149615935015713,0.24950122627439267,17.74395985195445
24.83999999999648,0.007395355889171555,0.2725962395308914,16.114891448393507
24.844999999996478,0.0062436571664949035,0.2892787842614344,13.61644554446013
24.849999999996477,0.004756142543878794,0.3275019332700547,10.382761453001647
24.854999999996476,0.00301255478740637,0.3699331693189298,7.215648165681538
24.859999999996475,0.0023353953758591408,0.39251548652197576,7.595472812353093
24.864999999996474,0.0036894194398782304,0.394038876129609,7.215964380632856
24.869999999996473,0.004955659555831454,0.3744261270426836,6.11500487506027
24.874999999996472,0.0061041768836697,0.33473683882432126,9.864453724191602
24.87999999999647,0.0071079611265361204,0.2771083650946332,13.1869357676841
24.88499999999647,0.00803243261420794,0.20463888988413972,15.800854316513918
24.88999999999647,0.00881637587200018,0.13687078376113873,17.56760921840464
24.894999999996468,0.009392866323072558,0.09372539666781785,18.39363370498047
24.899999999996467,0.009747871697562254,0.06660035537287755,18.234093370057494
24.904999999996466,0.00987253733721652,0.14858253674882935,17.09704374979151
24.909999999996465,0.009763416343557874,0.22893340578660767,15.043303865320482
24.914999999996464,0.009422577590649708,0.2970010814801677,12.183766412104095
24.919999999996463,0.008857588462005832,0.3491391068643312,8.67144374156169
24.924999999996462,0.008081369692128264,0.3825524481056219,7.776221699116169
24.92999999999646,0.007111912824475763,0.3954518422624049,6.865311157571947
24.93499999999646,0.005971849204760568,0.38715605952090454,5.790236315772006
24.93999999999646,0.004687895606488507,0.3581265514453979,7.8276252258442796
24.94499999999646,0.0052485700791880755,0.3099377102698655,11.447911244369138
24.949999999996457,0.006636385129328475,0.30207441121806483,14.451848949055218
24.954999999996456,0.007667754765959581,0.30768531165614604,16.679657019009934
24.959999999996455,0.008287734411928382,0.30600310154601595,18.011235518896434
24.964999999996454,0.008463487204182194,0.2970555054460742,18.37416853759846
24.969999999996453,0.008186055621482967,0.2810462070778817,17.749927398396142
24.974999999996452,0.007470831012498565,0.25834594113411335,16.17286087124009
24.97999999999645,0.006767844504271322,0.2602042568064915,13.729478997786028
24.98499999999645,0.007829347982673877,0.32090986810863437,10.55276552307163
24.98999999999645,0.008707290851944468,0.36432572269701297,8.239848749941755
24.99499999999645,0.009380436452749021,0.3881421454174849,8.902590257497684
24.999999999996447,0.009832319008706668,0.3911019326741667,9.357057910569232
25.004999999996446,0.010051645110216695,0.3730679318304584,9.592326632984902
25.009999999996445,0.01003256578728791,0.3350333266605838,9.603156733672233
25.014999999996444,0.009774826350215001,0.2790670220845253,12.857202226721117
25.019999999996443,0.009283806130057986,0.20820000375438996,15.489605105333645
25.024999999996442,0.008570422326500527,0.1642309893952667,17.2853018924732
25.02999999999644,0.008318559242056869,0.20358174177161115,18.14867177102325
25.03499999999644,0.008280810953829704,0.2382324455145752,18.033296026232428
25.03999999999644,0.0077983086112986405,0.26735299104339494,16.945384865138557
25.04499999999644,0.006897876529941108,0.29024278480303906,14.944692455728326
25.049999999996437,0.005628848706801987,0.3063437637881775,12.140548908461504
25.054999999996436,0.00406038495733482,0.3397233834538143,8.68395793983816
25.059999999996435,0.0022777445870208286,0.3733327646717976,7.567655893963023
25.064999999996434,0.002468393861189491,0.3866844457322056,6.889460093615031
25.069999999996433,0.0038268776857124506,0.37907190606274754,5.526656600893577
25.074999999996432,0.005263756730300157,0.3509236965110227,7.633390076098986
25.07999999999643,0.006582677478231043,0.3037788051811695,11.224566455842654
25.08499999999643,0.007752351724944203,0.24020029924936886,14.206835916878182
25.08999999999643,0.008744956825477872,0.17951891712709975,16.421632426990968
25.09499999999643,0.009536819973804117,0.1372263422034059,17.748466284025078
25.099999999996427,0.010108962316682029,0.09163059494776357,18.11376249573394
25.104999999996426,0.010447510532381084,0.10047997619936169,17.49755184911697
25.109999999996425,0.010544011131135178,0.18405773666169642,15.933552335817629
25.114999999996424,0.010395657290907856,0.257662266428486,13.508259570898822
25.119999999996423,0.01000542507999502,0.31731913494471353,10.354487835592709
25.124999999996422,0.009382071840529398,0.35980994842067116,8.80352312159804
25.12999999999642,0.008539941477395745,0.38283523970218936,8.016138434330893
25.13499999999642,0.007498591016676583,0.3851344079997903,7.039415623422744
25.13999999999642,0.006282298324239984,0.3665604829534597,5.895787393614554
25.14499999999642,0.004919491132268723,0.32809564656962686,9.604976173777452
25.149999999996417,0.005978477669386793,0.30526498669345625,12.914377389876236
25.154999999996416,0.007159684788422803,0.31766730085717626,15.530293692753823
25.159999999996415,0.007957852921328935,0.3226033274476483,17.311273005399475
25.164999999996414,0.008329064371418534,0.3199510056740211,18.16022954709511
25.169999999996413,0.008252381311540973,0.3097699992487307,18.031389495159203
25.174999999996412,0.007730989669562521,0.29230010021978853,16.930364598732098
25.17999999999641,0.00679205931472007,0.26794939046901833,14.914075365619123
25.18499999999641,0.007065504381258261,0.2951080657162301,12.092502551300548
25.18999999999641,0.008161369169174012,0.3468858581797415,8.618614434104456
25.19499999999641,0.009064279362731353,0.38012863987725115,8.614142267190683
25.199999999996407,0.009753111359652164,0.3930326257939961,9.259787759843237
25.204999999996407,0.010211824010155874,0.3848877203890382,9.685377639860713
25.209999999996406,0.010429845890585331,0.3561207090958228,9.87998017231708
25.214999999996405,0.010402330960962054,0.30826607280052865,11.376108284613306
25.219999999996404,0.010130255991686042,0.2438747634734126,14.380415446233679
25.224999999996403,0.009620376299629156,0.16637947630211974,16.617699422284126
25.2299999999964,0.008885063426857624,0.16884960932628576,17.96552009150744
25.2349999999964,0.008522782895416473,0.20835995966850782,18.349232979850978
25.2399999999964,0.008242851050681038,0.24285990721025372,17.747498049219235
25.2449999999964,0.007525179876513826,0.27152665067160264,16.194063630797945
25.249999999996398,0.006408078341263344,0.2936850397668518,13.773232462510656
25.254999999996397,0.004951264424088735,0.32184613970312004,10.613452552043448
25.259999999996396,0.0032326769281307423,0.36558885868009167,7.331108901315307
25.264999999996395,0.001516717436099465,0.38975902755898345,6.359395718323577
25.269999999996394,0.0021034233293242815,0.39306035537619294,4.751981545575469
25.274999999996393,0.0036136292376602835,0.3753148527981183,5.634299645302493
25.27999999999639,0.00503273756505289,0.3374708845122529,9.503287669044019
25.28499999999639,0.006327074122604091,0.28155926452225677,12.861360326954884
25.28999999999639,0.007466021215536852,0.21080596665269222,15.527485542163856
25.29499999999639,0.00842275161582143,0.17188619346114675,17.359813444754952
25.299999999996388,0.009174836766544379,0.12894786682803883,18.261019266873923
25.304999999996387,0.009704749388098054,0.0849770107479539,18.18192144817137
25.309999999996386,0.010000276802848608,0.14005914004638936,17.125522096579008
25.314999999996385,0.010054818251726202,0.2207447393918459,15.148717641604293
25.319999999996384,0.009867542920287214,0.2895131988182557,12.358666128960229
25.324999999996383,0.009443398955649124,0.3426786881839973,9.105381860331514
25.32999999999638,0.008792964074764948,0.3774013802510578,8.464472812824834
25.33499999999638,0.007932167684929417,0.39183269133404786,7.623513946237285
25.33999999999638,0.00688190653113048,0.38521242697988034,6.602861528846719
25.34499999999638,0.005667545046879721,0.3579102696838708,7.481779953028444
25.349999999996378,0.00510575244998733,0.31140745088007843,11.119347568488925
25.354999999996377,0.00650481566367113,0.2989159315153179,14.156498946161653
25.359999999996376,0.007554725935020155,0.3088992203651827,16.432125312754096
25.364999999996375,0.008199355988135313,0.31150915546119884,17.82408534575156
25.369999999996374,0.008404378070526835,0.3066973392024896,18.256979311527715
25.374999999996373,0.008159103668438264,0.2945917689868821,17.709393548010745
25.37999999999637,0.007477035019238004,0.2754903016395819,16.211313130324054
25.38499999999637,0.006395125398126226,0.253949235256748,13.842535697186836
25.38999999999637,0.007161784522005261,0.31538123721779565,10.730265087232759
25.39499999999637,0.008161694401637313,0.35981189653338047,7.808875028351642
25.399999999996368,0.008967554701845008,0.3848569114076759,8.567080399182323
25.404999999996367,0.009560517273023003,0.38917490091094237,9.120600818037737
25.409999999996366,0.009926814204214263,0.37254288528072743,9.458220362621192
25.414999999996365,0.010058046274178434,0.33586973833254136,9.573336253055304
25.419999999996364,0.0099513488117963,0.2811467547170184,12.623929409610941
25.424999999996363,0.009609449123748053,0.21133739604762014,15.299814058148948
25.42999999999636,0.009040619919018307,0.13590775984869513,17.151086527851813
25.43499999999636,0.0082585099739925,0.17693621816163457,18.07881676698145
25.43999999999636,0.008231724721762972,0.21373698628478063,18.03281379230076
25.44499999999636,0.007771958071112123,0.24544301976082633,17.014898269705274
25.449999999996358,0.006892554184167676,0.27131353075946457,15.079347475267454
25.454999999996357,0.005641250265522839,0.2907495194706336,12.330411851824614
25.459999999996356,0.00408584423915937,0.33763942765756394,8.916166056066553
25.464999999996355,0.0023105352170278396,0.37248418119506355,5.790987171102719
25.469999999996354,0.0011171143524733823,0.38718258480920015,3.9697271411941464
25.474999999996353,0.0026284072784257505,0.38094671607567,3.351973580133234
25.479999999996352,0.00407664541290222,0.35411544371227227,7.380535365226114
25.48499999999635,0.005427814818194291,0.30813719307666915,11.010764889015528
25.48999999999635,0.0066502461968482455,0.24549342295793547,14.046743158478499
25.49499999999635,0.007715351324517073,0.19594482103162497,16.325014746221623
25.499999999996348,0.00859828372644744,0.15850790993459465,17.722264803838595
25.504999999996347,0.00927851574850773,0.1197709590706599,18.1647369313154
25.509999999996346,0.009740335980351759,0.09475927023738212,17.630301156900227
25.514999999996345,0.009973233776391636,0.1792023995042948,16.146950549865558
25.519999999996344,0.009972129061358075,0.25405252614836954,13.793100107764984
25.524999999996343,0.009737467388965266,0.3152724069747134,10.694852222773081
25.529999999996342,0.009275207624646802,0.35955694620009965,8.701866288485093
25.53499999999634,0.008596679658841854,0.38451024443371146,8.041154203814855
25.53999999999634,0.007718294912813998,0.3887714667545195,7.192910139551853
25.54499999999634,0.006661123854600157,0.3720867679938698,6.701544458707432
25.549999999996338,0.005491644776710002,0.33532603579794135,9.288280271851665
25.554999999996337,0.0058750549614229675,0.28044303712759644,12.66491919628679
25.559999999996336,0.007102091248245905,0.29346067989451785,15.363704614116704
25.564999999996335,0.00795018801269501,0.3019110243816407,17.237995155295696
25.569999999996334,0.008373123495190725,0.30325370494320564,18.18611018783749
25.574999999996333,0.008347520939511134,0.2974654779353196,18.15587057708084
25.579999999996332,0.007874137878566284,0.2846869665700935,17.147029500445882
25.58499999999633,0.006977850973569568,0.2652241369139686,15.214685470328593
25.58999999999633,0.005909356706271585,0.288906166414189,12.463971210221882
25.59499999999633,0.007028935158984849,0.3426748298344675,9.043494157889983
25.599999999996328,0.007980104970186511,0.3781242490682535,7.662271329443267
25.604999999996327,0.00874084985223467,0.39333951171877574,8.366344146009661
25.609999999996326,0.00929366802375109,0.38748661672451845,8.873314063617071
25.614999999996325,0.00962596422074311,0.36086637540907246,9.170543650661747
25.619999999996324,0.009730351121121292,0.3148996301063794,11.029591117186316
25.624999999996323,0.009604819466710659,0.252044697086972,14.112382090577201
25.629999999996322,0.009252765073550379,0.17566048376160553,16.44130323957005
25.63499999999632,0.008682892622174653,0.13519022794615138,17.89062641761529
25.63999999999632,0.008488461223257499,0.17436382555684177,18.38207161688749
25.64499999999632,0.008257507775550421,0.20936507156177847,17.88961164215764
25.649999999996318,0.00758529896828898,0.2393809888763237,16.43956262749842
25.654999999996317,0.00650759914055893,0.26371840357188625,14.109826377825748
25.659999999996316,0.0050818766842226975,0.31656228073183623,11.024405193841643
25.664999999996315,0.0033842429900121976,0.3624911969523782,7.347161294375515
25.669999999996314,0.0015054000000645216,0.38904599902670817,3.274759535356723
25.674999999996313,0.001191776397808665,0.3947977739473818,1.2022093223301638
25.679999999996312,0.0026445972395743125,0.37943420291441526,5.171378846099586
25.68499999999631,0.00419781191554099,0.34377481349195105,9.092376922886446
25.68999999999631,0.005781569682367978,0.28972829323885746,12.526231178351466
25.69499999999631,0.007056365225239371,0.22018992390971048,15.289116553307926
25.699999999996308,0.007954051169743312,0.1859900491572969,17.233071453827563
25.704999999996307,0.008426684134022814,0.15209599470558377,18.25321737495002
25.709999999996306,0.008969345637050562,0.1146954187674069,18.29604104340453
25.714999999996305,0.009392635476519057,0.13034756657655816,17.3612198968383
25.719999999996304,0.009593961532746366,0.21249623481143087,15.498247397111475
25.724999999996303,0.009568665873726524,0.28325553210032006,12.805471518444776
25.729999999996302,0.009317405959592007,0.3388365214752444,9.426924231525433
25.7349999999963,0.008846171458410844,0.376263123058552,8.400879322193004
25.7399999999963,0.008166146404009058,0.3935377201059807,7.7533458481117075
25.7449999999963,0.007293413328298207,0.389752749029906,7.121261063116199
25.749999999996298,0.006319217589062863,0.3651285881035486,7.620396697377345
25.754999999996297,0.005249868319762225,0.3209905671603586,10.685654854336814
25.759999999996296,0.006356217365574676,0.2727823873132167,13.829252664467612
25.764999999996295,0.0074668670537815325,0.2872227235147831,16.229435913111402
25.769999999996294,0.008177244699675259,0.29487969910870654,17.755402279413065
25.774999999996293,0.008449706141448325,0.2955853988108228,18.326352187371075
25.779999999996292,0.008270149205855644,0.2893281286384441,17.91483372436713
25.78499999999629,0.007648712810010593,0.2762512541913814,16.54469400427719
25.78999999999629,0.006619194437027878,0.2566592508287393,14.288894609107336
25.79499999999629,0.006014616076643663,0.30833343285364473,11.26621438704029
25.799999999996288,0.0070920551364086135,0.35559439256045394,7.662896360208869
25.804999999996287,0.008002463152892898,0.383696393442428,7.577861933385496
25.809999999996286,0.008724533006363347,0.39114895926754634,8.257316157256222
25.814999999996285,0.009241382399109219,0.3775737187533583,8.742779468035417
25.819999999996284,0.009540961477211415,0.34371288032977765,9.020375249662784
25.824999999996283,0.009616380672921275,0.2913870044497838,12.194506661182146
25.829999999996282,0.009466100022613866,0.22340696606539281,14.997508692574868
25.83499999999628,0.009093959427497784,0.14342985531749103,16.99333560658655
25.83999999999628,0.008509079555850594,0.13766377679603703,18.075284508117864
25.84499999999628,0.008274902354580296,0.17571246042618244,18.184341448614713
25.849999999996278,0.007878598241213564,0.20954241121246728,17.311708801186274
25.854999999996277,0.0070553510081117,0.23837442925230742,15.503140106636751
25.859999999996276,0.005849760202952432,0.2765683143085638,12.856982514727703
25.864999999996275,0.004327081236575774,0.3325032722421124,9.517000658692218
25.869999999996274,0.002569683641776553,0.37045576567759086,5.663996715499461
25.874999999996273,0.0008428538319381189,0.3883783362445605,1.505031511288514
25.879999999996272,0.0012847074321625826,0.3853016429990252,2.7357088095026825
25.88499999999627,0.0031283342826042013,0.361391445587588,6.828370155072431
25.88999999999627,0.004826664084217557,0.3179404750577689,10.55201805685561
25.89499999999627,0.0062647515074638945,0.25729449424077827,13.706374269941174
25.89999999999627,0.0073647920588525775,0.2181447090565644,16.122732900489073
25.904999999996267,0.008067195119518148,0.18919216595872482,17.67015844478119
25.909999999996266,0.008333804684962084,0.15585904804139225,18.263909445413187
25.914999999996265,0.00882702151020156,0.11891349098718698,17.873205919899313
25.919999999996264,0.009223072760916436,0.16792006433202727,16.519435738019183
25.924999999996263,0.009401733181281091,0.2449104600680062,14.276722556373024
25.929999999996262,0.009359299083596543,0.30877009248665277,11.267130411086155
25.93499999999626,0.00909732726338592,0.35606695323244564,8.561265870588525
25.93999999999626,0.008634601207595774,0.3842563111701267,8.085240908549812
25.94499999999626,0.008095868504538249,0.39181750754726735,7.555796965741297
25.94999999999626,0.007369347284319831,0.37833406217933635,7.645787961303819
25.954999999996257,0.006472220414599905,0.3445131130145708,8.734652255718784
25.959999999996256,0.005668179508062886,0.2921439570008223,12.213010149781034
25.964999999996255,0.006958556747626511,0.2643891407992564,15.041797120692989
25.969999999996254,0.007877901479671583,0.27747296356251616,17.068596811804177
25.974999999996253,0.008376240282476279,0.2840439258380406,18.181957934161584
25.979999999996252,0.008426131620280828,0.2839714250160114,18.319081719899156
25.98499999999625,0.008024196252332163,0.2772758263355409,17.47215154655759
25.98999999999625,0.007191326765771048,0.2663077699277671,15.686074164980505
25.99499999999625,0.00597158373812318,0.2798755316075092,13.055466697364427
25.99999999999625,0.005742468221541958,0.3368107512075212,9.718621142640812
26.004999999996247,0.00676718445270546,0.375740506148602,6.953606614513049
26.009999999996246,0.00763092396816057,0.3945429860692203,7.277725818398737
26.014999999996245,0.008313781502247644,0.39218078691831665,7.9088764422583635
26.019999999996244,0.008800067563906588,0.36875556578587115,8.355956885586675
26.024999999996243,0.009078662694518735,0.32549978615529185,10.544814194070858
26.029999999996242,0.009143257721558615,0.26471152867367126,13.770488798577968
26.03499999999624,0.008992503845366723,0.18963913108327407,16.25847023758154
26.03999999999624,0.008766141282678675,0.10431350661656465,17.871779549102968
26.04499999999624,0.008522388524632421,0.13280925260419055,18.52391262624825
26.04999999999624,0.00835960112152177,0.16911302360187697,18.181492814008305
26.054999999996237,0.007748371622067517,0.20139980186178322,16.863837160714255
26.059999999996236,0.006721189620111415,0.24482023842319398,14.643233264861877
26.064999999996235,0.005332827487709088,0.31052461453774866,11.63851718096056
26.069999999996234,0.0036573988181359497,0.3596468532915208,8.010378320548712
26.074999999996233,0.0022591194794576645,0.38955515730229434,3.9529432837609244
26.079999999996232,0.0008823106009251544,0.3986454775767609,3.4027826500544727
26.08499999999623,0.002148792787301694,0.38642851912547566,5.336266545085318
26.08999999999623,0.003998744030530698,0.35355197816614187,8.580648177193865
26.09499999999623,0.005637033368264063,0.30176375692721796,12.134640318376167
26.09999999999623,0.006976010410824281,0.24763803649238078,15.040038413759328
26.104999999996227,0.00794402742207694,0.22429929312057428,17.138887863317276
26.109999999996226,0.008489329544764739,0.19567475402127824,18.316568029986584
26.114999999996225,0.00858286806413818,0.1624355426783527,18.51015260700985
26.119999999996224,0.0086010052927563,0.1253527100448303,17.71159284482589
26.124999999996223,0.008987176275968728,0.20207212536454702,15.96523308053629
26.129999999996222,0.009241662733973146,0.27539867105599364,13.365385196042984
26.13499999999622,0.009349075470185984,0.33394308186307076,10.052379126788374
26.13999999999622,0.00923979906306137,0.37457924281921523,8.641931974967996
26.14499999999622,0.008915756074047328,0.3951330571307883,8.360632516474755
26.14999999999622,0.008383936609181896,0.39450657875306216,7.881039128306339
26.154999999996217,0.007656255927770255,0.37274486212347824,7.215083874307262
26.159999999996217,0.006749270219798628,0.33103064574263974,10.25103172055205
26.164999999996216,0.006150925246457218,0.2716149765088509,13.515235972963973
26.169999999996215,0.007324207227992862,0.2556677714132887,16.051628188410394
26.174999999996214,0.008101601217404384,0.27020222539287997,17.723586390077315
26.179999999996213,0.008441873051809073,0.2821699480629322,18.44074383253138
26.18499999999621,0.0083273434331136,0.28754796265196847,18.163158440889074
26.18999999999621,0.007764862790431573,0.28621335271003534,16.905103123542016
26.19499999999621,0.00678545079758994,0.2782035154908457,14.735651337566763
26.19999999999621,0.005442599708218092,0.3017070941040347,11.7738496461613
26.204999999996208,0.005514961494935337,0.35159443939549107,8.181088470421672
26.209999999996207,0.006534220463559918,0.38242624141538556,6.119349265759307
26.214999999996206,0.007401390784282479,0.3925604491241635,6.903334490993609
26.219999999996205,0.008096981480931483,0.38146870239983444,7.540892186062703
26.224999999996204,0.00873539189055066,0.34976948563835214,8.340937268886597
26.229999999996203,0.009182583484257534,0.29919986197489573,11.886912196496441
26.2349999999962,0.009416211884662504,0.23252134206673242,14.78449576676948
26.2399999999962,0.009430320658894589,0.15336638441194309,16.877487295146942
26.2449999999962,0.009223912910256949,0.08159639035471743,18.05488405479573
26.2499999999962,0.008801063022859029,0.12019410199919037,18.257322033290755
26.254999999996198,0.008170951763978975,0.15602441389989974,17.478300798735333
26.259999999996197,0.0073477506516599215,0.1971796983591092,15.759932039633323
26.264999999996196,0.0063503072346841926,0.2695589814277966,13.191781187842247
26.269999999996195,0.00520166063716371,0.3273148622055053,9.910571123241706
26.274999999996194,0.003928471832932463,0.3673272606539872,6.094388256151344
26.279999999996193,0.0025604212714507558,0.3874427813292031,4.262429233571629
26.28499999999619,0.001451662019479915,0.38659022866506665,5.957595053148411
26.28999999999619,0.002926911850490712,0.3648306997668664,7.054436492018577
26.29499999999619,0.004647362535381933,0.3233495741896367,10.181479751201627
26.29999999999619,0.006116722012935529,0.27723950952299636,13.400663191927794
26.304999999996188,0.007255597079665393,0.25922679384006747,15.894699596742335
26.309999999996187,0.008002468642689489,0.2350198295542872,17.530498207513105
26.314999999996186,0.008316992172339723,0.2051825003767807,18.21998932805221
26.319999999996185,0.008182158911545273,0.17041365387857277,17.926609607535053
26.324999999996184,0.008570888187421789,0.15863434539610896,16.66716821955984
26.329999999996183,0.009123349608891291,0.23657646753409217,14.509680635634092
26.33499999999618,0.009459892063469463,0.30177173832488613,11.568427680684044
26.33999999999618,0.00957203374011644,0.3506924903784361,9.160338099795363
26.34499999999618,0.00945650354655204,0.3806852269356332,9.07862815664436
26.34999999999618,0.009115365125002722,0.39012063219490073,8.77972206450404
26.354999999996178,0.008556052683328805,0.378479500334734,8.269770934284935
26.359999999996177,0.007791253684638763,0.34638290007091277,8.4052467398976
26.364999999996176,0.006838651433741298,0.2955608584519257,11.923569907697658
26.369999999996175,0.0067646198432197375,0.23895091479733907,14.799460739273476
26.374999999996174,0.007710403529179301,0.26395345574764023,16.877774974793184
26.379999999996173,0.008239930837657939,0.2826792595146959,18.046009708091123
26.38499999999617,0.008324386984101106,0.29465577355102957,18.241591534703197
26.38999999999617,0.007958934180950904,0.29958196116325214,17.456239157444237
26.39499999999617,0.007162930874442323,0.2973406313957596,15.73401068775208
26.39999999999617,0.005978864382951332,0.2879921034842808,13.165849064239803
26.404999999996168,0.004470085080656828,0.330573597929622,9.888340912332488
26.409999999996167,0.005489300409519225,0.37048767781733166,6.077291042751659
26.414999999996166,0.006662904669304434,0.3905253186961901,6.293862358530355
26.419999999996165,0.007680107996420205,0.38960088902732476,7.2681506589814475
26.424999999996164,0.008516689578236352,0.36775467569577275,8.069315571447754
26.429999999996163,0.009152727302844775,0.32614808325217826,10.21168882115519
26.434999999996162,0.009573032554717155,0.26700259172975627,13.446507787814152
26.43999999999616,0.009767484434338374,0.19348374014341385,15.96103284672348
26.44499999999616,0.009731261108976343,0.10953247185416438,17.61947446897705
26.44999999999616,0.009464994342363621,0.07608811913256663,18.330930409555343
26.454999999996158,0.008974838712649385,0.11997413275313241,18.056791942173483
26.459999999996157,0.00827236335134203,0.1610160117698157,16.81314387784442
26.464999999996156,0.007374253154920428,0.23719039970087574,14.66794169389545
26.469999999996155,0.006301880588799784,0.3032022399548531,11.736794407696063
26.474999999996154,0.005080776151084167,0.35298744900453316,8.177289212176387
26.479999999996153,0.0037400114708256195,0.38388000588988697,5.0820762212639545
26.484999999996152,0.0023115090860357885,0.39422428191161607,6.559725959836313
26.48999999999615,0.0019377821483415828,0.38346642384188145,7.382626004753273
26.49499999999615,0.0037769161425310325,0.35218717383391407,8.250579908567
26.49999999999615,0.0054125609108029195,0.30207073347485464,11.795996235057299
26.504999999996148,0.006757253946667207,0.2792400843202526,14.709704806536328
26.509999999996147,0.00773912353164548,0.2586743026174299,16.836346293634996
26.514999999996146,0.008305723460823084,0.23199075742802233,18.060747534303704
26.519999999996145,0.008426860470074212,0.19983265684190166,18.316225825996682
26.524999999996144,0.008143997888433892,0.16297719037625266,17.586908595260038
26.529999999996143,0.008857223177445086,0.19474905905999565,15.912054667423616
26.534999999996142,0.009360040154613187,0.2679821702385053,13.381189803980872
26.53999999999614,0.009640869770318474,0.32675994145786635,10.129918683764037
26.54499999999614,0.009693412301911702,0.3679208425492296,9.221924940834587
26.54999999999614,0.009516775462732227,0.3892576509050202,9.039194923233056
26.554999999996138,0.00911549739580718,0.38963658791169825,8.642281651992281
26.559999999996137,0.00849943855689804,0.3690551516126022,8.041165290238933
26.564999999996136,0.007683540278312748,0.32863619463580734,9.983715057943405
26.569999999996135,0.006687471594128255,0.2705658742671457,13.244413089521785
26.574999999996134,0.007199025168601765,0.24479202467437178,15.789859202113938
26.579999999996133,0.007980970262548799,0.26759793204089355,17.483080596805152
26.584999999996132,0.008331719940370429,0.2840204947612411,18.235246184343282
26.58999999999613,0.008232717371404448,0.2936761066206015,18.006786520529165
26.59499999999613,0.007689608090441154,0.2963485352458862,16.80825469417129
26.59999999999613,0.006731953524404008,0.29199683220129513,14.703949702947533
26.604999999996128,0.005411644697925757,0.2972023618874806,11.808527570512812
26.609999999996127,0.004305981142012762,0.3474218566687052,8.279270341977417
26.614999999996126,0.005560336798242335,0.3788859900636437,5.398011798498126
26.619999999996125,0.006680563133287115,0.3899084820409567,6.44965115594297
26.624999999996124,0.007640521081751679,0.3798992529349243,7.345627742451714
26.629999999996123,0.008417933514454004,0.3493993939841256,8.093638162979703
26.634999999996122,0.00899487513886591,0.30005477882081805,11.64420790234381
26.63999999999612,0.009358152044061357,0.2345266444419627,14.567045849198882
26.64499999999612,0.009499581687028358,0.15634535878508454,16.705468413553078
26.64999999999612,0.009416180267252328,0.06971797704329875,17.94548428316197
26.654999999996118,0.009110269761001108,0.08864664462426218,18.22117850310982
26.659999999996117,0.008589471392933923,0.1251359754991743,17.51683176974125
26.664999999996116,0.007866523364901783,0.19350768068245533,15.86875826143977
26.669999999996115,0.006958936409515704,0.2665891064771573,13.363812056441635
26.674999999996114,0.005888541646901294,0.3253408575071603,10.13688835556007
26.679999999996113,0.004753514636555807,0.3665891652784498,6.362434752956109
26.684999999996112,0.0035178100992749872,0.3881013080413025,6.983292028302256
26.68999999999611,0.0021999744997431452,0.3887014546896336,7.513932940061819
26.69499999999611,0.002856540765853367,0.36833634221945727,7.298301794583904
26.69999999999611,0.00459759540527417,0.32808551354887894,9.956650173013673
26.704999999996108,0.006093073793883271,0.28056143511315657,13.235218488628657
26.709999999996107,0.007262104231641233,0.2657959308777298,15.804584985913426
26.714999999996106,0.008041323015360589,0.24482429416782756,17.525476185724116
26.719999999996105,0.008388308221483242,0.21815426477434408,18.30183505811378
26.724999999996104,0.008283915246746978,0.18769605501211017,18.091362635478276
26.729999999996103,0.007988885336292405,0.15410657761477475,16.907875825611086
26.734999999996102,0.008641921331618592,0.233176288391699,14.815364244283609
26.7399999999961,0.009091076534218171,0.30002695708584054,11.924903233373584
26.7449999999961,0.009326150769864133,0.35081303158676447,8.824022060395835
26.7499999999961,0.009341883269062976,0.3827815405760566,8.833785469112179
26.754999999996098,0.00913805041992302,0.39419219998498417,8.638862735589143
26.759999999996097,0.00871951932945154,0.3844174190038762,8.240207672755108
26.764999999996096,0.008096194031347132,0.3539698692469692,8.102720775469475
26.769999999996095,0.00728279684623319,0.304471686045221,11.696552505230287
26.774999999996094,0.00676700915036758,0.2385653065049586,14.66599931087531
26.779999999996093,0.00776285130529719,0.23992479531495803,16.851501104351467
26.784999999996092,0.008343047718165427,0.26133296659210087,18.13431721024402
26.78999999999609,0.00847596102389221,0.2766073272127903,18.445161617796465
26.79499999999609,0.00815394039715055,0.2853879309509082,17.764788749116764
26.79999999999609,0.00739378034059908,0.28745868048851214,16.12756965354267
26.804999999996088,0.006235860217535148,0.2827600647481874,13.621682585794458
26.809999999996087,0.004741983596433128,0.32878005852885894,10.38210486096482
26.814999999996086,0.004392136468031894,0.37119234983963495,6.582811663345933
26.819999999996085,0.005600978672595411,0.3937189692216637,5.320576506834291
26.824999999996084,0.006677591696440914,0.39513903511381027,6.341040246119903
26.829999999996083,0.007596604883915589,0.3753623521150353,7.213316820259382
26.834999999996082,0.008336327029973719,0.33543160303665215,9.921436164450656
26.83999999999608,0.00887921638935179,0.2774689341566135,13.263631387565322
26.84499999999608,0.009212263748249563,0.20456547204619221,15.897753456603843
26.84999999999608,0.009327288260082391,0.12061937119675627,17.680686883171248
26.85499999999608,0.009221149815450452,0.09594168160466195,18.51416799995495
26.859999999996077,0.008895873771517293,0.11117109787470468,18.353472781129582
26.864999999996076,0.008358661446185078,0.15094011919047423,17.20782770955419
26.869999999996075,0.007638859773974652,0.2318047086281348,15.138008065510732
26.874999999996074,0.006793024042697437,0.30028637615959597,12.254658947074347
26.879999999996073,0.0057849939295124666,0.35270183834866503,8.711525928553694
26.884999999996072,0.004638381250752602,0.3862258105023609,7.201935326349808
26.88999999999607,0.0033801530943840118,0.3990505544419948,7.42295854043944
26.89499999999607,0.0020399652945728253,0.3904868965172277,6.9031444547037575
26.89999999999607,0.0036720305448819067,0.3609931358345236,7.940206460246285
26.90499999999607,0.005354881691013745,0.3121473226182261,11.598118826273163
26.909999999996067,0.006751660145380553,0.28042870058597397,14.635186569614286
26.914999999996066,0.0077874531356468,0.2650024193061136,16.889182290590462
26.919999999996065,0.008406669772257338,0.2432230243256153,18.238665434121256
26.924999999996064,0.008576042237960227,0.21790718909911866,18.60855418639372
26.929999999996063,0.008286458672218402,0.18770717447592933,17.97719122424869
26.934999999996062,0.008233064448677715,0.18953895800300063,16.378834012285026
26.93999999999606,0.008859751753930696,0.26523707025498083,13.900410888507695
26.94499999999606,0.00927688914428002,0.32667763302126457,10.675814218006257
26.94999999999606,0.00947440807300196,0.3705611963277907,9.033351137707244
26.95499999999606,0.00944742645214898,0.3945292443748566,9.01646947450411
26.959999999996057,0.009196372971988906,0.39729385995673194,8.785207402420836
26.964999999996056,0.008727023491264538,0.3787062073845388,8.340475810942614
26.969999999996055,0.008077471025490874,0.3397658198763965,9.744855855851666
26.974999999996054,0.007298036773894579,0.2825723277459619,13.132540996322687
26.979999999996053,0.007222600543904857,0.2235566774401124,15.812327043373447
26.984999999996052,0.008064571961326983,0.2500191549644206,17.640372286462647
26.98999999999605,0.00847147118523239,0.27049408512696316,18.518479346379486
26.99499999999605,0.00842164490506253,0.28448744673954857,18.398749672823957
26.99999999999605,0.007918044845283901,0.2916653020830202,17.287826045379006
27.00499999999605,0.006988061194395752,0.2918577394502688,15.246972813943918
27.009999999996047,0.005682037707500569,0.2957441660062985,12.38460208786145
27.014999999996046,0.00407057708869871,0.34884008151445844,8.853764115402969
27.019999999996045,0.004768450263923907,0.38309147211829503,4.846792126131999
27.024999999996044,0.0059606525980463705,0.3966591693434708,5.766160576215672
27.029999999996043,0.007009579977346746,0.38881945678079965,6.759545752981031
27.034999999996042,0.007890537583638868,0.36000132531588347,7.811080796959822
27.03999999999604,0.008582881227329461,0.3117632742624492,11.484139624414372
27.04499999999604,0.009070472783676217,0.24670909393849336,14.537532505168523
27.04999999999604,0.009342023818642856,0.16834846916600366,16.806717403828046
27.05499999999604,0.009391322402867256,0.10552493664300293,18.168911295300223
27.059999999996037,0.00921734906278358,0.1159999548614856,18.549076226897313
27.064999999996036,0.008891733784489469,0.11486843566149041,17.926413879499517
27.069999999996035,0.008397389959898938,0.18773160895953317,16.336511042995625
27.074999999996034,0.007705238689262384,0.26323805886414675,13.866068918850457
27.079999999996033,0.006831281472729494,0.32452153423607666,10.647321229922012
27.084999999996032,0.005795797457255662,0.3682725361314881,7.491974794337062
27.08999999999603,0.0046228640635945055,0.39212624714173583,7.391273757617636
27.09499999999603,0.0033398087378728437,0.39479462911601165,6.552975272912588
27.09999999999603,0.0026755254995241805,0.37613379755260173,5.843280539218064
27.10499999999603,0.004458729640206474,0.3371478587203311,9.75109499369049
27.109999999996027,0.006001436537426851,0.2855657705504317,13.134088427309225
27.114999999996027,0.007220203386022352,0.2781985731048314,15.811135931673624
27.119999999996026,0.008049010351426416,0.2646829965970598,17.637221019975843
27.124999999996025,0.008442827143509388,0.24495473204278623,18.51284975975235
27.129999999996024,0.008380055009040665,0.21947032247984055,18.39130770879407
27.134999999996023,0.00786369382779398,0.18882178359986496,17.278782307136122
27.13999999999602,0.008315283709645845,0.22914401148105173,15.234882777584973
27.14499999999602,0.008876131202808456,0.2981551454581455,12.36957081325311
27.14999999999602,0.00922774489935195,0.3511670855164714,8.835205210077692
27.15499999999602,0.009362230580811003,0.385307281832073,8.85090702831441
27.159999999996018,0.009382940457020147,0.39871777379151396,8.8365847426153
27.164999999996017,0.009204402986546284,0.3906595800518842,8.682927349687859
27.169999999996016,0.008810067524731298,0.3615492240686085,8.325239172590155
27.174999999996015,0.008208825568682361,0.31293454558379946,11.56832996407876
27.179999999996014,0.007414437842763151,0.24741300167332936,14.640287600109856
27.184999999996013,0.007802421446343858,0.22503760736567502,16.928528280316876
27.18999999999601,0.008424644857282131,0.24922257765512554,18.308495547369372
27.19499999999601,0.008595307563014248,0.26748604339318555,18.704193457932394
27.19999999999601,0.00830465720511335,0.2794020869574458,18.093207718051644
27.20499999999601,0.00756776351035623,0.2871470174630624,16.50832500296282
27.209999999996008,0.006423714784827089,0.29030846749955513,14.034947199548814
27.214999999996007,0.004933516277979289,0.3290905673801611,10.805745608927356
27.219999999996006,0.003604687296601066,0.3735934729733372,6.995416628343483
27.224999999996005,0.0048561531420347245,0.3981049443532375,5.903807709436521
27.229999999996004,0.005990602333489988,0.401306683221011,7.034653980304973
27.234999999996003,0.006981899557415137,0.38302632962749317,7.462838028362352
27.239999999996,0.007807423324549058,0.3442461820759474,9.728393959718696
27.244999999996,0.00844854949442917,0.28704565738142007,13.151815918092787
27.249999999996,0.008974971871539157,0.21448938523298394,15.870692941282293
27.254999999996,0.00934683709384821,0.13046196334782298,17.74027581278282
27.259999999995998,0.009500303691651857,0.11751169024052696,18.660251201549634
27.264999999995997,0.009431632606180735,0.11177885802378147,18.580865921190917
27.269999999995996,0.009142302071778342,0.14385946948982775,17.506063076798718
27.274999999995995,0.008638985972489554,0.22636043459187713,15.49432296402174
27.279999999995994,0.007933378141805888,0.2967368541606444,12.656244863485771
27.284999999995993,0.0070418791226641965,0.3512399004798713,9.144973664205478
27.28999999999599,0.005985195697612919,0.38697143520877064,7.1782251436202635
27.29499999999599,0.004787878761743265,0.40203298153260286,6.0820043059817035
27.29999999999599,0.0034777846036923824,0.39562774529119665,4.380532782590966
27.30499999999599,0.0034547400849788707,0.36810868273118214,7.56855222526507
27.309999999995988,0.005177415235753206,0.3209613775785668,11.29036983578151
27.314999999995987,0.006621623685182726,0.29154454878626596,14.405380318344383
27.319999999995986,0.007710540681290063,0.2845427652757525,16.74550205908145
27.324999999995985,0.008386444323506914,0.2708951852989662,18.185752185973218
27.329999999995984,0.008613803716241944,0.25092190877977655,18.65007348606663
27.334999999995983,0.008381166229417376,0.2250903631017698,18.113601571432145
27.33999999999598,0.007701755164291452,0.19400372911815814,16.6064958992893
27.34499999999598,0.008066953066772726,0.25632563823332577,14.210825448606174
27.34999999999598,0.008760552423429985,0.3194925075699589,11.055922286047576
27.35499999999598,0.009250517931375754,0.3654122601140722,8.657497941774222
27.359999999995978,0.00952529745947319,0.39164466803712655,8.922016792175853
27.364999999995977,0.009578320177414609,0.39681213975247953,8.979558098838522
27.369999999995976,0.009408155902928594,0.38067238982880897,8.828785798537822
27.374999999995975,0.009018551814702885,0.3441290536048294,9.275430271606169
27.379999999995974,0.008418351196484772,0.28917973098783684,12.704298775191354
27.384999999995973,0.0076213125818287725,0.21880276004222352,15.446489603054594
27.389999999995972,0.00790080192512874,0.2119125631502843,17.355332588516166
27.39499999999597,0.008361772849258339,0.240626003202034,18.32788320138581
27.39999999999597,0.00837071406260128,0.2637453214817183,18.313654734580684
27.40499999999597,0.007927961414848701,0.28071595851464465,17.3158251047391
27.409999999995968,0.00705812489478234,0.2911251800083579,15.38811462614897
27.414999999995967,0.005808753343037253,0.29471970241022943,12.633550711561748
27.419999999995966,0.004247784701036155,0.3394860647792921,9.200318391691363
27.424999999995965,0.0031248843282450024,0.3756687910409728,6.37370837949532
27.429999999995964,0.004350756253239527,0.3915060418253566,7.2386778326019545
27.434999999995963,0.00552908047879039,0.38615100781715406,7.378925418669913
27.439999999995962,0.006666065273846324,0.3599030300006911,7.295049322531873
27.44499999999596,0.007647867587977155,0.31419550663437423,10.987960023995226
27.44999999999596,0.00845148058087453,0.25151903702516193,14.082627819690252
27.45499999999596,0.009057982642566501,0.17527813221477273,16.413734104466084
27.459999999995958,0.009453006307437204,0.11605638429792065,17.858935769023198
27.464999999995957,0.009627136095971604,0.10578866784524082,18.34214317111992
27.469999999995956,0.00957617126944369,0.0913509732016561,17.83575018182151
27.474999999995955,0.009301217417622177,0.17685426654487596,16.365567155467154
27.479999999995954,0.008808638197379827,0.2527959800445129,14.011118244388296
27.484999999995953,0.00810991005228984,0.3150755679848437,10.900716931744553
27.489999999995952,0.007221383572200415,0.36033632941871263,7.203587641803395
27.49499999999595,0.006163935681279515,0.3861451737754202,5.794423763092256
27.49999999999595,0.004962492765050346,0.3911160219983026,4.652607886201208
27.50499999999595,0.0036454121359631455,0.3749741130221225,5.325152778745342
27.509999999995948,0.0042741855577543356,0.3385730840261311,9.235258819651513
27.514999999995947,0.005830271906332484,0.2941019007608798,12.649392628744783
27.519999999995946,0.007074376807150045,0.29410059538840616,15.382987564555036
27.524999999995945,0.007939074769359254,0.28717384569211374,17.289742419483996
27.529999999995944,0.00837733413618669,0.27349303089911153,18.267702857563705
27.534999999995943,0.008365034426886117,0.25339259410036213,18.264304045873203
27.539999999995942,0.007902270321144943,0.22735581442640915,17.277992481188992
27.54499999999594,0.00711226351559747,0.21857612671980722,15.360181483909201
27.54999999999594,0.00800240563221981,0.2885103941476805,12.613525487240695
27.55499999999594,0.008703496927231115,0.34300866654088125,9.185783470040025
27.559999999995938,0.009199180131213453,0.3791291690393502,8.728202627917412
27.564999999995937,0.009477943060072219,0.3949192392464622,8.985654760020543
27.569999999995936,0.009533378021547599,0.38951267804510015,9.03296263338503
27.574999999995935,0.00936431168611128,0.363178143719072,8.868627479082537
27.579999999995934,0.008974833171584528,0.31731169323554315,11.02900149704236
27.584999999995933,0.008374216759335223,0.2543649837956242,14.149682278925722
27.589999999995932,0.007627020070758602,0.17835109485879827,16.51100084914638
27.59499999999593,0.008299979492394971,0.21182456310709347,17.98611246938959
27.59999999999593,0.008529317776291016,0.2402750830817205,18.496156250529463
27.60499999999593,0.008302458775770011,0.26303199489568146,18.013140536282233
27.609999999995928,0.0076313274792651885,0.2795548302787531,16.561130034320026
27.614999999995927,0.006551740494518988,0.28944597021534757,14.217509513701085
27.619999999995926,0.005121496379752985,0.31770694952214285,11.108991741448419
27.624999999995925,0.0034172584150123394,0.3639882363741297,7.403522999346763
27.629999999995924,0.002889347441846114,0.3907492730952064,7.405077588849397
27.634999999995923,0.004234935652890071,0.3965570645742343,7.230846792508075
27.639999999995922,0.005478463568776431,0.3811065583809496,6.335445639103725
27.64499999999592,0.006590596857928836,0.34523369517255426,9.146717903517342
27.64999999999592,0.0075451705826677035,0.29087025316500875,12.598658899501322
27.65499999999592,0.008319797281367442,0.22093949599331952,15.373643969175005
27.659999999995918,0.008896377055954672,0.1391968470539725,17.323415606564524
27.664999999995917,0.009261505876858991,0.09884391147600756,18.343119018755623
27.669999999995916,0.00940677604579988,0.07446408661122204,18.37928590758278
27.674999999995915,0.009328940265778355,0.13130570045756548,17.43279354537617
27.679999999995914,0.009029942636207116,0.21377674380026895,15.55562379170591
27.684999999995913,0.008516857594999561,0.28478321906620624,12.846966314669595
27.689999999995912,0.0078017446994465955,0.3405288472396826,9.45128495472138
27.69499999999591,0.006901386455347684,0.3780343661740982,6.60376765450136
27.69999999999591,0.005836905347550911,0.3952971825231397,5.598722064295696
27.70499999999591,0.004633294152684617,0.3913929356360937,4.459602148031588
27.709999999995908,0.0033188587808767526,0.3665294167068902,7.0295048962915745
27.714999999995907,0.004956108525959615,0.32204784974666073,10.76312188780061
27.719999999995906,0.006412103915960071,0.291310428981785,13.915895509450431
27.724999999995905,0.00752488214325951,0.2905286607979532,16.31983312546372
27.729999999995904,0.008235144260452422,0.28292324845209976,17.847015856669238
27.734999999995903,0.008505220464858224,0.2686725674836908,18.415881207138415
27.739999999995902,0.008321068051011899,0.24810726976519043,17.997800649397266
27.7449999999959,0.007692985209436913,0.2216981391000957,16.617385930655818
27.7499999999959,0.007279905149360415,0.24630157606080952,14.349023877642573
27.7549999999959,0.00813974984930873,0.3104595151460682,11.314151756461424
27.759999999995898,0.008809603444618628,0.35793638051200216,8.290762440874234
27.764999999995897,0.009273383822793194,0.3862082168129561,8.746452255673379
27.769999999995896,0.009519780611170404,0.39377806685311284,8.997707415357588
27.774999999995895,0.009542559165256335,0.3802518301232529,9.037050400217444
27.779999999995894,0.009340735741557788,0.34636837454536673,8.864508229725512
27.784999999995893,0.008918603701577668,0.29396299003518755,12.21506615045495
27.789999999995892,0.008285657681048067,0.22585740425161774,15.027168162973567
27.79499999999589,0.007799116940327458,0.1846270124682421,17.03315366364711
27.79999999999589,0.00830791878877142,0.217889454321356,18.12383033337216
27.80499999999589,0.008369715900856726,0.24606044982263203,18.23994348699674
27.80999999999589,0.007981642996752513,0.2684677849571954,17.375485282960383
27.814999999995887,0.007165015925038189,0.2845735271396712,15.57775276470309
27.819999999995886,0.005964178044847072,0.2939891477024006,12.942738543922829
27.824999999995885,0.004444127686862144,0.33220195301997424,9.610766594463348
27.829999999995884,0.002687050357862758,0.3706289785797954,7.341659417732947
27.834999999995883,0.0032043651697346086,0.38902539357303867,6.907773166927507
27.839999999995882,0.004563084275935044,0.38640324535993714,5.78202667560408
27.84499999999588,0.005816798202756933,0.3629165170146043,6.74730968506065
27.84999999999588,0.006935997973918198,0.3198495336166298,10.479483674129552
27.85499999999588,0.007894260179203591,0.2595407104550718,13.644045590494166
27.85999999999588,0.008668876085896459,0.18525394965543904,16.07065872935961
27.864999999995877,0.009241385131685188,0.10100835813738887,17.627577877861157
27.869999999995876,0.009598001538811128,0.06249535502050925,18.232232810545558
27.874999999995875,0.009729958872744351,0.07885725412794299,17.85420140718201
27.879999999995874,0.009633762285589872,0.16478226551717443,16.515803148511296
27.884999999995873,0.009311313209052135,0.2417955864175948,14.28952521165749
27.889999999995872,0.008769892675475816,0.3057575840183542,11.295273828646765
27.89499999999587,0.008022009907450113,0.3532314914058363,7.694289126346479
27.89999999999587,0.007085114333037121,0.38166603602457405,6.721867762151936
27.90499999999587,0.005981170559867939,0.389529031796014,5.678007914372187
27.90999999999587,0.004736113845347671,0.3763886608189687,4.721817978245364
27.914999999995867,0.004001077570629503,0.3429371218905531,8.658797593121218
27.919999999995866,0.005585808554326601,0.2937219695789516,12.133942527780661
27.924999999995865,0.006871250269076257,0.29952396353144056,14.95960038291029
27.929999999995864,0.007787714086160273,0.29830244488983926,16.983320332903478
27.934999999995863,0.008285287583824396,0.29009220833941896,18.096210058468657
27.939999999995862,0.00833652476839643,0.27509425800616627,18.23806964489653
27.94499999999586,0.00793793529393016,0.2536681149515072,17.399916097869724
27.94999999999586,0.007110203524089879,0.2263193770430278,15.624865419208914
27.95499999999586,0.007491193213462548,0.2784076854188906,13.00727640258506
27.95999999999586,0.008366757360880273,0.33514409973996606,9.687289325845583
27.964999999995857,0.00904743943259664,0.37397025451968235,8.479655820636317
27.969999999995856,0.009517365701342024,0.39278002757599445,8.92048174193238
27.974999999995855,0.009765567946173564,0.39053626449483186,9.155224521715759
27.979999999995854,0.009786204447040333,0.367325638889268,9.179588249000956
27.984999999995853,0.009578673965172526,0.3243606580622654,10.479983957524455
27.989999999995852,0.009147649727937825,0.26392359303037033,13.69484205523407
27.99499999999585,0.008503026287954053,0.18924558902138733,16.176359548359766
27.99999999999585,0.00824615114060818,0.18765577563260752,17.79111065634212
28.00499999999585,0.008541264361204266,0.22127494242582507,18.45230485599124
28.00999999999585,0.008381252335393118,0.24972240674312085,18.124319056836097
28.014999999995847,0.007774206296201452,0.27232424307827685,16.82449917122268
28.019999999995846,0.006752187295493867,0.2885440047851687,14.622356443268197
28.024999999995845,0.005369521317841241,0.3093540214014283,11.634304253450079
28.029999999995844,0.0036999164331890494,0.35848793245946253,8.019260169763983
28.034999999995843,0.0018325415495732593,0.3884620209868695,6.512005031461014
28.039999999995842,0.0031501026966404225,0.3976492733834164,5.086921330111291
28.04499999999584,0.004524850322495528,0.38554167670980044,4.54756438686634
28.04999999999584,0.0057919297042878706,0.3527814816774824,8.556513626061236
28.05499999999584,0.00692125097051747,0.3011204412954112,12.107902526767695
28.05999999999584,0.007885954690864002,0.2333205313534102,15.012061450033288
28.064999999995837,0.008663029607906712,0.1530059567473147,17.113768392405618
28.069999999995837,0.00923384479604979,0.0927211487419606,18.299873428092802
28.074999999995836,0.009584601418450503,0.04961965080771059,18.504555615460095
28.079999999995835,0.009706696929008505,0.11808781336320824,17.714881564700075
28.084999999995834,0.009596963292201327,0.2023083151024284,15.973319130988678
28.089999999995833,0.009257753976079737,0.2756750257458953,13.373365126398722
28.09499999999583,0.00869689819352981,0.3342472132167746,10.055509861953478
28.09999999999583,0.0079275200443177,0.37488589158781754,7.662739764162438
28.10499999999583,0.0069677134418246155,0.395420369448152,6.752305126118822
28.10999999999583,0.00584010741461282,0.3947589093565152,5.680557938594956
28.114999999995828,0.004571340944180129,0.3729457297385677,6.446858152854497
28.119999999995827,0.004729161632852547,0.3311555050800847,10.269231710539175
28.124999999995826,0.006236124170568249,0.2977919057078911,13.541166319011744
28.129999999995825,0.007409101003646016,0.3029776876685317,16.086148393508985
28.134999999995824,0.008185322400935294,0.30093239823616963,17.767406620131336
28.139999999995823,0.008523312554899035,0.29169128801351774,18.496037298317443
28.14499999999582,0.008405103240217147,0.2754617677705573,18.232433766537397
28.14999999999582,0.007837196890277108,0.252622647934396,16.99062080991486
28.15499999999582,0.006850216280594088,0.23718215566464199,14.838206172512814
28.15999999999582,0.0077218102467758645,0.3040001472445681,11.888990459458153
28.164999999995818,0.00857174989846872,0.35447202881636053,8.299762169259255
28.169999999995817,0.009218359702149079,0.3858816977881867,8.808324147063649
28.174999999995816,0.009646077138200928,0.39654199192742995,9.223713696524374
28.179999999995815,0.00984456873326928,0.385887324051861,9.420383017248632
28.184999999995814,0.009808940609384786,0.35450348959627953,9.394675301435289
28.189999999995813,0.009539831331361638,0.3040925701468019,11.87271338401217
28.19499999999581,0.009043405806036232,0.23737819275117442,14.81303757423943
28.19999999999581,0.008331249368917477,0.16329162825134902,16.95571082889226
28.20499999999581,0.008321557507092644,0.2011544838779911,18.186885357182582
28.20999999999581,0.008443135435304047,0.2342412926732091,18.440511151522752
28.214999999995808,0.008109905654237642,0.2617522792826039,17.7013258242243
28.219999999995807,0.0073401047994098466,0.28302820042833615,16.0082090018541
28.224999999995806,0.006175484380585092,0.2975595036075851,13.45338641158349
28.229999999995805,0.004679056226049968,0.3288201837823104,10.174255888640339
28.234999999995804,0.002931702030202454,0.37012149455671,6.346268421119854
28.239999999995803,0.0022616367400942333,0.39142694479921775,4.407282260489501
28.2449999999958,0.003716496126306699,0.3915898444358973,3.5345293644067004
28.2499999999958,0.005083523412243766,0.37060612304998114,6.282736733155068
28.2549999999958,0.006330231945442177,0.3296060563137105,10.117289961353583
28.2599999999958,0.007427064092487805,0.2707926965290174,13.408053952524162
28.264999999995798,0.008348100660405576,0.19733196824858704,15.976237359648596
28.269999999995797,0.009071647765605229,0.12595769613423294,17.682479020962557
28.274999999995796,0.009580713130468294,0.08597279022836102,18.433783669368605
28.279999999995795,0.00986337531678722,0.06866350042719978,18.189424730006102
28.284999999995794,0.009913046875989063,0.15654456215856735,16.96299996254167
28.289999999995793,0.00972863099017181,0.23600592609365048,14.821545611492255
28.29499999999579,0.009314579458592128,0.3027644223956472,11.88185290930693
28.29999999999579,0.008680843372553811,0.35322595949427216,8.302761930143465
28.30499999999579,0.00784265719046017,0.38466881302068046,7.417063545549051
28.30999999999579,0.006820124909893002,0.39537854601799965,6.434159016277338
28.314999999995788,0.005640776431247004,0.3847424178003791,6.116116042210754
28.319999999995787,0.004463787685122298,0.35329539455208075,8.3148442937637
28.324999999995786,0.005502441866775011,0.3027050077542149,11.921310425383092
28.329999999995785,0.006848411237576052,0.3014403994089359,14.887596449818208
28.334999999995784,0.007827179528968583,0.304310657415618,17.05566938034478
28.339999999995783,0.00838527010544547,0.30000481867938533,18.309499175998006
28.344999999995782,0.008491772931841163,0.28864384626419515,18.579372280653196
28.34999999999578,0.00814005122741791,0.2705080068941811,17.847681193730356
28.35499999999578,0.007348156935730678,0.24603287836745907,16.152879294125572
28.35999999999578,0.006914453899053231,0.27522462405678383,13.585146749681074
28.364999999995778,0.007905295846542842,0.3348897665191288,10.280910235257384
28.369999999995777,0.008709272711197638,0.37663735974676354,8.27186549574262
28.374999999995776,0.009307686050182198,0.39820069457644364,8.827512527943712
28.379999999995775,0.0096867256292091,0.39840626137239893,9.172911041596846
28.384999999995774,0.009837786552366636,0.377223362733158,9.303250327962726
28.389999999995773,0.009757615297053254,0.3357603449700418,10.237027807243448
28.394999999995772,0.009448344657157748,0.2762106142493058,13.582864481051486
28.39999999999577,0.008917464355100987,0.20174634780850267,16.20284209527044
28.40499999999577,0.008316440293623278,0.1680695238538973,17.951464736374188
28.40999999999577,0.008668961111144659,0.2042691783644208,18.733669043719054
28.414999999995768,0.008559432057567954,0.2355555320019155,18.50917655188436
28.419999999995767,0.007993380065485176,0.2611849317669015,17.29164801348702
28.424999999995766,0.0070008342126716425,0.28055644819609604,15.146545138065338
28.429999999995765,0.005634705676148183,0.30739450260724505,12.188491103973073
28.434999999995764,0.0039679601314712536,0.35930371526354093,8.575193958545704
28.439999999995763,0.0020897266632870595,0.3919896720101527,4.499188740099302
28.444999999995762,0.0023202258165152187,0.40368459697010084,2.4092231371229413
28.44999999999576,0.0037261844808714672,0.39374737238433005,4.153671078188318
28.45499999999576,0.005038901280983196,0.3627024177223027,8.264310786622882
28.45999999999576,0.006227310315764049,0.31221585139816727,11.930315743031729
28.464999999995758,0.0072634373029710824,0.24500436140778437,14.954280253122006
28.469999999995757,0.008123067999173013,0.16711146860136808,17.17449196610548
28.474999999995756,0.00878630089646406,0.13032806479831052,18.471394091888406
28.479999999995755,0.009237990431849967,0.09049382280035588,18.77616635810547
28.484999999995754,0.009468065293294614,0.10967574323307423,18.07365677102579
28.489999999995753,0.009471729268787232,0.19586165137135234,16.400706484286165
28.494999999995752,0.009249577875865354,0.27147940181603786,13.84639369358866
28.49999999999575,0.008807609794316815,0.3324671760765856,10.54871601063095
28.50499999999575,0.00822562527208613,0.3755563192174286,7.8588713616848604
28.50999999999575,0.007527944771027252,0.398448427049143,7.19599011447851
28.514999999995748,0.0066514313919413095,0.39993215980620006,6.627310665647035
28.519999999995747,0.005616805173839557,0.3799438120531928,7.284265078730812
28.524999999995746,0.0045752312712384795,0.33956925603849203,10.030892088834085
28.529999999995745,0.006126609420565733,0.28098200369242265,13.40400884959416
28.534999999995744,0.007347383107744491,0.28862810792966825,16.05780415573929
28.539999999995743,0.008172107321006834,0.28939166278767453,17.848298665556328
28.544999999995742,0.008556631952460527,0.28325298167368607,18.677531602534856
28.54999999999574,0.008480498729643094,0.2720537526381519,18.50189481275753
28.55499999999574,0.007948028863254096,0.2575981832633237,17.332541743403336
28.55999999999574,0.006988061868322568,0.23701506434942574,15.232562267243749
28.564999999995738,0.006746440148290709,0.3015683314733657,12.314858722256012
28.569999999995737,0.007636380147096521,0.3541957166899627,8.736095364383186
28.574999999995736,0.008341952121287705,0.3877591864634184,8.07216449481887
28.579999999995735,0.00884691604198984,0.4004648604994443,8.533765204144945
28.584999999995734,0.009139801759331517,0.3916395312676694,8.792817634565992
28.589999999995733,0.009214172095912881,0.36176194516826476,8.843060448374613
28.594999999995732,0.009068779152027154,0.31244209579836113,11.700014070320785
28.59999999999573,0.00884498224630305,0.2463399041457976,14.740862590705193
28.60499999999573,0.008410961115996715,0.16702048366259165,16.98690560257786
28.60999999999573,0.008406538591677252,0.1706057929554239,18.31876999738333
28.614999999995728,0.008569164910987867,0.20339931111470855,18.66605464307089
28.619999999995727,0.008271411292464493,0.23128569096412524,18.00991076991657
28.624999999995726,0.007529471430793346,0.2536161655727212,16.38392272074244
28.629999999995725,0.006383455390256122,0.2698840381182925,13.874432407173487
28.634999999995724,0.004895252387600029,0.32825504904510655,10.617126403932216
28.639999999995723,0.0031451931135719233,0.37176866056615043,6.7883182044857175
28.644999999995722,0.0013505663671854221,0.3952253935256114,2.594374979298833
28.64999999999572,0.002722858434629578,0.3973621102919591,2.6566280393041026
28.65499999999572,0.004029167438497508,0.3780591759372848,5.981485469110224
28.65999999999572,0.005239002226677334,0.3383465337426959,9.903571408725725
28.664999999995718,0.006324308856451772,0.28035466945129434,13.29317430783541
28.669999999995717,0.0072600788075089405,0.20721184873593462,15.963953978309108
28.674999999995716,0.008074210195541257,0.15791997146638703,17.771505632202526
28.679999999995715,0.008601193776775996,0.1200645180592731,18.61989246031734
28.684999999995714,0.00897606733473667,0.090842988148499,18.465107809556166
28.689999999995713,0.009147555334081061,0.150271571379018,17.31640226352293
28.694999999995712,0.009222923625665598,0.23164626942776717,15.233476955977412
28.69999999999571,0.009081376923160085,0.3005487211427972,12.327503730035168
28.70499999999571,0.008726201916628406,0.3532557105473429,8.755292031783533
28.70999999999571,0.008165762517609261,0.38691643530578074,7.726750283381965
28.714999999995708,0.0074133026615405655,0.3997054837980041,7.010119381823235
28.719999999995707,0.006486632545819361,0.3909223309159641,7.286648246112963
28.724999999995706,0.005407701766088442,0.36102715643860794,8.038187112829194
28.729999999995705,0.005413718651380174,0.3116111971318558,11.728196609872112
28.734999999995704,0.006806030096718674,0.26937181523023407,14.790929841448396
28.739999999995703,0.007833532613524584,0.2794281942912493,17.059372272448012
28.744999999995702,0.008440288733880039,0.28316994893309066,18.409749045731267
28.7499999999957,0.008592994801992573,0.2802516917676095,18.769137994959788
28.7549999999957,0.008282788652655786,0.27075459987271566,18.117929756243697
28.7599999999957,0.007525739239022473,0.2549150826029864,16.489924780000244
28.7649999999957,0.006362009470136669,0.27082220665736156,13.971077524157014
28.769999999995697,0.006591745334927776,0.3324884657188443,10.695426100436581
28.774999999995696,0.007436351250404971,0.37632389547876205,7.0325077022729525
28.779999999995695,0.008106160932122327,0.39994374410094513,7.650919019586258
28.784999999995694,0.008614897513422355,0.4020555144365368,8.156310916288088
28.789999999995693,0.009001941906123715,0.38252720452307815,8.526494678368326
28.794999999995692,0.009177064708530863,0.3423922851384219,10.007129299585168
28.79999999999569,0.00913603044674683,0.28379776711400034,13.430677910183926
28.80499999999569,0.008879735987203612,0.2098909801413561,16.132036878874402
28.80999999999569,0.008414229743314022,0.12725119642475938,17.966056468602314
28.81499999999569,0.008666984644844942,0.16258195760660638,18.83454924598935
28.819999999995687,0.008595667538894772,0.194053372381852,18.691573694990012
28.824999999995686,0.00806333472513453,0.22093578512757606,17.544816613645445
28.829999999995685,0.007098277476120017,0.24260665330520997,15.454702718405551
28.834999999995684,0.005752051771758327,0.30422943277671793,12.532730805094221
28.839999999995683,0.0040967286081569935,0.3578998326638295,8.935429149750858
28.844999999995682,0.0022210280687342487,0.3923803831052844,4.856791026831379
28.84999999999568,0.0011727283714418608,0.4058158125867794,2.9336332664667473
28.85499999999568,0.0024958250165691355,0.39748619695632986,4.881262147166054
28.85999999999568,0.003758191366315692,0.3678396982741789,8.009372454914029
28.86499999999568,0.005411792345699926,0.3184643670338743,11.740760041208262
28.869999999995677,0.0068379604321681334,0.252002867553421,14.843839750973652
28.874999999995676,0.007898003588772481,0.18724481497633408,17.151549235064568
28.879999999995675,0.00853501336334933,0.15285085461879194,18.538402903299758
28.884999999995674,0.008714790630916227,0.11488022892238592,18.928846079931944
28.889999999995673,0.008781602639809672,0.11209803723449256,18.302122626374185
28.894999999995672,0.009046760127294317,0.19144479959792396,16.693385420227255
28.89999999999567,0.009098096901456932,0.2686534397752583,14.190070650707103
28.90499999999567,0.00893438194597504,0.33144505589834017,10.926575798526162
28.90999999999567,0.008559420770182824,0.37645475609346263,8.146888888191983
28.91499999999567,0.007981992853648453,0.4012678123339394,7.601031797559039
28.919999999995667,0.007215661055121656,0.40455291277319483,7.213213658011033
28.924999999995666,0.006278438770151675,0.3861419715525186,6.532226183489291
28.929999999995665,0.0051923243622010815,0.3470418857352024,9.809535879621636
28.934999999995664,0.006090635563091724,0.28937454340512286,13.257401052410712
28.939999999995663,0.007354710970276435,0.26899836487398576,15.990168522130059
28.944999999995662,0.008224406451057542,0.2788086662212524,17.86305012790861
28.94999999999566,0.008653522758415938,0.28211144892899537,18.776398969689406
28.95499999999566,0.00861953704287658,0.2788305531446992,18.680475596356267
28.95999999999566,0.008124813849615818,0.2690478372138059,17.580646273026037
28.96499999999566,0.007196471809287067,0.25299601003666655,15.537247388472919
28.969999999995657,0.005884902891108043,0.2975617921289941,12.66115940607452
28.974999999995656,0.006468040917297242,0.35198415678470674,9.10778645621097
28.979999999995655,0.00740642216886656,0.3874240679387683,6.857912471640526
28.984999999995654,0.00817435302118191,0.40199000240301525,7.5800686716161705
28.989999999995653,0.008753880962285097,0.3949098775763562,8.126415979074373
28.994999999995652,0.009131409026931075,0.3665821108218996,8.48707960339009
28.99999999999565,0.009297967174085441,0.3185556391278653,11.469727686779889
29.00499999999565,0.009249404023697417,0.2534377569990567,14.577425164744131
29.00999999999565,0.008986524934017437,0.1747474848146433,16.898683709021896
29.01499999999565,0.00851513442332571,0.11883186245184689,18.309247481584126
29.019999999995647,0.00852610633133164,0.15375281266211452,18.732059158421244
29.024999999995647,0.008266258287726182,0.1877180879763296,18.14314000894879
29.029999999995646,0.0075589579744365105,0.2181544963014483,16.57402397315825
29.034999999995645,0.006442894935628462,0.2615686978876587,14.110848127677755
29.039999999995644,0.004978810942742075,0.32406489926690896,10.88763242402287
29.044999999995643,0.0032461984603257355,0.3689800936996415,7.07844534907052
29.04999999999564,0.001339007856447126,0.3938961478518185,3.777071745653041
29.05499999999564,0.0013731874325553363,0.3974683770776337,5.557505463875942
29.05999999999564,0.0025818223677407264,0.37949918766808843,6.782056091341006
29.06499999999564,0.00438295515757449,0.34095392826543247,9.689512618718798
29.069999999995638,0.0059451235573457824,0.2839134316430979,13.126686030215492
29.074999999995637,0.0071835602708694496,0.22401683299096156,15.854185120472538
29.079999999995636,0.008030993621921178,0.19452499807214144,17.725481724352036
29.084999999995635,0.008441273013414111,0.16051244576924897,18.63948496023385
29.089999999995634,0.008507334153810919,0.12275825344455615,18.545578078963253
29.094999999995633,0.0090195386144049,0.1463482667209108,17.44853354734835
29.09999999999563,0.009323690684011749,0.2284903755464315,15.408309982860604
29.10499999999563,0.009412470618052973,0.298346480274854,12.534131908509002
29.10999999999563,0.00928348565741026,0.35213075172054953,8.979576669769648
29.11499999999563,0.008939334941275738,0.38691966959314467,8.352467825562167
29.119999999995628,0.00838759120010904,0.40081538257246163,7.853230257162826
29.124999999995627,0.007640677646987652,0.39305293931846486,7.168241572864003
29.129999999995626,0.0067156266428429,0.3640407320161074,7.877610906886301
29.134999999995625,0.005633707572977677,0.31533129190423703,11.606165137862321
29.139999999995624,0.006800259469668562,0.2546055418375175,14.712388211246639
29.144999999995623,0.007849560370599988,0.2723873080001878,17.027394464895032
29.14999999999562,0.008478906688046284,0.2838156432648812,18.425556216587072
29.15499999999562,0.008653810129618066,0.2886050184944073,18.832353241856385
29.15999999999562,0.008364234927361984,0.28663230755339253,18.22632031216118
29.16499999999562,0.0076251344996834825,0.2779361738685056,16.639042201411694
29.169999999995618,0.006475656829502137,0.2683892793948792,14.155954085473155
29.174999999995617,0.005180371898294917,0.331057787908381,10.911449319928035
29.179999999995616,0.006319415679078515,0.3760358533052009,7.07977683880028
29.184999999995615,0.007310707765948778,0.40089872464325926,6.878425676283993
29.189999999995614,0.00813103916403534,0.40429490270961405,7.6518276584566
29.194999999995613,0.008761184888390285,0.38602204958298864,8.247626803862898
29.19999999999561,0.009186333500245728,0.3470415489760604,9.789959462002587
29.20499999999561,0.009396423259873388,0.289428170489554,13.255391932600471
29.20999999999561,0.009386375008928933,0.21626007780001308,16.01184514321655
29.21499999999561,0.009156221337600117,0.13145244930472488,17.911206254899447
29.219999999995608,0.008711137870361247,0.11012250464378213,18.85099826316426
29.224999999995607,0.008669177287053118,0.14978862473767063,18.780832233213587
29.229999999995606,0.008168480756067287,0.18597236128364836,17.704502139421685
29.234999999995605,0.007231107123699103,0.2292034787843204,15.67849970912264
29.239999999995604,0.0059070387849128715,0.30042385673018335,12.809651469223141
29.244999999995603,0.004267042131989255,0.35557480443927725,9.25072761441486
29.2499999999956,0.0024168609624880205,0.39168306162993805,5.192575261849771
29.2549999999956,0.0014779666595178481,0.4067979573308315,6.0817678659412095
29.2599999999956,0.001717245229737921,0.40010065477641693,7.0459725593724265
29.2649999999956,0.003544682743857621,0.3719517984251668,7.7272385002266155
29.269999999995598,0.005284233234529338,0.3238683978435348,11.506121732426564
29.274999999995597,0.006739996840086625,0.2584370443793924,14.666419653230975
29.279999999995596,0.007834028750833758,0.227827954359106,17.038110130738538
29.284999999995595,0.008507834349271043,0.1976226509684469,18.493570054870318
29.289999999995594,0.008725509332126345,0.16275761213243822,18.955648252641502
29.294999999995593,0.008475644783617063,0.12405873321141131,18.40145845818326
29.299999999995592,0.008980535480532112,0.18482742627610893,16.8617948161061
29.30499999999559,0.009283737866827093,0.26302974642673416,14.419133244144643
29.30999999999559,0.009366667754476178,0.3270884672072086,11.20435506804567
29.31499999999559,0.009227204429178437,0.37357679512524117,8.825145670241755
29.319999999995588,0.008868409277634366,0.4000152957326941,8.49517863122478
29.324999999995587,0.008298494570640988,0.4050003383467024,7.9636259391990984
29.329999999995586,0.007530680294737049,0.38827466438030356,7.241500516068059
29.334999999995585,0.006582923523760228,0.35073987055730665,9.514055040849744
29.339999999995584,0.005964816460231849,0.29440999634470083,13.017894644193069
29.344999999995583,0.007256619661625509,0.25913727755215143,15.821590208578085
29.349999999995582,0.008158206670569547,0.27650493062943055,17.77351573059324
29.35499999999558,0.008621435414682427,0.2873120585312761,18.76870070322339
29.35999999999558,0.008621758917443528,0.29130123822910986,18.75392147924804
29.36499999999558,0.008159545753480175,0.28838177877458426,17.729323014196172
29.369999999995578,0.007260072853335972,0.2786356928319947,15.748990281298628
29.374999999995577,0.005972178375235214,0.29341531959210193,12.920148896257972
29.379999999995576,0.005428999945222876,0.3492058523172789,9.396064193813253
29.384999999995575,0.006557773662055907,0.38611517813586876,6.156388515083547
29.389999999995574,0.007533553959028508,0.40216651698147493,7.073584375315785
29.394999999995573,0.00833353751360491,0.3965102107237378,7.8239215176779116
29.399999999995572,0.008939065585101342,0.3694686082972863,8.391449882125244
29.40499999999557,0.009336023483227976,0.3225182726038462,11.278885214510117
29.40999999999557,0.009515135780807767,0.25820870575837995,14.444941523676938
29.41499999999557,0.009472160156376043,0.18002271887846452,16.829453228289914
29.419999999995568,0.00920798292915992,0.0921894448677134,18.303856376011296
29.424999999995567,0.00872862597160387,0.11696030173945829,18.78924415789556
29.429999999995566,0.008307753884913536,0.15642981170735232,18.26016114587575
29.434999999995565,0.0076231398891780065,0.19226302271466067,16.744622390629573
29.439999999995564,0.006525558908850171,0.258353613563404,14.32531160763687
29.444999999995563,0.005190805326575813,0.3220029256867445,11.134413241699843
29.449999999995562,0.003992342173720153,0.3681989383211725,7.343991812071678
29.45499999999556,0.002698101875624023,0.3944538940123538,6.4974354367928
29.45999999999556,0.0017601834054465756,0.399354406395003,7.197969464512759
29.46499999999556,0.0024969748780283353,0.38263957235752766,7.180533139180684
29.469999999995558,0.0043166104372820615,0.3452146513439784,9.481820301771107
29.474999999995557,0.005902395459719023,0.2890993576308196,12.964297183492913
29.479999999995556,0.007168437212427025,0.2531617407418859,15.748508487878786
29.484999999995555,0.008046074769568529,0.23166596173798756,17.68335713139186
29.489999999995554,0.00848759387708154,0.20472450350608343,18.66372918989959
29.494999999995553,0.008468813017961806,0.17294933738315488,18.637179150050915
29.499999999995552,0.008639959130689852,0.14098813119361625,17.605150427842855
29.50499999999555,0.009145927435754153,0.22405715405374554,15.622458716209586
29.50999999999555,0.009437730268686105,0.2951006982515878,12.794958962927936
29.51499999999555,0.009508578696727239,0.35027813398576674,9.276015330744096
29.519999999995548,0.009356802623067515,0.38660716227468883,8.81635294043755
29.524999999995547,0.00899640266660533,0.40211713829438644,8.468810377144775
29.529999999995546,0.008528869308220919,0.39595261539805165,8.044736917437165
29.534999999995545,0.00786140682310052,0.3684263960017291,7.596284176941161
29.539999999995544,0.007009054620320382,0.3210051998797889,11.372194271835395
29.544999999995543,0.0067203746639016,0.2562275068298853,14.538882948126597
29.549999999995542,0.007804853029890086,0.2602154939903722,16.926583957620842
29.55499999999554,0.008471836097858593,0.2773088587254158,18.4071968198311
29.55999999999554,0.008684815159069614,0.287885977445269,18.899663483917905
29.56499999999554,0.00843165955972301,0.2916968254335683,18.375021901556195
29.569999999995538,0.007725321171520954,0.28864530305947605,16.85953892984527
29.574999999995537,0.0066031792372903955,0.28171926336986974,14.434467603316392
29.579999999995536,0.005125038168614417,0.3277105324578363,11.231387374791623
29.584999999995535,0.0053704049044756225,0.3743463557447209,7.42294193996263
29.589999999995534,0.006499006899361177,0.4009355433781591,6.169728706045633
29.594999999995533,0.007474280550132293,0.40603370109750503,7.08609401352026
29.599999999995532,0.008273448289713665,0.3893511671020183,7.835029057273678
29.60499999999553,0.008877889227007343,0.35176984566273295,9.532985003194067
29.60999999999553,0.009273549159632511,0.2952942491050349,13.057253619885607
29.61499999999553,0.009451234640028212,0.22294276201746543,15.883341215142824
29.619999999995528,0.00945434205406246,0.138587798524463,17.85864418205886
29.624999999995527,0.009301524387180125,0.09000402141061141,18.87494396659333
29.629999999995526,0.008928847368113928,0.11713237251741822,18.87674149324446
29.634999999995525,0.008344629200058209,0.15645416941019766,17.86457160545794
29.639999999995524,0.0075622649216895805,0.22387512112212937,15.894009545989753
29.644999999995523,0.0065998927078456116,0.29628973408549736,13.071835639358044
29.649999999995522,0.005479957176914703,0.3528412244561883,9.548760508918809
29.65499999999552,0.004228698677555325,0.3904936457940514,6.8868954585603355
29.65999999999552,0.002875568219903178,0.4072188890425705,7.297550633804561
29.66499999999552,0.0016984914680767318,0.4021103504194025,6.980655919345016
29.669999999995518,0.0034139485381383884,0.37543914451705956,7.447177638489078
29.674999999995517,0.005174156318596795,0.3286439676663179,11.270893101808019
29.679999999995516,0.006656383632684667,0.28042241850032623,14.48791077718235
29.684999999995515,0.00778127758623408,0.2636502640821144,16.926623029983112
29.689999999995514,0.008488697807678093,0.24060699465848018,18.454640299718363
29.694999999995513,0.008740966516118135,0.21184811207588422,18.988338451218436
29.699999999995512,0.008524914266862657,0.1780664562090962,18.500036029131483
29.70499999999551,0.00852554918637465,0.17886853381681456,17.01901031698185
29.70999999999551,0.009013643030538032,0.2579822147826047,14.626462069334837
29.71499999999551,0.009398031896383241,0.3231732783071269,11.449963340474579
29.71999999999551,0.009560566925961864,0.3709472908395244,9.089491633666206
29.724999999995507,0.009497212802314279,0.39874464546067423,9.036598880570958
29.729999999995506,0.009209297898473339,0.4050785414781757,8.76703543613021
29.734999999995505,0.00870352420561888,0.38961440867169267,8.286736489333153
29.739999999995504,0.00799182020499884,0.35319265859888627,9.308788675504202
29.744999999995503,0.007091037419486901,0.29778715991748567,12.853410797056476
29.749999999995502,0.007143191223714095,0.23473701011478124,15.703927356606195
29.7549999999955,0.008066331315295553,0.25673275139225943,17.708709617022514
29.7599999999955,0.008552712806878384,0.27472952366958703,18.76002940913203
29.7649999999955,0.008576416559933969,0.2878722663726303,18.799669729075866
29.7699999999955,0.008136470259533467,0.29417051643879183,17.82463968569347
29.774999999995497,0.007256915162207027,0.2934842967637883,15.888458407690232
29.779999999995496,0.005985492447825612,0.29051669367055666,13.09726222772491
29.784999999995495,0.004391033394023174,0.3472669278504321,9.60283144422573
29.789999999995494,0.00531290632291579,0.38525800172078517,5.593598103915815
29.794999999995493,0.006393661632565892,0.40245417918329307,6.1552378617366665
29.799999999995492,0.007321455270204992,0.3979382827903137,7.0197528853505
29.80499999999549,0.008080098632443073,0.37196273915437306,7.749182626507887
29.80999999999549,0.008753835256845165,0.3259335078483631,11.112706506307143
29.81499999999549,0.009218947247854693,0.26233330190691145,14.327375870274103
29.81999999999549,0.00946432713030972,0.18458852322495187,16.770535602510403
29.824999999995487,0.00948408283670878,0.0977791019292644,18.311969963236773
29.829999999995486,0.009277724745907826,0.11157858475626733,18.86925883238157
29.834999999995485,0.008850213794186048,0.11872410102077431,18.41137808909864
29.839999999995484,0.008211828286218926,0.1777014769758144,16.960250708365255
29.844999999995483,0.007377874280068416,0.25658470319053717,14.59303977752449
29.849999999995482,0.006368300679889292,0.32166326075232266,11.438383247190224
29.85499999999548,0.005207235266722071,0.36942520810503693,7.6663956938958115
29.85999999999548,0.003922415961822028,0.397289987835098,7.274844571034654
29.86499999999548,0.0025445222079841416,0.403747271975009,6.6656336950528665
29.86999999999548,0.0024159862000244672,0.3884393875412216,5.388396785133117
29.874999999995477,0.004267527667600474,0.35217719948919707,9.278323989459405
29.879999999995476,0.005890214406753488,0.29689749617202227,12.833557337410959
29.884999999995475,0.007196368562522475,0.2762452470162765,15.69977467716508
29.889999999995474,0.008115304429706368,0.25757178576906803,17.72181948187642
29.894999999995473,0.008597155828580094,0.23280007168256225,18.790101288712027
29.899999999995472,0.008615576858102481,0.20252230744169178,18.84683703691687
29.90499999999547,0.008169167112188359,0.16746044602827748,17.889148707298872
29.90999999999547,0.008537653857550166,0.21984460594896837,15.967921127051186
29.91499999999547,0.009074786523779974,0.2927276511645922,13.185296959198906
29.91999999999547,0.00939660062789586,0.3499158079857843,9.689965769278384
29.924999999995467,0.009495466944151914,0.38831416680082537,9.067066067217468
29.929999999995466,0.00936899923674105,0.40583743542756967,8.94875611163554
29.934999999995465,0.009020145275303867,0.4015262667444009,8.617222353723946
29.939999999995464,0.008457149976519298,0.3756008293792054,8.07941315649966
29.944999999995463,0.007693377505295441,0.3294459774136533,11.156163007369985
29.949999999995462,0.006746990496036344,0.2655323401216433,14.409291909434536
29.95499999999546,0.00778076428982782,0.23608296846743496,16.89145715113257
29.95999999999546,0.008496160126878864,0.2600474974745313,18.469582896880326
29.96499999999546,0.008756001649370591,0.2778508405982108,19.058067384600786
29.96999999999546,0.008545786050489583,0.28907793229656104,18.623421753558926
29.974999999995458,0.007876238218950993,0.2934673044994089,17.18824633349734
29.979999999995457,0.006782748913682939,0.29092462942041375,14.830721376163735
29.984999999995456,0.005323467939127121,0.32499081913164873,11.676978000219895
29.989999999995455,0.00420122818910528,0.37391934692243284,7.894433116094088
29.994999999995454,0.005372022277143058,0.4028677469136287,5.426778877577967
29.999999999995453,0.00649605720753643,0.4102655634571598,6.725440338727064
30.00499999999545,0.007489817039021851,0.39569800823869483,7.356404692494362
30.00999999999545,0.008307738390720276,0.35992785618959544,9.206838995225969
30.01499999999545,0.008930606961430314,0.3048577298678761,12.821211533462291
30.01999999999545,0.009343786895372441,0.2334329590003173,15.74869681356186
30.024999999995448,0.009537589236758681,0.14948283062875029,17.83135453506568
30.029999999995447,0.009507524830534833,0.11460758659536634,18.95801362018548
30.034999999995446,0.0092544143384866,0.11265131519695896,19.06977209933751
30.039999999995445,0.0087843486998962,0.13063595416027188,18.160587941499585
30.044999999995444,0.00810852694262509,0.2167361982572966,16.27950969731104
30.049999999995443,0.0072429760902413985,0.29125572600728933,13.528301402686719
30.05499999999544,0.006208165828411601,0.3502080169129747,10.052614959587936
30.05999999999544,0.005028549174063263,0.39043233869221344,7.120750694759512
30.06499999999544,0.0037320097296446703,0.4097696559776173,6.234247661455805
30.06999999999544,0.0023491988514385337,0.40718349988573416,4.724173508574365
30.074999999995438,0.0031971266064803796,0.38281430108793596,7.015403920312465
30.079999999995437,0.004999093605668871,0.3379724985874762,10.921317079871876
30.084999999995436,0.006531697438026966,0.2850889403588103,14.240068612809344
30.089999999995435,0.007713082806249528,0.2720053560291969,16.793499956197
30.094999999995434,0.008480263687595373,0.2525299035117397,18.44564937507406
30.099999999995433,0.00879248741011564,0.22712747022038993,19.10834670575066
30.10499999999543,0.008633411835216815,0.19640196465702547,18.74554480048222
30.10999999999543,0.008011988936531704,0.16943668011149482,17.37613549909431
30.11499999999543,0.008548152673019336,0.25056108979548414,15.0736283745021
30.11999999999543,0.009053483363878671,0.3181523480624796,11.962874932296655
30.124999999995428,0.009344720501812329,0.36859014490216657,8.881828563769272
30.129999999995427,0.00941521519141626,0.3991821102227811,8.940918799341516
30.134999999995426,0.009263494477178558,0.4083070176907829,8.790798452210945
30.139999999995425,0.00889329656201099,0.3954954410750702,8.43383644501639
30.144999999995424,0.008313502005843664,0.3614492409003169,8.868428761083022
30.149999999995423,0.007537952158796685,0.3080055177965025,12.50906048044327
30.15499999999542,0.007055417891930858,0.23804023038249025,15.47705448516223
30.15999999999542,0.008038806275437831,0.23569332616388855,17.61298845971166
30.16499999999542,0.008587791673049851,0.25851918472464613,18.80144633860976
30.16999999999542,0.008673063803559861,0.2751929408579815,18.978241599393936
30.174999999995418,0.008290265646048693,0.2853273113645795,18.13331654599396
30.179999999995417,0.0074602409684024805,0.28869541641466834,16.31136853022826
30.184999999995416,0.006227930056752467,0.28523608034380094,13.609743834160298
30.189999999995415,0.0046599666165657114,0.3433218032892228,10.173548367332156
30.194999999995414,0.004110743454998007,0.3842247461060544,6.187628759400841
30.199999999995413,0.00533295675841751,0.40436131145044724,7.01632585563392
30.20499999999541,0.006441153568184652,0.40264161204433346,7.340405701727624
30.20999999999541,0.007396446848025459,0.37915543476053126,7.041669455048637
30.21499999999541,0.008176732366678338,0.33517121534129024,10.754093994977662
30.21999999999541,0.008764012322448143,0.273074949467186,14.084412354664558
30.224999999995408,0.00914475340247379,0.19623544479699065,16.651389513414262
30.229999999995407,0.009310188323821947,0.11358082466115588,18.317864347249888
30.234999999995406,0.009256539042609693,0.10689592223191446,18.993809715145005
30.239999999995405,0.008985118680696557,0.0895545786850252,18.643548332789027
30.244999999995404,0.00850231759373442,0.16838834948550555,17.287683409219472
30.249999999995403,0.007819484014250982,0.24910900537801225,15.000578947783863
30.254999999995402,0.00695268285721377,0.3163742720645372,11.905527726826708
30.2599999999954,0.005922319656726707,0.3665586281285319,8.16821469877158
30.2649999999954,0.004752646618561152,0.39695353244501225,5.6040933221337745
30.2699999999954,0.0034711828021729224,0.4059156905969228,3.8918659653218413
30.274999999995398,0.0021972957238464864,0.3929542479465198,4.779693293104772
30.279999999995397,0.004076577119876915,0.35875831046566775,8.898681699236358
30.284999999995396,0.005736385520869182,0.3051650499312531,12.538622514530013
30.289999999995395,0.007086945643446967,0.2790295263957861,15.503797818022946
30.294999999995394,0.00805512177991702,0.26570076939819465,17.63521962666365
30.299999999995393,0.008588350531381609,0.24613841392410435,18.817344529527283
30.304999999995392,0.008657476865462976,0.22080447686573315,18.986478095600006
30.30999999999539,0.00825833151922559,0.19029646388721885,18.133168130276747
30.31499999999539,0.0078465849552319,0.21231378817060112,16.30089632603488
30.31999999999539,0.008526668060696912,0.28703365749957094,13.587051405553666
30.324999999995388,0.00900675916799068,0.34635018801931466,10.13956080234434
30.329999999995387,0.009275514266394166,0.387061898123261,8.7600101638476
30.334999999995386,0.009326558127964056,0.4069690685280997,8.81025994137523
30.339999999995385,0.00915864213220482,0.4049876439949364,8.65304712606386
30.344999999995384,0.00877567395398013,0.38120954898172327,8.29199500097094
30.349999999995383,0.008186624820537652,0.3368980823476754,10.82366338430073
30.354999999995382,0.007405314000204392,0.27441976552943903,14.167663342994345
30.35999999999538,0.007736253776757992,0.20741410022211756,16.752959278981024
30.36499999999538,0.008501886441762698,0.23527937391226583,18.440381499866394
30.36999999999538,0.008812692269522273,0.25762067183067605,19.138571680509767
30.374999999995378,0.00865145470415459,0.273912057918707,18.809418039478544
30.379999999995377,0.008026290335873943,0.2837714449896319,17.470880706610522
30.384999999995376,0.006970212626606973,0.2869714501656811,15.194955105115145
30.389999999995375,0.005539358007117828,0.3202940111776152,12.103514718709627
30.394999999995374,0.0038099793630805173,0.3714574464373239,8.361859385174354
30.399999999995373,0.004181594967093588,0.40278573054872724,7.18161103281482
30.404999999995372,0.005408697113165929,0.41258509813683353,7.213659695897422
30.40999999999537,0.006509197491627406,0.40031439887283904,6.528740302388957
30.41499999999537,0.007457304929377571,0.36661773821183835,8.820091782947392
30.41999999999537,0.008230793573199443,0.3132919760683048,12.510213074466552
30.424999999995368,0.008811538182109812,0.24319106803804474,15.530150137638062
30.429999999995367,0.00918594824503845,0.16007042505501043,17.71810705557637
30.434999999995366,0.009345278912573082,0.10033100385388921,18.957651591531768
30.439999999995365,0.009285818376166459,0.07922485451069983,19.18311009653298
30.444999999995364,0.009008965757084252,0.1208847720000583,18.382448390324033
30.449999999995363,0.008521204312627425,0.20833539934951587,16.597802549459733
30.454999999995362,0.00783395710028148,0.2846439683624209,13.925625055702893
30.45999999999536,0.006963311168636771,0.3457331597495394,10.510051499145058
30.46499999999536,0.005929636553767951,0.388340132617843,6.532737648176732
30.46999999999536,0.004757128452147185,0.41018771117464503,4.480981286607332
30.474999999995358,0.0034732561731443544,0.41011142498381437,3.2699568705991537
30.479999999995357,0.002991491577403031,0.3881223708624927,6.558813397652325
30.484999999995356,0.004825304419078566,0.345402765807737,10.529028624250317
30.489999999995355,0.006399417138805084,0.2859884854249366,13.935148865691596
30.494999999995354,0.0076298257438060235,0.2790897292576492,16.593332000461324
30.499999999995353,0.008450974929523257,0.2656207178388748,18.359694218781563
30.504999999995352,0.008819299782105633,0.2459047729335019,19.13917286355601
30.50999999999535,0.008715573575869568,0.22041484121320495,18.890129465059953
30.51499999999535,0.008145933132885702,0.18975936384461278,17.62684608597543
30.51999999999535,0.00784218121324621,0.2421874885287233,15.418426111287037
30.524999999995348,0.008518741432292705,0.31169501528038734,12.384584589379163
30.529999999995347,0.00899501478388107,0.3643789275417816,8.688980315178922
30.534999999995346,0.009259913250283204,0.3974287088866819,8.751757088491152
30.539999999995345,0.009307297123328813,0.4090912839116502,8.794079639442634
30.544999999995344,0.009136120863475386,0.3987624228270875,8.629704896470873
30.549999999995343,0.00875047287634375,0.367017867631959,8.432179857020618
30.554999999995342,0.008159493396399783,0.31558254127206326,12.141950686938076
30.55999999999534,0.007377165160465417,0.2472381515784689,15.195805190500263
30.56499999999534,0.007934100157680741,0.20728872342092253,17.429778131472982
30.56999999999534,0.008536508541332496,0.23489654969166526,18.72423510307499
30.574999999995338,0.00867711661418677,0.25695741488645746,19.009801389977376
30.579999999995337,0.008348878483356678,0.2729535721842821,18.271554706471896
30.584999999995336,0.007569995172284039,0.2825094923752076,16.550318035889354
30.589999999995335,0.006382908937108827,0.28539786569404263,13.940277078163838
30.594999999995334,0.004851991855306376,0.33683634179337996,10.582063268143402
30.599999999995333,0.0030600812033804788,0.37992791897699424,7.267944500715748
30.604999999995332,0.00415823281959697,0.40248556430601196,7.002920157678459
30.60999999999533,0.0053719483140805685,0.40329571350651533,6.039347932765317
30.61499999999533,0.006457818384543634,0.38232143670341934,6.345279875135381
30.61999999999533,0.007390377774002894,0.3407043044125129,10.301573041227577
30.624999999995328,0.008147781018682772,0.2806994210368021,13.700380309057293
30.629999999995327,0.008712311743286471,0.20555056082041812,16.359163777496956
30.634999999995326,0.009070800743619508,0.11931568409814153,18.13478691141443
30.639999999995325,0.009214932940931078,0.0678163425988992,18.931738602873512
30.644999999995324,0.009141442461986088,0.0674498007859749,18.707929836486706
30.649999999995323,0.008852203123811528,0.15791073738794983,17.476444804304034
30.654999999995322,0.008354201977949708,0.2398600434546318,15.303277622369443
30.65999999999532,0.007659366310105004,0.308877104976536,12.30354698639277
30.66499999999532,0.0067842448932875585,0.3612294944103052,8.637408787115346
30.66999999999532,0.005749592487743703,0.3940820979890405,5.433891188809742
30.67499999999532,0.0045799010761785434,0.40565990897161047,4.319708392276528
30.679999999995317,0.0034519651447254295,0.3953417449600164,4.254757353286881
30.684999999995316,0.003866414776766465,0.3636835928517556,8.40850349001771
30.689999999995315,0.005556586205512186,0.3123849786465474,12.110942192066016
30.694999999995314,0.006948043677855724,0.28173630330191013,15.163845150201752
30.699999999995313,0.007965485169082643,0.27413497299592215,17.40392448619202
30.704999999995312,0.008553672232580476,0.2600868077327247,18.709014314070846
30.70999999999531,0.008680432605830289,0.2399326013369171,19.006317325352562
30.71499999999531,0.008338443447688646,0.2141489247228584,18.27827605786015
30.71999999999531,0.0075456660004004856,0.20210740555792606,16.56325682237311
30.72499999999531,0.007794640446097604,0.27839953155460395,13.95359357629866
30.729999999995307,0.008439340129056883,0.3397592488413931,10.590293338417487
30.734999999995306,0.00888471458756769,0.38287201528720977,8.438147852115874
30.739999999995305,0.009120379629242628,0.4054054092634699,8.65677407346939
30.744999999995304,0.009140896768618404,0.40613179369279645,8.67196836881262
30.749999999995303,0.008945888230950345,0.38499564955632354,8.483397515920547
30.754999999995302,0.0085400423817081,0.34311805181031746,10.364572022677516
30.7599999999953,0.007933005655125749,0.28273530147137715,13.788528112899133
30.7649999999953,0.007594385974843042,0.20707938158463127,16.473839841799865
30.7699999999953,0.008412595744046868,0.20814265664140724,18.27610235329103
30.7749999999953,0.00878002030477446,0.23476199248191207,19.09958880781853
30.779999999995297,0.008676350822048618,0.25586304808660765,18.89976698362449
30.784999999995296,0.008106525191632533,0.27096109373215316,17.685860855374617
30.789999999995295,0.007100488787545199,0.2797096702857004,15.5222350930291
30.794999999995294,0.005711613486977519,0.3128327194741086,12.523892395424964
30.799999999995293,0.004013857658708403,0.3662696118335522,8.850864548352911
30.804999999995292,0.0030132400234021213,0.40014701125056773,6.683112779275131
30.80999999999529,0.004303541505957847,0.41263409408562723,5.468338986385551
30.81499999999529,0.005493670887608768,0.4030493072842276,5.147752312613555
30.81999999999529,0.006555866005375589,0.37189451634731785,8.33326373863387
30.82499999999529,0.007465380543608471,0.32082489827720906,12.09458348941008
30.829999999995287,0.008201035289384179,0.2525590687330686,15.21174832824671
30.834999999995286,0.008745696736517742,0.17074005054410948,17.51585894733768
30.839999999995285,0.009086695675712759,0.0797478999657024,18.881001284025935
30.844999999995284,0.009216150453908951,0.029199696081462636,19.2337999541297
30.849999999995283,0.009131150416238836,0.11001337941041264,18.5559105581623
30.854999999995282,0.008833802344658989,0.19861369064393086,16.884213935245732
30.85999999999528,0.008331160089359675,0.2765982542508977,14.309611507541666
30.86499999999528,0.007696548087382539,0.33980027246135774,10.971195776642903
30.86999999999528,0.0069662785690837465,0.3848457103273358,7.046979369748665
30.87499999999528,0.006072506445202021,0.409327013412526,5.760909287190842
30.879999999995277,0.005035584065717925,0.4119343164910869,4.802610920038869
30.884999999995276,0.003879330798730756,0.39253041707685954,6.058939132787975
30.889999999995275,0.0046166065467384415,0.35215854561304977,10.089809452736292
30.894999999995274,0.0062294736054622005,0.29298827787646753,13.57829764189711
30.899999999995273,0.007507441962058253,0.2796769630776954,16.33738760390484
30.904999999995272,0.00838246199633365,0.2722602473840914,18.218658721600644
30.90999999999527,0.008808132431462862,0.25874883265756443,19.121230816286744
30.91499999999527,0.00876217441640482,0.24349521841667052,18.999431675789562
30.91999999999527,0.008247578791613724,0.2224966795567188,17.861923389425957
30.92499999999527,0.00729240151499149,0.23307509185916225,15.769785838343823
30.929999999995268,0.00773210863172229,0.30458438298581053,12.833930612316077
30.934999999995267,0.008378847288677164,0.3596945742443364,9.210145891094685
30.939999999995266,0.008828772544354517,0.3954524578389316,8.33828514139051
30.944999999995265,0.009071460042106388,0.40994826898480285,8.562142818693891
30.949999999995264,0.009101335066682223,0.40242219278113917,8.587424929388968
30.954999999995263,0.008917767508442268,0.3733011300363227,8.413820573056224
30.95999999999526,0.008561539881802077,0.3241682295715145,11.72048248106739
30.96499999999526,0.00809766986137757,0.2576760025664576,14.876408320955978
30.96999999999526,0.00787004147780381,0.17740762724045592,17.230941809445383
30.97499999999526,0.00853277657210634,0.20502265536499312,18.657544894513077
30.979999999995258,0.008735354590437918,0.23172389503464472,19.079100556883937
30.984999999995257,0.008467377421788502,0.2529942549919037,18.473083908681467
30.989999999995256,0.007743788049160365,0.2683401381353086,16.87268426235143
30.994999999995255,0.006604054525033766,0.2774060659505612,14.364611806372283
30.999999999995254,0.005110029859088364,0.3306165414669453,11.084674815914976
31.004999999995253,0.0033426021016028963,0.3763545615272568,7.210533208210065
31.00999999999525,0.002901209881676238,0.4017592949997413,4.792233195699387
31.01499999999525,0.004187441938248789,0.40547709869553317,3.9363354069329017
31.01999999999525,0.005375850813767384,0.3873173585740185,5.799657346138839
31.02499999999525,0.006438650686519402,0.34826504153385357,9.821269469927545
31.029999999995248,0.00735102172067145,0.29043345187912495,13.311366391964407
31.034999999995247,0.008091670527843865,0.2169503783691931,16.081863012008952
31.039999999995246,0.008643318485598602,0.13178407578531198,17.984658021544213
31.044999999995245,0.008993110623027614,0.07223367514960573,18.917713817403737
31.049999999995244,0.00913290609340287,0.05483918538708265,18.82921881260777
31.054999999995243,0.009109753612321202,0.14621945446200016,17.72288881736001
31.05999999999524,0.00893942848024441,0.22967583078157278,15.65966171046973
31.06499999999524,0.008558571083953526,0.30070299498330183,12.751203970222493
31.06999999999524,0.007975588009773322,0.35546827332694314,9.1549073672345
31.07499999999524,0.0072037184419813495,0.39102141247774636,6.885400357881956
31.079999999995238,0.006260761690157764,0.40545251515096153,6.001715249504709
31.084999999995237,0.005168674210325649,0.39798765433655126,5.697765711933607
31.089999999995236,0.003953036088925694,0.3690261627201312,7.892559544605021
31.094999999995235,0.005346411319699855,0.3201209735629159,11.669516118281495
31.099999999995234,0.006781465860614011,0.27985405824807097,14.818536185781939
31.104999999995233,0.00785105028413887,0.28277707412786474,17.168630292444487
31.10999999999523,0.008497206293168401,0.2790933421963208,18.592749548584976
31.11499999999523,0.008684798437426582,0.26878697472903545,19.01608897380446
31.11999999999523,0.00840337554478792,0.2521076110679521,18.417478407303882
31.12499999999523,0.007667708889900294,0.22946023019228698,16.827956171425484
31.129999999995228,0.006893840153437526,0.2690867274465039,14.330685126801
31.134999999995227,0.0077267368590930455,0.332561189544364,11.059099712343569
31.139999999995226,0.008378571324000843,0.37818187533948416,7.898497323225612
31.144999999995225,0.008834095735890708,0.4034778893089541,8.327600174640644
31.149999999995224,0.009082865585391713,0.4070708752884909,8.618801389298921
31.154999999995223,0.009221479555966304,0.3887460219808219,8.769323811531732
31.15999999999522,0.009142135398274905,0.3494676418371494,9.873447324670245
31.16499999999522,0.008846190836139448,0.2913320424951698,13.380792412122165
31.16999999999522,0.008340124853246686,0.21745007867708707,16.17199311511155
31.17499999999522,0.008326585259191766,0.17310711278499705,18.096497715735623
31.179999999995218,0.008753316586054822,0.20494302253061425,19.04957126615155
31.184999999995217,0.008710215792662684,0.2320024160604227,18.977498992795464
31.189999999995216,0.008199074777080703,0.25363140769132425,17.88186629863559
31.194999999995215,0.007246918774888528,0.2692987945934486,15.821166267567229
31.199999999995214,0.005904569916710152,0.3043795521251701,12.906658124024824
31.204999999995213,0.004243905366266722,0.35988626805221613,9.296028246794092
31.209999999995212,0.002353972315473177,0.396086952265218,5.184245438406952
31.21499999999521,0.002898581437760807,0.4110300215647802,2.7443194373917814
31.21999999999521,0.0041913212255830605,0.4039112519124104,3.9724152319086126
31.22499999999521,0.005385355437954667,0.37511634414494793,7.8774729646191215
31.229999999995208,0.0064525626014944925,0.3261946183577674,11.691217350253499
31.234999999995207,0.007367867324302878,0.25977216353741084,14.877764577889705
31.239999999995206,0.008109813982586464,0.1794144521695532,17.26531996925405
31.244999999995205,0.008672491468133444,0.10923367131224725,18.725392080645413
31.249999999995204,0.009113269664028516,0.0670776070457848,19.181005105929504
31.254999999995203,0.00933922315882071,0.09980236106423175,18.608610951112492
31.259999999995202,0.00934480290843301,0.18892046399034154,17.038630219332177
31.2649999999952,0.009129606015232689,0.26790461016696593,14.555028251318255
31.2699999999952,0.008698449748200358,0.33252103056626764,11.291539908402966
31.2749999999952,0.00806129328224928,0.37930935028958135,7.691148507077481
31.279999999995198,0.007233006934149457,0.4057667199226287,6.909110531731994
31.284999999995197,0.006233025281760339,0.4104817799163092,6.22672969729807
31.289999999995196,0.005084887433355358,0.3932117182219815,7.093318100033425
31.294999999995195,0.004442833583858587,0.3548917969628798,9.693079700733712
31.299999999995194,0.006074014604262006,0.29758061119850204,13.231394605017849
31.304999999995193,0.007378845485195434,0.28803331064688925,16.060153404431446
31.309999999995192,0.008287567631924862,0.28963055132250726,18.025696058762136
31.31499999999519,0.008751713510598315,0.2843504318307437,19.020657367003274
31.31999999999519,0.008746741390172681,0.2723329366861377,18.991869063088398
31.32499999999519,0.008273351269177267,0.2538775700952296,17.94248459798816
31.329999999995188,0.007357412100169522,0.22942973544334938,15.931009422911126
31.334999999995187,0.006939454021274532,0.2980226388280985,13.066165577258358
31.339999999995186,0.007766085384025277,0.3544398551458117,9.500720949827425
31.344999999995185,0.008471102848148187,0.3917577200424629,8.035101023492043
31.349999999995184,0.009000301905761484,0.4079845202827779,8.539018622994984
31.354999999995183,0.009317253487839012,0.40227033480331276,8.846457816242458
31.359999999995182,0.009414315334416876,0.3749472612664988,8.95042342446798
31.36499999999518,0.009288926355218932,0.3275066671437273,11.396977513462115
31.36999999999518,0.008943729917317875,0.2625171620144281,14.598824538258109
31.37499999999518,0.008386581194097974,0.18348480588063198,17.01411791526103
31.379999999995178,0.008457725878505021,0.1743432988297323,18.514380706282147
31.384999999995177,0.008696464843269556,0.20591203755074425,19.01823239281301
31.389999999995176,0.008466151467444161,0.23406938308372563,18.49752900248363
31.394999999995175,0.007779627661862883,0.2579863035485699,16.980378363164455
31.399999999995174,0.006674308009402004,0.2758108656429534,14.549049771926342
31.404999999995173,0.00521014673626117,0.3251887935953029,11.336181401778072
31.409999999995172,0.0034663793240228046,0.3723181713000581,7.515569680124442
31.41499999999517,0.0015676560776502833,0.3993373700838613,3.292109833397063
31.41999999999517,0.002924604606463689,0.40479936101205294,2.7588823448703264
31.42499999999517,0.004212994258720581,0.38841652503899093,5.44582092710461
31.429999999995168,0.005402638725935193,0.3510778453564907,9.489650945895841
31.434999999995167,0.0064657009589956,0.2948011284519478,13.021035815921838
31.439999999995166,0.007453123049535192,0.22262330979427522,15.850091647147837
31.444999999995165,0.008267279705605552,0.1442775036278649,17.824850265633188
31.449999999995164,0.008887420977920609,0.10377900529816278,18.83929029123262
31.454999999995163,0.009298964153274691,0.08245474047362776,18.83852873559965
31.459999999995162,0.0094921968557039,0.13906999198009085,17.821890477670735
31.46499999999516,0.009462482240452897,0.22323367833692612,15.843584065064086
31.46999999999516,0.009210381513364901,0.2953660142936888,13.009350317641614
31.47499999999516,0.008741679228569063,0.3515681633480977,9.471509304122428
31.479999999995158,0.008067267262746541,0.3887991918099808,7.643624784794791
31.484999999995157,0.00720290070968286,0.4050433738322929,6.828222891586145
31.489999999995156,0.0061688521128797635,0.3994209485195604,7.243200456374599
31.494999999995155,0.004989448861882672,0.37223000658802474,7.550635919227556
31.499999999995154,0.005227311233579633,0.3249245065518571,11.371564095239876
31.504999999995153,0.006689723349418967,0.2838988128278288,14.582102611947953
31.509999999995152,0.007792479073623317,0.2914223449088783,17.009253342464152
31.51499999999515,0.00847571771997309,0.292077613766558,18.52212315985899
31.51999999999515,0.008702135027827363,0.28585328816852734,19.037914497101085
31.52499999999515,0.008459012528835026,0.2729006329196492,18.528416941399463
31.529999999995148,0.0077589103764946635,0.2535347953293715,17.02199615578722
31.534999999995147,0.0066389753083728,0.26351558040919737,14.600857272069225
31.539999999995146,0.007015299835693596,0.3285022637854001,11.39381607841237
31.544999999995145,0.00791520804416392,0.3759133722198502,7.570627295367996
31.549999999995144,0.008629504816849409,0.4031803943538517,8.13702465084565
31.554999999995143,0.009141556631714532,0.4088180818227092,8.617344938952678
31.559999999995142,0.00943942965179012,0.39250929587802424,8.896892637576324
31.56499999999514,0.009516175029126401,0.35512077642720896,9.51299997314208
31.56999999999514,0.009370003357697205,0.2986498002186666,13.075390510275358
31.57499999999514,0.009004351092805564,0.22611467386252274,15.938660032182842
31.579999999995138,0.008427823056907327,0.14139673144228604,17.948516935912565
31.584999999995137,0.0087934240344897,0.17369412719179128,18.996824955045124
31.589999999995136,0.008800941680681641,0.2074587371555459,19.02705302616007
31.594999999995135,0.008339162542053654,0.2363303905633291,18.036554563826243
31.599999999995134,0.00743252036168459,0.25962337830206733,16.077924524763
31.604999999995133,0.00612932606272962,0.2973061846474469,13.255935360395428
31.609999999995132,0.0044991865687649055,0.35474961293845314,9.721435956007518
31.61499999999513,0.0026292697717342594,0.39321710587382136,5.665561218140114
31.61999999999513,0.001360200742548643,0.4106510385701658,2.092722336116981
31.62499999999513,0.0027110795256221312,0.4061253866701587,4.151268956478245
31.62999999999513,0.004061895627397287,0.3798831678210206,7.378614919254819
31.634999999995127,0.00531549824887289,0.33332102958434495,11.246240375415878
31.639999999995126,0.006675979543470943,0.26892137491695894,14.513621491539078
31.644999999995125,0.007823602999377548,0.19012800744569272,17.003725496968077
31.649999999995124,0.00855183961587703,0.14091996033586976,18.580821819667104
31.654999999995123,0.008821802243594044,0.10033383541049433,19.15846906889581
31.659999999995122,0.009211602850889882,0.10832298070703182,18.705143363921025
31.66499999999512,0.009388094891020656,0.17772287265005474,17.247758036366143
31.66999999999512,0.009342682025984646,0.2580092883162987,14.86680823013213
31.67499999999512,0.009076531138581527,0.3244008273084021,11.689807366709756
31.67999999999512,0.00859601786778076,0.3733428844919438,8.164262697568326
31.684999999995117,0.007912616436156119,0.4022159193734167,7.5077980927666665
31.689999999995116,0.007042641892440719,0.40947724435374033,7.267646537347203
31.694999999995115,0.006006860849421904,0.39474862748290807,6.846895031590376
31.699999999995114,0.004829974796113114,0.3588394665934738,9.229886061193426
31.704999999995113,0.0058533931079501915,0.3037010531113668,12.825479331649843
31.709999999995112,0.007193442720651848,0.28113283395085836,15.727425125174678
31.71499999999511,0.008145606446660143,0.2877753984554759,17.78141228894128
31.71999999999511,0.008659205445227634,0.2876001130476892,18.880106687474473
31.72499999999511,0.008707130131831105,0.28060792091857095,18.966264250356048
31.72999999999511,0.008287258802866468,0.26696373190578776,18.034727302713954
31.734999999995107,0.0074225739505316655,0.24699884651155107,16.1344448834455
31.739999999995106,0.006159941918225234,0.2894043772229208,13.367931725858433
31.744999999995105,0.006966403835982294,0.34753937416886965,9.886067052521609
31.749999999995104,0.00782855587881193,0.3869458398972973,7.509584349245364
31.754999999995103,0.008504075919775665,0.40552108712082274,8.150621804879332
31.759999999995102,0.00897702354916179,0.4022805708552755,8.60075789341525
31.7649999999951,0.009236207312361761,0.3774139759623691,8.850080998075978
31.7699999999951,0.009275442784787234,0.33226792887049184,10.961567036368038
31.7749999999951,0.009093746135131421,0.269271366693113,14.237057834584029
31.7799999999951,0.008695424547636943,0.1918133670338667,16.74614202911518
31.784999999995097,0.008389003413233283,0.14119467041932537,18.352511121872695
31.789999999995096,0.008676076995321974,0.17803779996762492,18.969103069055926
31.794999999995095,0.00849531923968593,0.2106340462831449,18.562296775975796
31.799999999995094,0.007856763340860315,0.2382132321104326,17.154006289327178
31.804999999995093,0.00679514092708553,0.2601262586332004,14.820333037239942
31.809999999995092,0.005368006950407017,0.3185611837582477,11.687177700791866
31.81499999999509,0.0036526275646854268,0.3675905705304029,7.924577008070634
31.81999999999509,0.0017418006701543126,0.39674018728205906,3.735269692592031
31.82499999999509,0.001647815193765167,0.4044405394509601,4.859867248985712
31.82999999999509,0.003035773571577042,0.39028123755284083,6.288268232979799
31.834999999995087,0.004352441080624425,0.355035906036761,9.089540672216055
31.839999999995086,0.00575038385309397,0.3006182559361938,12.677519368011303
31.844999999995085,0.0070768663789119515,0.22997475439101006,15.57988125006282
31.849999999995084,0.008019097210780098,0.16860603668249083,17.642989163839392
31.854999999995083,0.008526182855183561,0.13196839203411245,18.75737041661073
31.859999999995082,0.008880144986528546,0.11172992491146987,18.8620829914703
31.86499999999508,0.009225589978932625,0.13016289428137529,17.95029307505359
31.86999999999508,0.009354955820097516,0.21521579541678937,16.070867379112745
31.87499999999508,0.009265452518639354,0.28870484584121237,13.32475279065704
31.87999999999508,0.008959461895490942,0.3466657987652581,9.859628378961746
31.884999999995078,0.008444510649165465,0.38596993019805637,7.905474131782713
31.889999999995077,0.007733092030782291,0.40449099427938545,7.21539385516849
31.894999999995076,0.006842347052802544,0.40121706270212104,6.490734032031641
31.899999999995075,0.005806553607714829,0.37630618652026465,7.1083764034631365
31.904999999995074,0.005096054393899267,0.33108065479932014,10.981836284915056
31.909999999995073,0.00659364516303853,0.26795565285639755,14.26816449225451
31.91499999999507,0.007739309712173688,0.27800650802166416,16.790029931235104
31.91999999999507,0.008470855951702442,0.2831519830809925,18.410705182302628
31.92499999999507,0.008748319537750125,0.28163356669276457,19.041784261134275
31.92999999999507,0.00855614141539866,0.27350705940701453,18.648399639295675
31.934999999995068,0.007904027851755455,0.25898490924099954,17.251087066955606
31.939999999995067,0.006826443336165517,0.2557367351245281,14.924778538273655
31.944999999995066,0.005939676545520221,0.3225334388653315,11.793902958048282
31.949999999995065,0.006923974485767078,0.372082049749216,8.025541395505902
31.954999999995064,0.007742956931180126,0.4017013428467486,7.406235906819437
31.959999999995063,0.008377874029008456,0.4097832067403623,7.986069640629946
31.96499999999506,0.008814314119883973,0.39588194665405624,8.377945924372064
31.96999999999506,0.009042529284715873,0.36073539520333225,9.087546831829153
31.97499999999506,0.009057642881172352,0.30622053454326137,12.71839743219965
31.97999999999506,0.008859760345689192,0.23525302197153328,15.668607596492189
31.984999999995058,0.008453982318671114,0.15163243108971017,17.779628756237756
31.989999999995057,0.008741612614287178,0.13991312352572546,18.937779787815447
31.994999999995056,0.008803196270546217,0.1748904884688795,19.079962994402468
31.999999999995055,0.00839418777118659,0.2056781147376228,18.19703912236913
32.00499999999506,0.007536369259431347,0.23155234793637702,16.33556074416082
32.00999999999506,0.0062756444794023125,0.289560459827411,13.596842313118715
32.01499999999506,0.004679552495819129,0.3488763336058759,10.129507198267731
32.019999999995065,0.0028336174842848697,0.3894976710078436,6.119027762519674
32.02499999999507,0.0013470773152991636,0.40924484741344097,5.471497422003463
32.02999999999507,0.0016319018562599302,0.40705932248872184,6.657891639169911
32.03499999999507,0.0031793108555572018,0.3830653251247104,7.180977862468027
32.039999999995075,0.004983373056975227,0.3385595554425149,10.858761696880965
32.04499999999508,0.006519614764710573,0.2759371276516368,14.190209419470824
32.04999999999508,0.007705864136530611,0.20058960734388287,16.759593210629188
32.05499999999508,0.008478746902291771,0.17052036878716043,18.429261128694165
32.059999999995085,0.008797079409842428,0.1364700198854987,19.1099258456661
32.06499999999509,0.008644070375762602,0.10965927437102674,18.76553384085409
32.06999999999509,0.008776049823076811,0.16839754490213815,17.415031550355906
32.07499999999509,0.008892170467777799,0.24976250623461438,15.130952982635279
32.079999999995096,0.008800300869634027,0.3176802726493466,12.036153583258201
32.0849999999951,0.008560379240070812,0.36851228116123874,8.296649821499097
32.0899999999951,0.008143645714361247,0.39953442327212285,7.688582332552707
32.0949999999951,0.007535838387209145,0.4090827821348097,7.114087250991381
32.099999999995106,0.006751231162160254,0.3966478593508142,6.371226828952266
32.10499999999511,0.005808269995067347,0.36290991393910405,8.814072528866054
32.10999999999511,0.005687685472045262,0.30970104041077545,12.469476882465875
32.11499999999511,0.007061674704623451,0.25407744155207695,15.453078233640195
32.119999999995116,0.008054541532623466,0.2652496416275671,17.60395138276432
32.12499999999512,0.008613240549371431,0.27021538983261323,18.8058688011618
32.12999999999512,0.008708124871607811,0.2702708045799773,18.99466213676892
32.134999999995124,0.008334538834056297,0.26521093910254817,18.160064491366683
32.139999999995126,0.007513064327570234,0.2539596399697284,16.347363910028648
32.14499999999513,0.006288398142636796,0.28243728717442623,13.655876240158728
32.14999999999513,0.005735788222029156,0.34215801134840246,10.232413429432265
32.154999999995134,0.006680533904450529,0.3833920726373496,6.302936334797374
32.15999999999514,0.007468624455448856,0.40393358909398985,7.030466525551968
32.16499999999514,0.008081972715853545,0.4026887654286117,7.594897109081946
32.16999999999514,0.008506541106136951,0.37973773088215373,7.984518475690649
32.174999999995144,0.008733263486763641,0.3363309411127315,10.635627051846566
32.17999999999515,0.008830067279092938,0.27481857936584847,13.96931764690718
32.18499999999515,0.008720586961812247,0.1985228098848604,16.54899014548872
32.18999999999515,0.008407285048664382,0.11156138267735737,18.235580737513256
32.194999999995154,0.008629978788317033,0.13301919150590644,18.93868419558126
32.19999999999516,0.00848836204207485,0.16700949552603708,18.620571478867777
32.20499999999516,0.007887507168934275,0.19711999980545014,17.298273150429175
32.20999999999516,0.0068600205271545445,0.24592512629716282,15.043965202541434
32.214999999995165,0.005461496698830971,0.3134844050322786,11.979746291505434
32.21999999999517,0.0037675112784602647,0.3641097631160184,8.270396941990873
32.22499999999517,0.0018695515323845747,0.39507413531427377,6.027128290363435
32.22999999999517,0.0017010282847403893,0.40470762414465383,6.945853386240461
32.234999999995175,0.0021228935730377213,0.392488658565371,7.171344805059401
32.23999999999518,0.004001796417056566,0.35907247904218265,8.74084198272186
32.24499999999518,0.005665117726989293,0.3062560449309226,12.38573166178256
32.24999999999518,0.00702296895162824,0.23688444492466743,15.362908340720107
32.254999999995185,0.008001919350491046,0.2024903988515117,17.512583780962114
32.25999999999519,0.008548947576978062,0.17257797030781769,18.719471677485338
32.26499999999519,0.008634289018753056,0.1386229642947201,18.918358417993616
32.26999999999519,0.008308060181515298,0.12252029747626803,18.09816086677499
32.274999999995195,0.00864570164349644,0.20852158933235784,16.30235587566166
32.2799999999952,0.008838689015590637,0.28334664156641914,13.627665017963476
32.2849999999952,0.008838666186880513,0.3429599501985894,10.217658434905122
32.2899999999952,0.008632002791022327,0.38414011748641236,8.124840617779116
32.294999999995206,0.0082233950997319,0.40465149371379266,7.74741898995603
32.29999999999521,0.0076222288805132534,0.4033695878211905,7.189685870825109
32.30499999999521,0.006842373528855863,0.38034674686931347,6.746232012982287
32.30999999999521,0.005901877238967318,0.3368071139841238,10.669621141094005
32.314999999995216,0.006461664330787507,0.27507526365507196,14.023118990527243
32.31999999999522,0.007645477214440281,0.2515400198593277,16.627030549083273
32.32499999999522,0.008419186698190816,0.26370865871900007,18.33936389566687
32.32999999999522,0.008740580614810593,0.2712742977245681,19.06473240050784
32.334999999995226,0.008591773565378857,0.2732009666783826,18.763325871562493
32.33999999999523,0.007980195075790649,0.26875515804262473,17.452046281405835
32.34499999999523,0.006938185895130874,0.25803244536959635,15.20149213707953
32.349999999995234,0.00552125546803566,0.3175534116830326,12.13236887410799
32.354999999995236,0.005695139954468471,0.36890514335971525,8.408323796565492
32.35999999999524,0.0066588368804783365,0.40049537288511344,6.257164071961243
32.36499999999524,0.007467007025914858,0.4106022913987082,7.028135521449774
32.369999999995244,0.008100490440526482,0.3986589851788675,7.636441817123997
32.37499999999525,0.008546226158058843,0.3652882271820469,8.755981318948205
32.37999999999525,0.008867211731934187,0.31227235282550025,12.450368423670916
32.38499999999525,0.008981159320042996,0.2424537594358693,15.477068932182071
32.389999999995254,0.008885011173653526,0.15957395635912616,17.67485229851591
32.39499999999526,0.008734056446986957,0.09510397333455975,18.926259414638885
32.39999999999526,0.008836352041730647,0.13314362082283054,19.163387087364182
32.40499999999526,0.008465993498685445,0.16811701707588156,18.371628456858605
32.409999999995264,0.007642512073369935,0.20840209208689195,16.593017162171144
32.41499999999527,0.006409760379568537,0.2846985854336781,13.925580176543912
32.41999999999527,0.004833515226265239,0.34579947588765436,10.51477600504708
32.42499999999527,0.003069469033554648,0.38844285928870476,6.54257735537345
32.429999999995275,0.0017355946241403195,0.41034734328483924,7.08887856597637
32.43499999999528,0.0017003887518205615,0.41033176249912345,7.0313247732513
32.43999999999528,0.0030475591914901168,0.3883863610692203,6.552712014594561
32.44499999999528,0.004882731827755122,0.34568269343679736,10.528755038375015
32.449999999995285,0.006458216964626832,0.28451136131189997,13.9397778115844
32.45499999999529,0.007689873975600598,0.23692052387927656,16.604189482129417
32.45999999999529,0.008511979285418168,0.21170955818219098,18.380115409151184
32.46499999999529,0.008880737360908907,0.1815059898839646,19.171137191863895
32.469999999995295,0.00877664577084341,0.14700666540547117,18.933556696122285
32.4749999999953,0.00852410109240254,0.1599824329731122,17.67974234389073
32.4799999999953,0.0089614913520944,0.24287511453169652,15.477330279543667
32.4849999999953,0.009197913460554064,0.3126837016566685,12.446104570445709
32.489999999995305,0.009221314990141241,0.36567559614711814,8.750653225734599
32.49499999999531,0.009030751035891061,0.39902729666104764,8.447337079596613
32.49999999999531,0.008630235776245639,0.4109696421672903,8.089070294209632
32.50499999999531,0.008028687223916572,0.40087719231357494,7.539849161368831
32.509999999995316,0.007239759756261827,0.3693031390239914,8.405730151687768
32.51499999999532,0.006281534084509145,0.31795957593025315,12.131695085808028
32.51999999999532,0.006915317617447379,0.24962878713386233,15.200620432748938
32.52499999999532,0.007959402296012247,0.2562605754861401,17.44886070395902
32.529999999995326,0.008573135770189082,0.27196772168270306,18.757850861421375
32.53499999999533,0.008724218467822708,0.28135671288625674,19.059561820114777
32.53999999999533,0.008405208610295922,0.2841854454070748,18.337834324018118
32.54499999999533,0.007633915276531448,0.28037142021936623,16.63012572988238
32.549999999995336,0.006452454739288286,0.27461559807700203,14.028666772809988
32.55499999999534,0.004924977343078956,0.3363753604067426,10.675238159086746
32.55999999999534,0.005695615091002442,0.37993989065388334,6.750573939769926
32.564999999995344,0.006669668400905171,0.4029782443829748,6.365299919233965
32.569999999995346,0.007487132670888595,0.4042581700621026,7.122402387242035
32.57499999999535,0.00824289849423525,0.3837162978846125,7.741686559197674
32.57999999999535,0.008806239794148666,0.34247099914092033,10.234167906696708
32.584999999995354,0.009163687086592206,0.28276376008131293,13.648727717146757
32.58999999999536,0.009306521170773123,0.2078299335978578,16.32480287623592
32.59499999999536,0.009230997315026307,0.12171857509012697,18.11974052685713
32.59999999999536,0.008938479328948104,0.10470957728514714,18.938144209702067
32.604999999995364,0.008526929501339441,0.13265017459848988,18.73623745951646
32.60999999999537,0.007974740195899053,0.16733804631036564,17.524378671497495
32.61499999999537,0.006990352726733328,0.2379913564144521,15.36671139354551
32.61999999999537,0.005801435861047743,0.3073535655138462,12.378172246212742
32.624999999995374,0.0046163911551919115,0.3600970973974849,8.71924050724321
32.62999999999538,0.003321033249435481,0.393364439095322,7.169923348118885
32.63499999999538,0.0019455884880785926,0.4053545375321577,6.826968253871025
32.63999999999538,0.0019240280487488723,0.3954216747008823,5.80154287827736
32.644999999995385,0.003822834226273168,0.36410079630885217,8.34686302145956
32.64999999999539,0.005515769806139732,0.3130734356377874,12.064081246966824
32.65499999999539,0.006911165387186924,0.26624473310816515,15.131374295707975
32.65999999999539,0.00793337957204209,0.24610740174555695,17.38219355234419
32.664999999995395,0.008526901989794722,0.22013434749095373,18.69492133601175
32.6699999999954,0.008659350564828904,0.18892395230944456,18.99977861058772
32.6749999999954,0.008323200222611776,0.15320549368017025,18.281348203025523
32.6799999999954,0.008692022056128883,0.20097921755151418,16.577748033403832
32.684999999995405,0.009155783820762493,0.2773734946655071,13.97996281219394
32.68999999999541,0.009404499945583797,0.3388916651354719,10.627305375792508
32.69499999999541,0.009431960785209003,0.3822054687107126,8.944048321682702
32.69999999999541,0.009237122714380624,0.4049575442315169,8.77763159777577
32.704999999995415,0.008824135390408322,0.4058953945257516,8.404568985795112
32.70999999999542,0.008202282564095695,0.3849461537518148,7.8317108050872575
32.71499999999542,0.007385808904333314,0.3432204862793753,10.338044715725202
32.71999999999542,0.006393613968574339,0.2829497311763329,13.770257325492311
32.724999999995426,0.00758687413032797,0.24296730191520302,16.465654281202756
32.72999999999543,0.008406529664128323,0.26528906027650223,18.277422038416113
32.73499999999543,0.008775397401373217,0.2813715432297222,19.105549090841397
32.73999999999543,0.008673055694709329,0.29080883167098454,18.904990805309616
32.744999999995436,0.00810444720723654,0.293355811484606,17.687154227966825
32.74999999999544,0.0070996032377083984,0.2889381997018788,15.518377867615811
32.75499999999544,0.0057120167258167855,0.3125588957315475,12.514896814959851
32.75999999999544,0.004495079227461134,0.3659374326220409,8.83651794123794
32.764999999995446,0.005733631651634589,0.3997290499707907,5.413701073004365
32.76999999999545,0.006837637334329058,0.41210387400000154,6.476812678745592
32.77499999999545,0.0077806779210980795,0.402384561807657,7.387088917577109
32.779999999995454,0.00854013144372927,0.3710804271009168,8.364128392336207
32.784999999995456,0.009097711114155133,0.3198601509830661,12.123982054804566
32.78999999999546,0.009439897934858273,0.2514616820181618,15.235405531157756
32.79499999999546,0.009558266940244099,0.16954851707138727,17.529860447552746
32.799999999995464,0.009449719847646015,0.10837217861738654,18.881968041452886
32.80499999999547,0.00911661148890452,0.11022753151198433,19.218930391287696
32.80999999999547,0.008566715109382006,0.13113561870098853,18.52543403847402
32.81499999999547,0.007812998473321358,0.19951141964867358,16.841449298045525
32.819999999995474,0.006873271263855393,0.27725643078196077,14.256555155269986
32.82499999999548,0.005769776838452173,0.3401632789068343,10.906184094679933
32.82999999999548,0.004528718904270345,0.38485066331777457,7.093703052959181
32.83499999999548,0.003179661409675093,0.4089171034051329,6.477468899189237
32.839999999995484,0.0017547874624009913,0.411079467803915,5.2176428166050615
32.84499999999549,0.0028036181209029594,0.39123698580250266,6.14413219483104
32.84999999999549,0.004657878273750624,0.35046707533657884,10.163831991538833
32.85499999999549,0.006261455114780177,0.2909636610752559,13.637533712990887
32.859999999995495,0.007528669929776886,0.2685716173259845,16.37902474773672
32.8649999999955,0.008391910973890143,0.24624915946557166,18.240220132890595
32.8699999999955,0.00880527477247265,0.2180695921892692,19.120894271405355
32.8749999999955,0.008747038811737294,0.18471459350599312,18.97395281515986
32.879999999995505,0.008297589291749981,0.15121834373402387,17.807084276339783
32.88499999999551,0.008929574563713419,0.23494657017021722,15.684206298138239
32.88999999999551,0.00934942522947379,0.3059626993953463,12.722245391914008
32.89499999999551,0.009547302698468646,0.3604733630501121,9.117335110140221
32.899999999995515,0.009518589858229254,0.3955744637121836,9.088492184520168
32.90499999999552,0.009264018456502182,0.4094014036261611,8.843050358849569
32.90999999999552,0.008789686039070758,0.4012319835667315,8.387169610478344
32.91499999999552,0.008106921004916768,0.3715270123334329,8.041864698792722
32.919999999995525,0.007232012644227072,0.3219028223573768,11.807811291630145
32.92499999999553,0.00679992851163093,0.2550438544509749,14.935775870931192
32.92999999999553,0.007873943036942173,0.2517950802811958,17.25698364004689
32.93499999999553,0.008522354085561993,0.2723835896784123,18.64681311960569
32.939999999995536,0.008710876180282153,0.28649424094158854,19.031622744690193
32.94499999999554,0.008430017464920897,0.29379874563100417,18.390871004043795
32.94999999999554,0.007695582658962884,0.2941354433541023,16.758809742706415
32.95499999999554,0.006547815339768218,0.2875098419144825,14.22471162841051
32.959999999995546,0.005049200611585708,0.3311630257201837,10.927352438530217
32.96499999999555,0.004813703662734615,0.37609272827781426,7.044528584522414
32.96999999999555,0.006019945735515186,0.4006635630023343,6.437026648838726
32.97499999999555,0.007083340687929778,0.4035628588485654,7.008662981402024
32.979999999995556,0.007978921728708514,0.38465263963286134,7.596875121355983
32.98499999999556,0.008685707145137592,0.3449715333574681,9.932441790669165
32.98999999999556,0.009187191511518662,0.28667267517708234,13.387101481485697
32.994999999995564,0.009471738267564315,0.21291006917217906,16.117940920476258
32.999999999995566,0.009532844408338013,0.1276713737986676,17.97753722892908
33.00499999999557,0.009369288622886428,0.10758806770980228,18.8659027433959
33.00999999999557,0.008985174840511872,0.09854035717839127,18.73603561008748
33.014999999995574,0.0083898494868019,0.1492699123904381,17.59510053974881
33.019999999995576,0.007597672736281581,0.23201689417952756,15.503692175887652
33.02499999999558,0.006627653649157995,0.302210820907374,12.573878515251472
33.02999999999558,0.005502983210706188,0.35605728632446493,8.964707651585314
33.034999999995584,0.004250492919035201,0.3906487500639006,6.024621762076568
33.03999999999559,0.002900027694013072,0.4041168889426507,4.530349988276365
33.04499999999559,0.001810621913100246,0.39572672694722033,3.871442505483086
33.04999999999559,0.0037147359699786896,0.3659188958041734,8.051689951735998
33.054999999995594,0.005420271661187659,0.3162953806794292,11.797716098162105
33.0599999999956,0.006834844048200366,0.27667608215861,14.907006523343844
33.0649999999956,0.007881762157916932,0.25946679520464083,17.212955222535182
33.0699999999956,0.008504145508721792,0.23614154766658724,18.592644457461674
33.074999999995605,0.008667960207487932,0.20727499184715795,18.972740188739678
33.07999999999561,0.008363843071881573,0.17357128188867102,18.330968664662148
33.08499999999561,0.008234823192956417,0.19502739774618993,16.698765158604846
33.08999999999561,0.008811813188912955,0.2721812244816883,14.16276553559513
33.094999999995615,0.009178971236675954,0.3347396383381946,10.860600007007909
33.09999999999562,0.009327948238510598,0.37931983005546827,8.90718065881681
33.10499999999562,0.009255573057323135,0.40351105131814335,8.822638411682068
33.10999999999562,0.008963944484872659,0.40599875026138077,8.528085119902402
33.114999999995625,0.008460377031632065,0.38663315824289307,8.031412274933926
33.11999999999563,0.00775721109393106,0.3464392103609141,10.041274593270161
33.12499999999563,0.006871502570208242,0.287561523488694,13.509800155618414
33.12999999999563,0.007494722647497796,0.22433092793230566,16.25494684916935
33.134999999995635,0.00834557754380323,0.24885651342903453,18.127994523340107
33.13999999999564,0.008749314936984038,0.26743450745325303,19.027864604093427
33.14499999999564,0.008683742080724855,0.2796365589833769,18.905916178875014
33.14999999999564,0.008151869477538369,0.2851881001143185,17.76826254652815
33.154999999995646,0.007181759301906081,0.2839741159501131,15.675570319399904
33.15999999999565,0.00582502783628117,0.30686576004110505,12.74000321349434
33.16499999999565,0.004154081836448289,0.3615126398920617,9.118748726888764
33.16999999999565,0.004852385301274465,0.396823724594329,6.769687948067997
33.174999999995656,0.005991802891936207,0.41089229563476026,7.062445147961501
33.17999999999566,0.0069874926605171216,0.4029514437189068,6.716217946676442
33.18499999999566,0.007816277808577073,0.37341298690743757,8.017298696092308
33.18999999999566,0.00845896404621801,0.3238458416205862,11.809559418648618
33.194999999995666,0.008900764935674606,0.25689306723837496,14.971550334236463
33.19999999999567,0.009131632658217372,0.17613327195028544,17.332367781000034
33.20499999999567,0.009146496818375888,0.10361979205674801,18.763923922928633
33.209999999995674,0.008945394900064746,0.08597217776669047,19.1898343071587
33.214999999995676,0.008580375906446962,0.10343618567464377,18.58789880879938
33.21999999999568,0.007920803980582801,0.19238187680776864,16.990377644451307
33.22499999999568,0.007122212155123465,0.27106177680568844,14.481582354717265
33.229999999995684,0.00622642443977878,0.33525040570278974,11.193869204123791
33.234999999995686,0.0052703424781514845,0.38149184277720366,7.302705625642142
33.23999999999569,0.004188935413649647,0.4072944250319074,4.0257784573682365
33.24499999999569,0.003007485835974326,0.4112730392160088,2.911597140695053
33.249999999995694,0.0026550401491996223,0.3932235039013533,5.792932523263346
33.2549999999957,0.0045234171535734995,0.3541272978482134,9.845549897992925
33.2599999999957,0.0061489709494755036,0.296094220512602,13.367681036252126
33.2649999999957,0.007444822696632808,0.2631212135884023,16.171415828657054
33.269999999995704,0.008341813693802921,0.24546923758765535,18.107207304387085
33.27499999999571,0.008792200042456922,0.22385776424428672,19.070913325149707
33.27999999999571,0.008772215592742251,0.20024534102927402,19.0102937843042
33.28499999999571,0.008283360161571895,0.1719387716366211,17.927856139154816
33.289999999995715,0.008063803170950862,0.22846915698291753,15.882297198654454
33.29499999999572,0.00858514525100416,0.30063945607181297,12.98582243690432
33.29999999999572,0.008904754834365758,0.3565926491445512,9.395454792191394
33.30499999999572,0.009015748238733468,0.3933406244616146,8.47449445092411
33.309999999995725,0.008916123951423513,0.4089236870758136,8.356167330737433
33.31499999999573,0.008608819574596938,0.40251761957146803,8.041985210261817
33.31999999999573,0.008101629232520741,0.37448476916656853,7.721223449176253
33.32499999999573,0.007523836860133097,0.32635759609404535,11.529645779833471
33.329999999995735,0.00679238599568222,0.26075340170097006,14.712031977397256
33.33499999999574,0.0077899564484079295,0.2170110232619509,17.099348777332892
33.33999999999574,0.008473173666248402,0.23968579617658273,18.565856219507047
33.34499999999574,0.008698483331999069,0.25672232899366065,19.034147118025004
33.349999999995745,0.008454330913950505,0.2677296604048024,18.479782952323017
33.35499999999575,0.007754393479659815,0.2724610572598373,16.931889576072173
33.35999999999575,0.00663685319336183,0.2708232981387067,14.472894216702942
33.36499999999575,0.005162356133657038,0.32703478688135945,11.235405735613375
33.369999999995756,0.0034900881663739885,0.3736075189955632,7.393687110068562
33.37499999999576,0.004684709686727375,0.3999783619833943,6.979772073979019
33.37999999999576,0.005767139928770324,0.404733499192024,6.266502694333001
33.38499999999576,0.006712521710975784,0.3876254885403818,6.383405773341335
33.389999999995766,0.00749926720410229,0.34958241136157725,9.626621812477246
33.39499999999577,0.008109551149953072,0.2926595257833037,13.14253241883268
33.39999999999577,0.008529695384896408,0.2199342180666237,15.947590667839968
33.40499999999577,0.008750446148250842,0.13533834540857032,17.89075839538211
33.409999999995776,0.008767162403737731,0.07640682377124035,18.867411055893033
33.41499999999578,0.008579911062221397,0.05772541461489555,18.825119478067613
33.41999999999578,0.00825862051684896,0.14227064082940558,17.767775031889343
33.424999999995784,0.007794507290601687,0.22607257223408472,15.752997529983011
33.429999999995786,0.0071470858960803576,0.29767505929554877,12.887997294603194
33.43499999999579,0.0063316021463299,0.35321264387126317,9.327036535683018
33.43999999999579,0.005367287434180079,0.3896865523796842,5.2625268676856605
33.444999999995794,0.004276901085390383,0.405123095202543,4.03721843039567
33.449999999995796,0.0030861671770073098,0.39867534950404926,3.4911885408555046
33.4549999999958,0.003554465629035967,0.37067453151437496,7.709138655014517
33.4599999999958,0.005287700918102799,0.3226195841123725,11.512840305786876
33.464999999995804,0.006736988021227756,0.26312378469911457,14.696890484113759
33.46999999999581,0.007823795487103156,0.256210281755312,17.090120685917036
33.47499999999581,0.008489101746843638,0.24328677203911464,18.563061125641937
33.47999999999581,0.00869658404148161,0.22466554579580722,19.035591479203916
33.484999999995814,0.008434597643493953,0.200787944780591,18.480746736054055
33.48999999999582,0.007716838804102251,0.18781083339008287,16.926505673338198
33.49499999999582,0.007638427264023983,0.2662710617007512,14.457585650929788
33.49999999999582,0.008159811746855776,0.3304368696196224,11.208737516619218
33.504999999995825,0.00849033514371859,0.3768468685507597,7.982219288119074
33.50999999999583,0.00862246796962451,0.4029961015588293,8.09871537532018
33.51499999999583,0.008576803571995292,0.4074670264716085,8.10812118172652
33.51999999999583,0.00840157865069266,0.3900033416396788,7.943314407782294
33.524999999995835,0.00802893899006258,0.3515263020318018,9.721403092659394
33.52999999999584,0.007467624599237211,0.2940879201716073,13.253949651418909
33.53499999999584,0.007402767197599823,0.2207605838015571,16.076984896601807
33.53999999999584,0.00829335638395301,0.20571520411515073,18.037212328131886
33.544999999995845,0.008739074242712084,0.2284996150317176,19.028002862195446
33.54999999999585,0.008715479531308057,0.24595614511535943,18.996793173576613
33.55499999999585,0.008223340002158878,0.25768255468397505,17.94558162987855
33.55999999999585,0.007288582309909896,0.26341317824980065,15.9309496626378
33.564999999995855,0.005960898526923369,0.3017763106291776,13.060693562855954
33.56999999999586,0.004311097728095897,0.3581440089018251,9.486385746203542
33.57499999999586,0.0032921940263793766,0.39535413662655783,6.769677582368783
33.57999999999586,0.004467109405142035,0.4113830036794132,5.7937729982548305
33.584999999995865,0.005538071256572582,0.4053479505284793,5.189013252780294
33.58999999999587,0.006480068576005505,0.37755979671841716,7.687358786199011
33.59499999999587,0.007271106984763609,0.3295033062831554,11.535237387906099
33.59999999999587,0.007892728370268387,0.2637500752512328,14.766055024863471
33.604999999995876,0.0083304137276993,0.18381516706969178,17.207908247753647
33.60999999999588,0.008652760000274581,0.09397221013258251,18.72927452709085
33.61499999999588,0.008885268783003249,0.03355297610678244,19.2470883423883
33.61999999999588,0.008643051155476889,0.09591835396943271,18.732774428940264
33.624999999995886,0.008261843790745906,0.18578477791306175,17.213795148512105
33.62999999999589,0.007791713307748879,0.26574811267776277,14.771538757368994
33.63499999999589,0.0071381564620677075,0.33151756493643125,11.536242146098935
33.639999999995894,0.006316252032196704,0.3795607462091429,7.681030362986158
33.644999999995896,0.00534505227676269,0.4072954185366549,5.098689509291767
33.6499999999959,0.004247139819262883,0.41322963934972695,4.069324053160575
33.6549999999959,0.0030480908756892874,0.39704471275685965,5.434820394357089
33.659999999995904,0.00439668429113804,0.3596138799173693,9.537512741439391
33.664999999995906,0.006053093235594713,0.30294969786531367,13.128160079383319
33.66999999999591,0.007385696594625205,0.26545078256710597,16.015060767984938
33.67499999999591,0.008323291254872084,0.25871541081863475,18.043110190027715
33.679999999995914,0.008815863332859181,0.24593711463505388,19.10233201352776
33.68499999999592,0.008837292108543683,0.22741885247379914,19.135154151335378
33.68999999999592,0.008386760306876292,0.20359656418126768,18.14105206010742
33.69499999999592,0.007488775193766841,0.22249242714600537,16.175271559182388
33.699999999995924,0.0076390541218812275,0.29629012939813987,13.343809341672037
33.70499999999593,0.008183081924410083,0.35414488977002284,9.798094807081613
33.70999999999593,0.008536938561870109,0.39296282377311,7.986165725580732
33.71499999999593,0.008736965001079082,0.41067763995832524,8.154891384171176
33.719999999995935,0.00877276632714717,0.40635940076799637,8.20689217319376
33.72499999999594,0.008604589354655216,0.38025719956785603,8.067852039049523
33.72999999999594,0.008235895676642124,0.3337861207469107,11.231694404386339
33.73499999999594,0.007674834045107554,0.2694546454427439,14.500895717280956
33.739999999995945,0.007763947553525641,0.19073097292090738,16.988573291454315
33.74499999999595,0.008495418519671612,0.20483947856359716,18.560850461914452
33.74999999999595,0.008769112317507103,0.22854758961837815,19.134072714396954
33.75499999999595,0.00857088358769216,0.24694723965512821,18.678608533363946
33.759999999995955,0.007911962282204034,0.25960205708466993,17.219522326587683
33.76499999999596,0.006828332704391056,0.2681396546746888,14.835670385439926
33.76999999999596,0.005378790549609212,0.3230219554601162,11.655149217553568
33.77499999999596,0.0036417805886829182,0.37178202891041606,7.848880162566805
33.779999999995965,0.003207800445971293,0.4004589345876534,5.230228968022914
33.78499999999597,0.004408003542064246,0.40751722508800414,4.103454138421954
33.78999999999597,0.005506228326396396,0.3925828262571358,5.1751936241594985
33.79499999999597,0.006476917983733254,0.3564641017961764,9.272296160224597
33.799999999995975,0.007297521535990973,0.3011127846568494,12.868230695506742
33.80499999999598,0.007949001612890522,0.22951923860226026,15.769187726329548
33.80999999999598,0.008423149605524198,0.14554669684935817,17.819828974832003
33.81499999999598,0.008783203127767808,0.05372438148942318,18.90909716914278
33.819999999995986,0.008939455327649858,0.04099127569203653,18.977165703441916
33.82499999999599,0.008887848708721724,0.13348520513965967,18.02040607560813
33.82999999999599,0.008629100942679808,0.2187647364459768,16.09140644691942
33.83499999999599,0.008168746994656079,0.292230579028875,13.294930586240449
33.839999999995996,0.007517064012940365,0.34992186215099924,9.78158266260972
33.844999999996,0.006688855083914235,0.3887263577055584,6.339095960085994
33.849999999996,0.005703108962475495,0.406546148182428,5.424587013459916
33.854999999996004,0.004582556095261269,0.402410987603408,4.987447845550122
33.859999999996006,0.0033844151640267735,0.3765339338037935,7.309056656704319
33.86499999999601,0.005151505726670803,0.3303022912538332,11.183600363280165
33.86999999999601,0.006642768158007402,0.2752918408730175,14.456243625926076
33.874999999996014,0.007777486619009427,0.27564943317005186,16.950947638402013
33.879999999996016,0.008494134465503943,0.26952909757763727,18.533159418474195
33.88499999999602,0.00875368874146252,0.2570609434261815,19.11770481040271
33.88999999999602,0.008541731335746398,0.23852892871469059,18.673300028675854
33.894999999996024,0.007869225894315938,0.2143628201359305,17.223380846542607
33.89999999999603,0.006771935824343242,0.2595440886089707,14.84547884499955
33.90499999999603,0.007584248746615701,0.3258254808128558,11.667078036554996
33.90999999999603,0.008248660610508949,0.3746393382195984,7.85846492614247
33.914999999996034,0.008720048799737834,0.40334485100757217,8.224603590381976
33.91999999999604,0.008987006309666165,0.41037847788892196,8.493807756539073
33.92499999999604,0.00904284321103746,0.3953399891522532,8.567078265667089
33.92999999999604,0.008885748031019915,0.3590188367406197,9.323354906493481
33.934999999996045,0.008518874130728889,0.30335190177018895,12.943419081679314
33.93999999999605,0.007950333852457577,0.23131977014293523,15.869433569222812
33.94499999999605,0.008259993799552973,0.1716665204507565,17.942286696050907
33.94999999999605,0.008762738721893615,0.20183831263527113,19.05090131324759
33.954999999996055,0.008795607608481656,0.22939364863536457,19.136076397873488
33.95999999999606,0.008356503747006087,0.2515548236146529,18.192585581186222
33.96499999999606,0.007468700114041911,0.2677753285294147,16.2707158779341
33.96999999999606,0.0061795982531542455,0.29500089093833887,13.473699130706697
33.974999999996065,0.004558185860189825,0.3535640662474433,9.951570992935563
33.97999999999607,0.0026913354061920093,0.39317611535169894,5.89324864876705
33.98499999999607,0.0030135031091838437,0.4117018857910303,2.8517100859847924
33.98999999999607,0.004219873599796132,0.40814063409112555,3.991400683179211
33.994999999996075,0.0053281390230025495,0.38267822371832216,7.243403942194053
33.99999999999608,0.006401402781471764,0.33667429946724353,11.158165758237844
34.00499999999608,0.007323095060175035,0.2725890660402801,14.475927612548109
34.00999999999608,0.008071064644910987,0.19385534522989906,17.017560711605
34.014999999996085,0.00862725500254558,0.10469572236334036,18.646288435019255
34.01999999999609,0.008978125933856792,0.04908269786543619,19.274456969621518
34.02499999999609,0.009114970573308054,0.08545980316316353,18.867007836340886
34.02999999999609,0.009034129248827329,0.17624170522963,17.445752990246483
34.034999999996096,0.008737099297487639,0.25757591944958036,15.087932697734322
34.0399999999961,0.008230537474434816,0.32509844947132804,11.921079310965316
34.0449999999961,0.0075261296325061545,0.37518829450453,8.114858702315933
34.0499999999961,0.006640338288744372,0.40515537178385047,6.459765899815302
34.054999999996106,0.005594040989676807,0.41338673572485746,5.61298632920217
34.05999999999611,0.00441203535182369,0.39944147056618473,6.685453445347432
34.06499999999611,0.004205174271130072,0.3640742326466521,9.14821573735377
34.069999999996114,0.005888335646282354,0.3091903174142749,12.805350355597575
34.074999999996116,0.007255669098011028,0.28490922727927503,15.773551299230405
34.07999999999612,0.0082339664835632,0.28361999571174085,17.893317634184772
34.08499999999612,0.008770942872947234,0.2755542856603127,19.051172819304846
34.089999999996124,0.008838036225962524,0.2609065663653114,19.185622546208176
34.094999999996126,0.008431930665098132,0.2400309876273105,18.28940830903078
34.09999999999613,0.0075747282250284735,0.21481607528594285,16.411061508576
34.10499999999613,0.0071891744356692554,0.28997435106011743,13.652248801094425
34.109999999996134,0.00800788834584575,0.349508400464381,10.161370960611507
34.11499999999614,0.008637857757978474,0.3902279284713642,8.199681769283844
34.11999999999614,0.00906404442498462,0.4099541009824969,8.61118838705451
34.12499999999614,0.009276220753321298,0.4076344837967172,8.81959564372374
34.129999999996144,0.009269203436489386,0.3834011572358935,8.820603552473667
34.13499999999615,0.00904298494175512,0.33856523630736224,10.93291338366635
34.13999999999615,0.00860277214267923,0.27554718152841473,14.274308527913188
34.14499999999615,0.007958890562928062,0.1977482052362066,16.845281988970736
34.149999999996155,0.008448528961506925,0.1844391221908023,18.508116440534256
34.15499999999616,0.008759841197710234,0.21600383642018967,19.173693096892997
34.15999999999616,0.008598268095402886,0.24243907628656322,18.806151527387854
34.16499999999616,0.007972871158032547,0.2631117017468241,17.425817458413455
34.169999999996165,0.006917691889966343,0.27752622038334634,15.107386467126165
34.17499999999617,0.005489912519967412,0.31940938947941544,11.97542591657304
34.17999999999617,0.003766777194502935,0.36984474070639,8.198714574217213
34.18499999999617,0.0018899922390184913,0.40029464493876343,3.9812471187323752
34.189999999996175,0.0032619026705063064,0.4091240216351665,3.1400059639371833
34.19499999999618,0.00455579043586127,0.39586437293834764,4.854363038556565
34.19999999999618,0.005741029309506089,0.3612399614199028,8.995401568821695
34.20499999999618,0.006789603319792146,0.30712694438733584,12.64980524420559
34.209999999996185,0.007676764753766556,0.236447493664078,15.62197504509814
34.21499999999619,0.00838162125461617,0.1530102075873166,17.752939385607124
34.21999999999619,0.008887621371085976,0.08060065587862143,18.927735776203466
34.22499999999619,0.009182913931245465,0.07214443113314918,19.08207960706098
34.229999999996195,0.009260583723824116,0.1269384357977406,18.206887201889256
34.2349999999962,0.00911879635859273,0.21333025222588073,16.349839369367523
34.2399999999962,0.008760885646143732,0.28823551518900437,13.612265815882575
34.2449999999962,0.008195345332679715,0.34762103890621143,10.141943671000735
34.249999999996206,0.007435654091973618,0.388287367760585,7.083141525549748
34.25499999999621,0.00649993617893769,0.4080366610487173,6.18519581012495
34.25999999999621,0.005410503672483554,0.40579274869898335,6.932746901843942
34.26499999999621,0.004193309645963082,0.3816622772664446,7.053856763879643
34.269999999996216,0.005030513516111664,0.33693097051942983,10.913028510188202
34.27499999999622,0.0065578313110344,0.2818300270385598,14.260900717713241
34.27999999999622,0.007733415316762842,0.28540359480965133,16.84257632547477
34.284999999996224,0.008493595277243544,0.2822028181860657,18.518593870978396
34.289999999996226,0.008797037680941493,0.27231271065801554,19.198245017812226
34.29499999999623,0.008626980460290026,0.25597999857999953,18.84485598930673
34.29999999999623,0.007992142001929272,0.23360617290566804,17.4770410370634
34.304999999996234,0.006926263210736133,0.2539814535221495,15.167515189751061
34.309999999996236,0.007319501922269315,0.3220010263068509,12.040313924130032
34.31499999999624,0.008092786427892277,0.37276204070396046,8.26409183471421
34.31999999999624,0.008674379261113273,0.4035272600788798,8.257118808486986
34.324999999996244,0.009050758448587309,0.41263421626370833,8.60659693011235
34.32999999999625,0.009213232731910305,0.3995839905127212,8.754471995456202
34.33499999999625,0.009158124261771374,0.3650686824896014,8.9852463501755
34.33999999999625,0.008886867581928538,0.3109331790165092,12.668955039061878
34.344999999996254,0.00840601670972375,0.2400747689448845,15.67440898958861
34.34999999999626,0.008232341636985382,0.15629015693235365,17.839435815424416
34.35499999999626,0.008783252358285325,0.1893965375734133,19.046974322466774
34.35999999999626,0.008864379179808332,0.21937594938401594,19.23203950395492
34.364999999996265,0.008471157977578248,0.2441127265141375,18.384630470121078
34.36999999999627,0.007624488169042126,0.2630201614870816,16.550476564772016
34.37499999999627,0.006369605354079254,0.28895028048431637,13.828497428617801
34.37999999999627,0.004773646183044812,0.3494333879294743,10.364745549445896
34.384999999996275,0.0029220431802396956,0.3912078131925881,6.345024555799949
34.38999999999628,0.0021165217315357206,0.4120330261740379,2.119946518359816
34.39499999999628,0.003451108546913761,0.4107918649236292,3.4368060782435714
34.39999999999628,0.004701505532650931,0.38754939849589715,6.815461434149414
34.404999999996285,0.0058382611248283525,0.3435499524792848,10.784316972495905
34.40999999999629,0.006834687603208861,0.281152288311969,14.174748694431013
34.41499999999629,0.007740618104035742,0.20370363974804173,16.804710731140577
34.41999999999629,0.008538276194347098,0.11821701781129754,18.53290661747394
34.424999999996295,0.00887882603274906,0.08180573583001016,19.266796339417766
34.4299999999963,0.009012090511569891,0.10102961932107911,18.967731193333446
34.4349999999963,0.00904125081123195,0.16627410230148726,17.65151778822388
34.4399999999963,0.008855862331716171,0.2488741810017773,15.388513691892811
34.444999999996305,0.008460456184298316,0.31809725049780585,12.30071410651921
34.44999999999631,0.007864546961620386,0.37023500761469347,8.554388740236273
34.45499999999631,0.007136663554404081,0.4024977219718099,6.769885050596606
34.45999999999631,0.006268983891414458,0.4131623013277499,7.036419586894226
34.464999999996316,0.005253443783678422,0.40166538664359747,6.870057257158153
34.46999999999632,0.004113922325705356,0.36863495297017246,8.698272855943591
34.47499999999632,0.0056794961216852695,0.31585543240475766,12.413535370222851
34.47999999999632,0.0070845570540556055,0.27667478150331326,15.46106137432533
34.484999999996326,0.008108285518482495,0.27866857495860076,17.677536752080634
34.48999999999633,0.008696017585450513,0.2740444163571876,18.943288714935697
34.49499999999633,0.008816537108565028,0.26292842857585436,19.18989283461169
34.499999999996334,0.008463760674157918,0.24573663631345932,18.404278819304103
34.504999999996336,0.007657061594318354,0.22550383505654517,16.62917279597576
34.50999999999634,0.0064402159245463405,0.28160663742180064,13.96082997793915
34.51499999999634,0.007325034416696925,0.3428676132631875,10.543560358616109
34.519999999996344,0.008040468661945013,0.3856308850929593,7.647232116797276
34.524999999996346,0.008565846148436182,0.4076096485717651,8.13305678854517
34.52999999999635,0.008889089393046543,0.4076341814504336,8.428133007043039
34.53499999999635,0.009002863106232972,0.38571290385775897,8.525802225199113
34.539999999996354,0.008904744704110864,0.3430336458160186,10.523136046388682
34.54499999999636,0.008597301380382703,0.2819027164241309,13.929235710366891
34.54999999999636,0.00814134557184056,0.20562080061453533,16.58353061347199
34.55499999999636,0.008359619151748866,0.1579653308676106,18.343748466411093
34.559999999996364,0.00871701145776697,0.1906084339165516,19.115564902555484
34.56499999999637,0.008602951949747712,0.21868763539430194,18.85741197445907
34.56999999999637,0.008023810272573711,0.24154279280794036,17.582758213288688
34.57499999999637,0.007011025600901039,0.2586422770047712,15.359950718753696
34.579999999996375,0.005619415460748469,0.3129087355614486,12.309415305989967
34.58499999999638,0.003924209947229263,0.3651734698462485,8.596478407930405
34.58999999999638,0.002016982694077981,0.39771743141428023,4.421106219282587
34.59499999999638,0.002292306461148725,0.40878992212029974,4.185172072851545
34.599999999996385,0.003575004433371331,0.39779564009831714,5.768970724332128
34.60499999999639,0.004770149249693225,0.3653266337732936,8.581999658091306
34.60999999999639,0.005849763170625245,0.3131312130713432,12.296168622689335
34.61499999999639,0.0070125835270861145,0.24402223892492736,15.34742103587763
34.619999999996395,0.008026953088500202,0.1617255856407159,17.5712402778077
34.6249999999964,0.00860795870010462,0.1163615419340496,18.848330378056687
34.6299999999964,0.008724098899008026,0.10555338533270085,19.110564998244374
34.6349999999964,0.008762440284810559,0.11785747684072106,18.344193962167346
34.639999999996405,0.008769431302800825,0.2051930307762866,16.590027612059597
34.64499999999641,0.008646234785874249,0.28152121649661965,13.941246676074252
34.64999999999641,0.008319625016453667,0.3427224246739651,10.539236594864404
34.65499999999641,0.007797305560832072,0.3854875641199821,7.380125553833349
34.659999999996415,0.0070915662080208155,0.4075002340291582,7.0471610338675585
34.66499999999642,0.006219005023460105,0.40756368104634244,6.596142653905534
34.66999999999642,0.005200151948309644,0.38566464366303094,6.546744980070619
34.67499999999642,0.0048614312409298865,0.34297093324337496,10.53073918779216
34.679999999996426,0.006423275917898823,0.28176693754421267,13.950859091873284
34.68499999999643,0.007641024912260069,0.2674210906483591,16.622851845694072
34.68999999999643,0.008448781048610526,0.2697559771358912,18.402294498467658
34.69499999999643,0.008802662894929748,0.267444066286803,19.192445562371333
34.699999999996436,0.008683187464308429,0.25884991380339917,18.949978687279387
34.70499999999644,0.008096336391237538,0.2441755076522157,17.68769985500446
34.70999999999644,0.00707324038039802,0.24607109154378137,15.473811645695042
34.714999999996444,0.006320535217786376,0.3158246188837451,12.427599290290999
34.719999999996446,0.007154416262798672,0.36867396100885946,8.71213755975518
34.72499999999645,0.007819271666653289,0.401769951297683,7.411767662940056
34.72999999999645,0.00829991842863604,0.41332242636023786,7.8486530951852345
34.734999999996454,0.008585492723372884,0.40269884788894006,8.105546101905853
34.739999999996456,0.008765457927147514,0.3704588327820362,8.551843184995082
34.74499999999646,0.008740305831972515,0.31832304176920817,12.302473220136564
34.74999999999646,0.008510043117503419,0.24908019544982996,15.394665307615337
34.754999999996464,0.008158791988270195,0.16643810504255566,17.662170855295116
34.75999999999647,0.008761949940402679,0.15537433670618822,18.983040837550476
34.76499999999647,0.008896894906264987,0.18617526865875192,19.285825272835513
34.76999999999647,0.008556161472081415,0.21254970377666216,18.553852624122545
34.774999999996474,0.007757803163605069,0.23388337727013736,16.8264493657663
34.77999999999648,0.006544425369301934,0.28145407853863197,14.19636637663405
34.78499999999648,0.004980899630210954,0.34395621709777296,10.804489047022882
34.78999999999648,0.0031508858963994924,0.3880492764268274,6.83273468459932
34.794999999996485,0.001186678905458023,0.41136734618512844,4.883104105682533
34.79999999999649,0.0023199421186121142,0.41266122274634426,6.249559716727011
34.80499999999649,0.003546113971095652,0.39186477697530164,6.991370001361103
34.80999999999649,0.0047739444476580725,0.35009616938271754,10.365807322851772
34.814999999996495,0.006373177960436474,0.2895972357286565,13.833766138773186
34.8199999999965,0.007631207955801458,0.21361476241734795,16.559223185750923
34.8249999999965,0.008480815474475878,0.15015344035934095,18.395383760218152
34.8299999999965,0.00887671018609244,0.11426499911216051,19.244058423072953
34.834999999996505,0.008797954367135893,0.10866300217395335,19.060584285336592
34.83999999999651,0.008674362100055507,0.1559217232038286,17.855318125467456
34.84499999999651,0.008748458628567284,0.2397927732618807,15.693101897754083
34.84999999999651,0.008617208326525226,0.310750730385497,12.690080951693039
34.854999999996515,0.008283747104835515,0.3649949827859195,9.007620008476414
34.85999999999652,0.0077559671942779365,0.3996227319855698,7.317199809463749
34.86499999999652,0.0070463321460405735,0.41278557455972587,6.643665700590228
34.86999999999652,0.006171578024965739,0.40379021859184544,5.814520443352225
34.874999999996525,0.005152310290474014,0.37313529255836936,8.242170667959975
34.87999999999653,0.005471303496623328,0.3224831236617168,12.018696890701506
34.88499999999653,0.006913933692627836,0.2546766167395388,15.146970677946335
34.88999999999653,0.007982990687698439,0.2646360318051889,17.459073902833115
34.894999999996536,0.008621448677440467,0.2683851079487343,18.8307223689625
34.89999999999654,0.008795474282416768,0.26584238323775644,19.18866292176122
34.90499999999654,0.008496235935989353,0.25707403024932196,18.514184012113112
34.90999999999654,0.007740363889499994,0.24229115399888135,16.84436106392664
34.914999999996546,0.006569038888547947,0.2731574097379046,14.269566574066312
34.91999999999655,0.006088620579794401,0.3361528464905264,10.928608126982942
34.92499999999655,0.006890269414283239,0.38097943456459177,7.002027102643529
34.929999999996554,0.0075989810205865874,0.40523878295881327,7.166935514504079
34.934999999996556,0.008165667302021555,0.4076406678955851,7.699801812651831
34.93999999999656,0.008540979035005225,0.3880711454613913,8.053388612401102
34.94499999999656,0.008716131253731186,0.34759870704953444,10.102124671401926
34.949999999996564,0.008687014288572655,0.28841561483748474,13.571112213418452
34.954999999996566,0.008454301990589374,0.21372007286411882,16.307104575928577
34.95999999999657,0.008271803429501356,0.12754497323785188,18.162935274578935
34.96499999999657,0.008677015234942536,0.1489033900446961,19.039154445113006
34.969999999996574,0.008612664788061653,0.17858712602990243,18.888716206728336
34.97499999999658,0.008082462560919093,0.20404955059469634,17.719697983302037
34.97999999999658,0.0071152401823063385,0.23508798827905872,15.595112061901643
34.98499999999658,0.005763394477158561,0.3056502937800637,12.629810138500975
34.989999999996584,0.004100057486926792,0.35968450231265786,8.983873274537133
34.99499999999659,0.002215153020820206,0.3942772841299928,5.5026984465860505
34.99999999999659,0.0016180619910942495,0.407560839202216,6.632549447547683
35.00499999999659,0.0022073315199853446,0.3988161192814285,7.099441520366703
35.009999999996595,0.0037237098685941176,0.3685139546684981,8.162795300365058
35.0149999999966,0.005440716332730301,0.3182886309859901,11.927334172638616
35.0199999999966,0.006863557055855651,0.25084765826416244,15.049054916093025
35.0249999999966,0.007915240463563268,0.18200373173222564,17.3597264620153
35.029999999996605,0.00853877826172738,0.1498177912236367,18.73478968684037
35.03499999999661,0.008700258090445365,0.11411601653896196,19.099969275687034
35.03999999999661,0.008391222486635862,0.10883521228479692,18.435122454408425
35.04499999999661,0.008669434570063014,0.19686182794061002,16.775523807917555
35.049999999996615,0.008744630168357723,0.27432601021407854,14.210149101470488
35.05499999999662,0.008614930516043664,0.3370435247066448,10.876856695556551
35.05999999999662,0.008283245561744756,0.3816236906971435,7.819642458674932
35.06499999999662,0.007757217177720562,0.40565275277459084,7.32864969753471
35.069999999996625,0.00704904867104415,0.40782300376197017,6.665477770611598
35.07499999999663,0.006175222797766564,0.38800268909456836,6.139811131576795
35.07999999999663,0.0051561180354304705,0.3472437215960655,10.16377586782475
35.08499999999663,0.006293612439118891,0.2877258627253328,13.643367680468863
35.089999999996635,0.007544526370073669,0.25516174496755867,16.39109354702936
35.09499999999664,0.008391162211306523,0.26535394262760276,18.258939580982865
35.09999999999664,0.008787455846233607,0.2693287242115182,19.14578029993128
35.10499999999664,0.008711538815771072,0.2669877829194274,19.00320628149687
35.109999999996646,0.00816693087172291,0.2583806762662442,17.83835331077841
35.11499999999665,0.007182363834483489,0.24370480673872105,15.713542007550938
35.11999999999665,0.005810245221753051,0.3099941684963877,12.742814752684998
35.12499999999665,0.005987168918874648,0.3645648284554319,9.085449230933117
35.129999999996656,0.006899646851227479,0.3996225730512879,6.49296984037167
35.13499999999666,0.007650751181224795,0.41327208971417245,7.205098015592009
35.13999999999666,0.008222781796261534,0.40476709252737236,7.748628522138021
35.144999999996664,0.0086022291047151,0.3745499754089449,8.162689914906657
35.149999999996666,0.008780087369260324,0.3242286040378235,11.96585863354234
35.15499999999667,0.008752066489553362,0.25649037177312967,15.129434272335814
35.15999999999667,0.008518699335677267,0.17495829975663363,17.483394534263276
35.164999999996674,0.008737003156018143,0.1073407985823392,18.90092010334264
35.169999999996676,0.008918200621883364,0.14303412455847372,19.30549588831876
35.17499999999668,0.008623229466395326,0.17644430560207816,18.675067536544464
35.17999999999668,0.007867639866848072,0.2057254368640311,17.04332008807021
35.184999999996684,0.006691678483903173,0.274618648737748,14.497777630941043
35.18999999999669,0.005158130681695722,0.3388004721452456,11.174951732058556
35.19499999999669,0.003348952941794459,0.3848706238152751,7.253108935953607
35.19999999999669,0.0016742196015080615,0.41035963185289187,6.887936222054722
35.204999999996694,0.0017255912850821327,0.4139012806886674,7.0694410555906675
35.2099999999967,0.0027227932065673776,0.3953060104463928,6.545027979337162
35.2149999999967,0.004599986870742383,0.35557145522362515,9.981548736980434
35.2199999999967,0.006230988306334657,0.2968291190132985,13.515385747150741
35.224999999996705,0.0075286358801190025,0.2222299105004506,16.3242976579891
35.22999999999671,0.008423648043953468,0.18323291455687174,18.257684528854572
35.23499999999671,0.008868337615093825,0.15058492899308412,19.21194811536238
35.23999999999671,0.008839166014592113,0.1143828307179098,19.136206703154727
35.244999999996715,0.008462953815895456,0.14669705364851957,18.03480930685875
35.24999999999672,0.008738585063901893,0.2317019594412592,15.967153010237817
35.25499999999672,0.008808627922515166,0.3042310771179851,13.044494060453118
35.25999999999672,0.00867133742848538,0.3604023651328151,9.424021145479362
35.264999999996725,0.00832984593731641,0.39721340176066305,7.896853585361713
35.26999999999673,0.007792096461001491,0.41270257608537,7.3911197913968065
35.27499999999673,0.0070706581462769025,0.40605416116794235,6.7111209773932545
35.27999999999673,0.00618243212581923,0.3776412670477286,7.810515456891933
35.284999999996735,0.0053009900671208195,0.3290051962572399,11.643912859304008
35.28999999999674,0.0067804347669059,0.26277268365680484,14.849092180870578
35.29499999999674,0.007893652147573123,0.25809386567103176,17.2542738378146
35.29999999999674,0.00858131703711191,0.26807639971272923,18.730758724052805
35.304999999996745,0.008807011256730059,0.27174949477220095,19.199515901384977
35.30999999999675,0.008559170560987458,0.26902494658357884,18.635795930900805
35.31499999999675,0.007851694355712185,0.2599656302617324,17.070573762043843
35.31999999999675,0.006723182906284122,0.26527637659999753,14.588695609460867
35.324999999996756,0.005234845683447146,0.3300585125348054,11.324158764462778
35.32999999999676,0.00608434719558803,0.3770011940866421,7.452913856272343
35.33499999999676,0.006995195833486213,0.40359210631693143,6.608386415849194
35.33999999999676,0.007741806571178772,0.40841475589642107,7.316951521256833
35.344999999996766,0.0083065681906456,0.3912247804211611,7.853569457755605
35.34999999999677,0.008676142632081123,0.3529632688628982,9.683005637249074
35.35499999999677,0.008841773834377686,0.29570553939433214,13.220086150177861
35.359999999996774,0.008799490893233623,0.22254871903605025,16.042641993135547
35.364999999996776,0.008550204606600189,0.137444373320058,17.999096293262113
35.36999999999678,0.008647238362899327,0.10981413111259497,18.984400500796614
35.37499999999678,0.008635102916812938,0.14666954814474942,18.94577594095672
35.379999999996784,0.008155707922968793,0.1800864615272769,17.88557525853459
35.384999999996786,0.007235200019797625,0.22628497350028065,15.86113903430056
35.38999999999679,0.005923506961083313,0.29839224998545555,12.981771559770014
35.39499999999679,0.0042916417444329715,0.354353836674695,9.402863115926229
35.399999999996794,0.0024278714760434966,0.39115427068111086,7.041771308576392
35.4049999999968,0.0016923827141026577,0.4068106207252965,6.9365768315007434
35.4099999999968,0.0015852653129658954,0.4004792034720871,6.138426183459486
35.4149999999968,0.0035177164925100815,0.37250126834560376,7.713377618275758
35.419999999996804,0.005259931680082101,0.3243848066832188,11.533207046678685
35.42499999999681,0.00671770284158262,0.2587236579170014,14.731252459808841
35.42999999999681,0.007812156862320395,0.21097604108738463,17.135030555745313
35.43499999999681,0.008484009594900813,0.182046188203819,18.614892533880624
35.439999999996814,0.008696763809607384,0.14882311494818984,19.090947236312072
35.44499999999682,0.008438679208169243,0.11208774629655034,18.537423576652184
35.44999999999682,0.008551183253804237,0.1874556895454452,16.983898719993267
35.45499999999682,0.008811931524485521,0.266199960534291,14.513809675545737
35.459999999996825,0.00886524602915261,0.33063424065619107,11.259902373214802
35.46499999999683,0.008709793349022929,0.3772766376198751,8.256474601906225
35.46999999999683,0.008349143295836843,0.40360186773943263,7.91866560516969
35.47499999999683,0.007791693777642732,0.40817786137809603,7.394108589039656
35.479999999996835,0.007050482271972869,0.39074332338375156,6.695035212872664
35.48499999999684,0.006142883670042104,0.35222214178612926,9.737295621410045
35.48999999999684,0.00612619550316603,0.2946740554439758,13.281938915451834
35.49499999999684,0.007415840601162028,0.24532241541468475,16.114089760365335
35.499999999996845,0.008308041071994746,0.26098677583391183,18.08102190994533
35.50499999999685,0.00875428803788889,0.27050670268807164,19.076427209918513
35.50999999999685,0.008730034451771248,0.2736544932691308,19.046211992106752
35.51499999999685,0.008236028757084422,0.2703528422933529,17.991486176940498
35.519999999996855,0.00729828779608073,0.2606770586068075,15.968458264713906
35.52499999999686,0.005966710288152195,0.3026328804186156,13.085444801609114
35.52999999999686,0.005159414882981519,0.35908877457202865,9.49691285975657
35.53499999999686,0.0062085190062999025,0.3963197458576927,5.871317943559662
35.539999999996866,0.007111705754626349,0.412311887782001,6.728816625201756
35.54499999999687,0.007847663211666696,0.40619167204507145,7.427735411813954
35.54999999999687,0.008399020017581,0.37827284650509824,7.951816731338634
35.55499999999687,0.008752750048276454,0.3300400082651861,11.575072489961752
35.559999999996876,0.008900474797894867,0.26406950874545027,14.813127317933148
35.56499999999688,0.008838658287454572,0.1838917411076556,17.25797973718543
35.56999999999688,0.008675306475408828,0.10608404469630356,18.778134607657893
35.574999999996884,0.008906377045810527,0.11411595529043236,19.29173832450959
35.579999999996886,0.008661619193635998,0.1509388084956317,18.77093635552267
35.58499999999689,0.007953879922644435,0.18656579461168535,17.243415975173797
35.58999999999689,0.0068208358931845636,0.266651817172273,14.790993049061939
35.594999999996894,0.005322976491292751,0.33249194358446466,11.545057515815243
35.599999999996896,0.0035403624441739095,0.3805536752630872,7.67963515563415
35.6049999999969,0.0021275904390855986,0.4082579399126998,6.6853321391082465
35.6099999999969,0.0013743071472481628,0.41411769920974634,5.624969782092908
35.614999999996904,0.002517444930596984,0.39781799640042975,5.461714138334376
35.61999999999691,0.004412572592422671,0.36023306832986085,9.572257089893448
35.62499999999691,0.006071603299021925,0.303379214309855,13.169284518109398
35.62999999999691,0.007405817308748981,0.2339441774000414,16.05984537344184
35.634999999996914,0.008343919094467958,0.20924472014932488,18.088980576302095
35.63999999999692,0.008835859488153448,0.17960793455709995,19.14801619931497
35.64499999999692,0.008855516424614915,0.1457340235654891,19.18034018091491
35.64999999999692,0.008402091383309903,0.13739095833901532,18.184419881494883
35.654999999996924,0.008619047009782133,0.2233867298245252,16.21388871270981
35.65999999999693,0.00885809362321532,0.2973583401342298,13.37475541117267
35.66499999999693,0.008888094868038312,0.3553444842821408,9.819702247992202
35.66999999999693,0.008708314652508074,0.39424333213082957,8.272072467018358
35.674999999996935,0.008322953196692436,0.4119789962079742,7.908005468710907
35.67999999999694,0.007741060429982419,0.4076127800450662,7.356926338661846
35.68499999999694,0.0069763327940681585,0.38139301699774614,7.386990014390629
35.68999999999694,0.00604679386508484,0.3347412625024042,11.273711783746602
35.694999999996945,0.006647120239002392,0.27017580633619853,14.552470682736228
35.69999999999695,0.007800500345818059,0.248412876761369,17.047357295712658
35.70499999999695,0.008533431366183517,0.26337366719893657,18.624668557874667
35.70999999999695,0.008807007389988903,0.2721123113775615,19.200105038152863
35.714999999996955,0.008607032648398811,0.2744209505994884,18.74324382909935
35.71999999999696,0.007944772055081638,0.27024425443391437,17.27914357998438
35.72499999999696,0.006856333412454892,0.2596811306807373,14.886956900466522
35.72999999999696,0.0054007145371962354,0.3243521959775583,11.695779840190689
35.734999999996965,0.005302092253463436,0.373285703360738,7.877623113081603
35.73999999999697,0.006335706100908055,0.40207519495324245,6.202916400312817
35.74499999999697,0.007219722925904005,0.4091847752874412,6.99406578245603
35.74999999999697,0.007933295011027722,0.3942455359487912,7.534873977238138
35.754999999996976,0.008459607764556702,0.3580750991738316,9.286820364764777
35.75999999999698,0.00878626995763112,0.30263336331866675,12.889873977301633
35.76499999999698,0.008905598310583303,0.23091681324605218,15.79674605174484
35.76999999999698,0.008814791665076106,0.14679696563766093,17.85119299161238
35.774999999996986,0.008633262923820887,0.11047641258337684,18.942838632827804
35.77999999999699,0.008670097279692974,0.11956622700441444,19.013173688888866
35.78499999999699,0.008238007730226824,0.1559797094702035,18.058638843515716
35.78999999999699,0.00736053493378783,0.21823144301686828,16.13086813973763
35.794999999996996,0.006085223004824295,0.2918933285685565,13.333886080938253
35.799999999997,0.004481054153712784,0.3497742118760617,9.818467242064376
35.804999999997,0.003310449085528447,0.38875555077683155,6.323477099924783
35.809999999997004,0.0020938735131004757,0.4067371784677453,5.019086217517882
35.814999999997006,0.001377720631316095,0.40275024364638606,3.2131701744463297
35.81999999999701,0.0033271198931486296,0.37700946108664446,7.282956337231283
35.82499999999701,0.005096897416305208,0.3309015481760018,11.160208827026171
35.829999999997014,0.006591427764067711,0.26691059092901226,14.436174071770251
35.83499999999702,0.007729915187939873,0.23011878021797968,16.934310851890565
35.83999999999702,0.00845074819583525,0.2045697192465291,18.51991078073718
35.84499999999702,0.00871482133487889,0.17522479894615126,19.1074466029159
35.849999999997024,0.008507645310931598,0.14434991468073297,18.66506209198328
35.85499999999703,0.008225943721623856,0.1783542717812271,17.21631035727549
35.85999999999703,0.00863532459182074,0.25849242305802567,14.838950153444616
35.86499999999703,0.008840331739991516,0.32474169429117966,11.660758339817553
35.869999999997034,0.008836208332181118,0.3735251216193089,8.407818666762346
35.87499999999704,0.008623127508988254,0.4022050323157427,8.20275251274572
35.87999999999704,0.008206194261060673,0.40922521306559717,7.8030642653025275
35.88499999999704,0.007595341414176357,0.39419488926465995,7.218254789728238
35.889999999997045,0.006805102215462862,0.35791004051357184,9.313089367257895
35.89499999999705,0.005963002532334884,0.30231092483000754,12.926556906168324
35.89999999999705,0.007294724948651984,0.2303780416968441,15.846596347097687
35.90499999999705,0.008235600057370967,0.25004106269436527,17.91581961533804
35.909999999997055,0.008734595258378424,0.2637959368811327,19.02254965607323
35.91499999999706,0.008764416937881811,0.2712901729745484,19.10684451316969
35.91999999999706,0.008322988750949488,0.2723495578334936,18.16373994730431
35.92499999999706,0.007433574117805514,0.26695390277132397,16.24350698608902
35.929999999997065,0.006143536220066577,0.29512317380004655,13.448968415714486
35.93499999999707,0.004521801925937198,0.3535705438517186,9.9299796049548
35.93999999999707,0.005431544724419867,0.393083918507872,6.593858313117036
35.94499999999707,0.0064311921392322105,0.41152943989627916,7.109777064487203
35.949999999997075,0.007277935738981544,0.40790456895664734,6.951694833535716
35.95499999999708,0.007951922737532013,0.38239212137073897,7.584688672492173
35.95999999999708,0.008437418394383502,0.3363507193426903,11.164368450565146
35.96499999999708,0.008723164499822635,0.27224209399907423,14.479081686881868
35.969999999997086,0.008802631231331647,0.1934990436936106,17.018138435304273
35.97499999999709,0.008674158513195019,0.10740783447594665,18.64499381266558
35.97999999999709,0.0088927113808174,0.09332202085315522,19.27207494919657
35.98499999999709,0.008702093988347754,0.1250869967458347,18.86554078117581
35.989999999997096,0.00804616300208578,0.17657689634790052,17.447018495227425
35.9949999999971,0.006959906445820559,0.25792572615819703,15.092513428891854
35.9999999999971,0.005501397733675112,0.32547775869999446,11.928299587827677
36.0049999999971,0.004458994192626428,0.3756089238332025,8.124166465455943
36.009999999997106,0.0033123259876666382,0.40563001239901064,4.328282353478371
36.01499999999711,0.002087741122582065,0.41393108299469344,2.3674812012611763
36.01999999999711,0.0022883165911743975,0.4000679327860628,4.981419360857954
36.024999999997114,0.0042004513853702765,0.36478598489230524,9.131359796645448
36.029999999997116,0.005887366817085317,0.30998018779372516,12.790959042787089
36.03499999999712,0.0072588002350836385,0.24249288549171455,15.763844312457598
36.03999999999712,0.008241426158813247,0.22556234698369035,17.890551415294706
36.044999999997124,0.008782789410040676,0.20333786931308967,19.0570804573046
36.04999999999713,0.008854116850539922,0.17634274612177817,19.20101738660844
36.05499999999713,0.008451856803722112,0.14520910351355112,18.314882740210688
36.05999999999713,0.008136164717618792,0.2142504106726935,16.44652772003281
36.064999999997134,0.008499964497154225,0.28960812117545603,13.696556481072795
36.06999999999714,0.008662751753783414,0.34938177165026724,10.21290370885214
36.07499999999714,0.008621048208551366,0.3903713481863216,8.174454641309524
36.07999999999714,0.008376189435150484,0.41038677875481544,7.9279714500821745
36.084999999997144,0.007994646185011917,0.40836527350266805,7.587642103688894
36.08999999999715,0.0074850800728196625,0.38442823456313197,7.112559521291823
36.09499999999715,0.006798753690236928,0.3398744635020027,10.878540271324384
36.09999999999715,0.006492617571089891,0.27711006138812944,14.227220574225461
36.104999999997155,0.007684189715344566,0.22778774862688295,16.80928545552677
36.10999999999716,0.008461186490012483,0.24577978975851078,18.486267648604905
36.11499999999716,0.008782244608492171,0.2579429584793673,19.16836423738321
36.11999999999716,0.00863053822456164,0.2640034361360982,18.819324262266985
36.124999999997165,0.008014673564834625,0.2638328919185194,17.45831136552343
36.12999999999717,0.006968215912316757,0.25853427303170595,15.15893185322567
36.13499999999717,0.005547874423957252,0.31807351081680074,12.045238662689723
36.13999999999717,0.004331535517553041,0.3688991650736192,8.285023040038004
36.144999999997175,0.005407243073156112,0.3998138515791357,7.108641763473494
36.14999999999718,0.006353896777669227,0.40916370209529573,6.634228765462531
36.15499999999718,0.007149570908712979,0.39645591113818673,6.812402295045014
36.15999999999718,0.007775945331818151,0.3623850061625611,8.886156963111457
36.164999999997185,0.00821871697410399,0.30879522063880166,12.549757246392778
36.16999999999719,0.008467915163724308,0.23858111980038052,15.535883088976265
36.17499999999719,0.008518115606429679,0.15553161105804952,17.683920407956858
36.17999999999719,0.008605751928223205,0.0844989711511597,18.878382029886932
36.184999999997196,0.00868929701545532,0.08835340496396933,19.055087983728942
36.1899999999972,0.008302884350636097,0.12474606722900582,18.204682330872448
36.1949999999972,0.007467487257995866,0.21030159119900196,16.373055805890207
36.1999999999972,0.006434628799916038,0.2853816094822994,13.658951507429395
36.204999999997206,0.005504634842503272,0.34505041987819474,10.208572650929229
36.20999999999721,0.004445044719545708,0.38609130767276867,6.2077824669007065
36.21499999999721,0.0032807877133560434,0.40629094848922964,3.1083052277204515
36.21999999999721,0.002039285962060938,0.4045584959202903,2.5650548872596044
36.224999999997216,0.003147591546790207,0.38098436782995193,6.864596348876013
36.22999999999722,0.004942141083998347,0.3368354470533194,10.794971961777375
36.23499999999722,0.006470447084661123,0.2744869532118042,14.144425574829246
36.239999999997224,0.007649901391499317,0.2441391727166747,16.732447900499675
36.244999999997226,0.008416675435915342,0.22663109239507867,18.41952061172124
36.24999999999723,0.00872916161789194,0.20379222539047734,19.114568866369364
36.25499999999723,0.00857021927751444,0.17616304335154528,18.779905232198747
36.259999999997234,0.007948104290435859,0.16968943413272783,17.433244141409297
36.26499999999724,0.007859064795715156,0.2511395307714351,15.146794514074283
36.26999999999724,0.008198780043775309,0.31911482783178263,12.043324310065271
36.27499999999724,0.008450109289188242,0.3699471436454718,8.289602015410791
36.279999999997244,0.008509772330675678,0.40088970471467616,8.076058983963845
36.28499999999725,0.00836872664972665,0.4102651289122658,7.948203850264927
36.28999999999725,0.008030150868236765,0.39755598018076455,7.632349402044402
36.29499999999725,0.007501895565675656,0.3634328973670159,8.902826366134446
36.299999999997254,0.006796301443686961,0.30971877887548827,12.582821030477131
36.30499999999726,0.007184666916027528,0.23929106385495555,15.588264977736529
36.30999999999726,0.00817271272890539,0.21863552072464643,17.757256045767434
36.31499999999726,0.008722786010892611,0.23576928140075396,18.97282787323387
36.319999999997265,0.008804908301600708,0.2504184351365327,19.169246812428018
36.32499999999727,0.008414237615345682,0.2598030757720289,18.335554816013264
36.32999999999727,0.00757133865370817,0.2630619570797068,16.516167616746163
36.33499999999727,0.006321087340705568,0.2879560798325971,13.808486168911491
36.339999999997275,0.004730268230066776,0.3483715644229333,10.357707667223526
36.34499999999728,0.004151913640772567,0.3901386936697733,6.9924407613748345
