0.0000	0.001033
0.0050	0.001606
0.0100	0.002380
0.0150	0.002409
0.0200	0.002383
0.0250	0.002359
0.0300	0.002336
0.0350	0.002313
0.0400	0.002292
0.0450	0.002273
0.0500	0.002256
0.0550	0.002238
0.0600	0.002221
0.0650	0.002204
0.0700	0.002188
0.0750	0.002169
0.0800	0.002145
0.0850	0.002117
0.0900	0.002087
0.0950	0.002057
0.1000	0.002028
0.1050	0.002002
0.1100	0.001979
0.1150	0.001959
0.1200	0.001944
0.1250	0.001933
0.1300	0.001925
0.1350	0.001923
0.1400	0.001922
0.1450	0.001919
0.1500	0.001914
0.1550	0.001905
0.1600	0.001888
0.1650	0.001861
0.1700	0.001826
0.1750	0.001788
0.1800	0.001751
0.1850	0.001717
0.1900	0.001690
0.1950	0.001674
0.2000	0.001661
0.2050	0.001642
0.2100	0.001612
0.2150	0.001569
0.2200	0.001512
0.2250	0.001445
0.2300	0.001378
0.2350	0.001326
0.2400	0.001286
0.2450	0.001251
0.2500	0.001210
0.2550	0.001159
0.2600	0.001102
0.2650	0.001043
0.2700	0.000987
0.2750	0.000953
0.2800	0.000949
0.2850	0.000962
0.2900	0.000975
0.2950	0.000991
0.3000	0.001011
0.3050	0.001027
0.3100	0.001035
0.3150	0.001042
0.3200	0.001055
0.3250	0.001077
0.3300	0.001101
0.3350	0.001122
0.3400	0.001149
0.3450	0.001183
0.3500	0.001212
0.3550	0.001238
0.3600	0.001261
0.3650	0.001263
0.3700	0.001222
0.3750	0.001123
0.3800	0.000976
0.3850	0.000791
0.3900	0.000575
0.3950	0.000326
0.4000	0.000064
0.4050	-0.000176
0.4100	-0.000377
0.4150	-0.000533
0.4200	-0.000640
0.4250	-0.000697
0.4300	-0.000691
0.4350	-0.000614
0.4400	-0.000489
0.4450	-0.000356
0.4500	-0.000246
0.4550	-0.000187
0.4600	-0.000218
0.4650	-0.000347
0.4700	-0.000536
0.4750	-0.000737
0.4800	-0.000926
0.4850	-0.001104
0.4900	-0.001279
0.4950	-0.001430
0.5000	-0.001533
0.5050	-0.001583
0.5100	-0.001559
0.5150	-0.001439
0.5200	-0.001238
0.5250	-0.000987
0.5300	-0.000743
0.5350	-0.000580
0.5400	-0.000524
0.5450	-0.000530
0.5500	-0.000534
0.5550	-0.000517
0.5600	-0.000485
0.5650	-0.000478
0.5700	-0.000547
0.5750	-0.000719
0.5800	-0.000998
0.5850	-0.001322
0.5900	-0.001588
0.5950	-0.001708
0.6000	-0.001635
0.6050	-0.001367
0.6100	-0.000980
0.6150	-0.000558
0.6200	-0.000099
0.6250	0.000398
0.6300	0.000897
0.6350	0.001368
0.6400	0.001748
0.6450	0.001944
0.6500	0.001888
0.6550	0.001594
0.6600	0.001122
0.6650	0.000531
0.6700	-0.000087
0.6750	-0.000615
0.6800	-0.000938
0.6850	-0.000994
0.6900	-0.000792
0.6950	-0.000391
0.7000	0.000140
0.7050	0.000759
0.7100	0.001452
0.7150	0.002189
0.7200	0.002950
0.7250	0.003715
0.7300	0.004368
0.7350	0.004735
0.7400	0.004725
0.7450	0.004421
0.7500	0.004009
0.7550	0.003633
0.7600	0.003375
0.7650	0.003211
0.7700	0.003001
0.7750	0.002604
0.7800	0.001976
0.7850	0.001177
0.7900	0.000378
0.7950	-0.000228
0.8000	-0.000532
0.8050	-0.000524
0.8100	-0.000320
0.8150	-0.000116
0.8200	-0.000091
0.8250	-0.000365
0.8300	-0.000944
0.8350	-0.001710
0.8400	-0.002522
0.8450	-0.003268
0.8500	-0.003694
0.8550	-0.003480
0.8600	-0.002418
0.8650	-0.000334
0.8700	0.002932
0.8750	0.007169
0.8800	0.011522
0.8850	0.015012
0.8900	0.017227
0.8950	0.018301
0.9000	0.018528
0.9050	0.018010
0.9100	0.016681
0.9150	0.014571
0.9200	0.011902
0.9250	0.008946
0.9300	0.005958
0.9350	0.003207
0.9400	0.000852
0.9450	-0.001199
0.9500	-0.003203
0.9550	-0.005321
0.9600	-0.007443
0.9650	-0.009328
0.9700	-0.010803
0.9750	-0.011753
0.9800	-0.012045
0.9850	-0.011589
0.9900	-0.010471
0.9950	-0.008932
1.0000	-0.007250
1.0050	-0.005714
1.0100	-0.004699
1.0150	-0.004431
1.0200	-0.004801
1.0250	-0.005550
1.0300	-0.006301
1.0350	-0.006755
1.0400	-0.006712
1.0450	-0.006050
1.0500	-0.004907
1.0550	-0.003549
1.0600	-0.002235
1.0650	-0.001236
1.0700	-0.000823
1.0750	-0.001175
1.0800	-0.002228
1.0850	-0.003763
1.0900	-0.005570
1.0950	-0.007465
1.1000	-0.009216
1.1050	-0.010656
1.1100	-0.011769
1.1150	-0.012502
1.1200	-0.012890
1.1250	-0.013054
1.1300	-0.012992
1.1350	-0.012597
1.1400	-0.011789
1.1450	-0.010562
1.1500	-0.008952
1.1550	-0.007120
1.1600	-0.005371
1.1650	-0.003972
1.1700	-0.002889
1.1750	-0.001845
1.1800	-0.000575
1.1850	0.001001
1.1900	0.002658
1.1950	0.003999
1.2000	0.004680
1.2050	0.004713
1.2100	0.004478
1.2150	0.004413
1.2200	0.004927
1.2250	0.006134
1.2300	0.007726
1.2350	0.009183
1.2400	0.009912
1.2450	0.009633
1.2500	0.008592
1.2550	0.007247
1.2600	0.005923
1.2650	0.004759
1.2700	0.003766
1.2750	0.002967
1.2800	0.002504
1.2850	0.002494
1.2900	0.003124
1.2950	0.004633
1.3000	0.006902
1.3050	0.009477
1.3100	0.011839
1.3150	0.013512
1.3200	0.014146
1.3250	0.013647
1.3300	0.012297
1.3350	0.010614
1.3400	0.009177
1.3450	0.008386
1.3500	0.008242
1.3550	0.008474
1.3600	0.008851
1.3650	0.009219
1.3700	0.009410
1.3750	0.009306
1.3800	0.008796
1.3850	0.007801
1.3900	0.006417
1.3950	0.004785
1.4000	0.003121
1.4050	0.001603
1.4100	0.000294
1.4150	-0.000669
1.4200	-0.001260
1.4250	-0.001555
1.4300	-0.001426
1.4350	-0.000729
1.4400	0.000275
1.4450	0.001185
1.4500	0.001817
1.4550	0.002285
1.4600	0.003044
1.4650	0.004408
1.4700	0.006114
1.4750	0.007492
1.4800	0.007666
1.4850	0.005958
1.4900	0.002507
1.4950	-0.001748
1.5000	-0.005647
1.5050	-0.008531
1.5100	-0.010414
1.5150	-0.011753
1.5200	-0.013515
1.5250	-0.016744
1.5300	-0.021756
1.5350	-0.027810
1.5400	-0.033540
1.5450	-0.037773
1.5500	-0.039936
1.5550	-0.039985
1.5600	-0.038187
1.5650	-0.034924
1.5700	-0.030388
1.5750	-0.024772
1.5800	-0.018598
1.5850	-0.012650
1.5900	-0.007824
1.5950	-0.004599
1.6000	-0.002773
1.6050	-0.001749
1.6100	-0.000972
1.6150	-0.000169
1.6200	0.000779
1.6250	0.001605
1.6300	0.001632
1.6350	0.000553
1.6400	-0.001292
1.6450	-0.003366
1.6500	-0.005354
1.6550	-0.007218
1.6600	-0.008976
1.6650	-0.010549
1.6700	-0.011696
1.6750	-0.012295
1.6800	-0.012391
1.6850	-0.011966
1.6900	-0.011134
1.6950	-0.010240
1.7000	-0.009706
1.7050	-0.009744
1.7100	-0.010301
1.7150	-0.011055
1.7200	-0.011233
1.7250	-0.009994
1.7300	-0.006814
1.7350	-0.002021
1.7400	0.003016
1.7450	0.006775
1.7500	0.008201
1.7550	0.007124
1.7600	0.004298
1.7650	0.000874
1.7700	-0.002081
1.7750	-0.003861
1.7800	-0.004126
1.7850	-0.002994
1.7900	-0.000868
1.7950	0.001943
1.8000	0.005272
1.8050	0.009079
1.8100	0.013283
1.8150	0.017252
1.8200	0.019903
1.8250	0.020476
1.8300	0.018890
1.8350	0.015832
1.8400	0.012551
1.8450	0.010139
1.8500	0.009248
1.8550	0.009931
1.8600	0.011499
1.8650	0.013136
1.8700	0.014491
1.8750	0.015730
1.8800	0.017375
1.8850	0.019627
1.8900	0.021887
1.8950	0.023080
1.9000	0.021921
1.9050	0.017389
1.9100	0.009881
1.9150	0.001875
1.9200	-0.003460
1.9250	-0.004788
1.9300	-0.003303
1.9350	-0.001264
1.9400	-0.000768
1.9450	-0.002737
1.9500	-0.006380
1.9550	-0.010095
1.9600	-0.012278
1.9650	-0.011861
1.9700	-0.008867
1.9750	-0.004154
1.9800	0.001358
1.9850	0.007249
1.9900	0.013383
1.9950	0.019080
2.0000	0.023467
2.0050	0.025867
2.0100	0.024951
2.0150	0.018840
2.0200	0.006333
2.0250	-0.011052
2.0300	-0.027898
2.0350	-0.038235
2.0400	-0.040585
2.0450	-0.037825
2.0500	-0.033461
2.0550	-0.029438
2.0600	-0.026054
2.0650	-0.022650
2.0700	-0.018550
2.0750	-0.013947
2.0800	-0.009632
2.0850	-0.006381
2.0900	-0.004734
2.0950	-0.004791
2.1000	-0.006049
2.1050	-0.007537
2.1100	-0.008304
2.1150	-0.007933
2.1200	-0.006658
2.1250	-0.005231
2.1300	-0.004634
2.1350	-0.005537
2.1400	-0.007881
2.1450	-0.010502
2.1500	-0.011660
2.1550	-0.010279
2.1600	-0.006491
2.1650	-0.001710
2.1700	0.001950
2.1750	0.002995
2.1800	0.001204
2.1850	-0.002460
2.1900	-0.006571
2.1950	-0.010421
2.2000	-0.014353
2.2050	-0.019459
2.2100	-0.026403
2.2150	-0.034034
2.2200	-0.039979
2.2250	-0.041858
2.2300	-0.038049
2.2350	-0.029077
2.2400	-0.018016
2.2450	-0.008242
2.2500	-0.000841
2.2550	0.005273
2.2600	0.011316
2.2650	0.017454
2.2700	0.022894
2.2750	0.026499
2.2800	0.027179
2.2850	0.023664
2.2900	0.015120
2.2950	0.003034
2.3000	-0.008763
2.3050	-0.017066
2.3100	-0.021439
2.3150	-0.023606
2.3200	-0.025637
2.3250	-0.028406
2.3300	-0.031374
2.3350	-0.033452
2.3400	-0.033514
2.3450	-0.030678
2.3500	-0.025003
2.3550	-0.017844
2.3600	-0.011109
2.3650	-0.006205
2.3700	-0.003639
2.3750	-0.003128
2.3800	-0.003796
2.3850	-0.004489
2.3900	-0.004295
2.3950	-0.002763
2.4000	0.000111
2.4050	0.004239
2.4100	0.009523
2.4150	0.015340
2.4200	0.020961
2.4250	0.026223
2.4300	0.031282
2.4350	0.036104
2.4400	0.040375
2.4450	0.043668
2.4500	0.045293
2.4550	0.043905
2.4600	0.036973
2.4650	0.023436
2.4700	0.007913
2.4750	-0.002789
2.4800	-0.006398
2.4850	-0.005541
2.4900	-0.003924
2.4950	-0.003494
2.5000	-0.004475
2.5050	-0.006529
2.5100	-0.009240
2.5150	-0.012208
2.5200	-0.014974
2.5250	-0.016841
2.5300	-0.017222
2.5350	-0.015941
2.5400	-0.013143
2.5450	-0.009173
2.5500	-0.004356
2.5550	0.000987
2.5600	0.006384
2.5650	0.011227
2.5700	0.014815
2.5750	0.016528
2.5800	0.016214
2.5850	0.014407
2.5900	0.012245
2.5950	0.011016
2.6000	0.011313
2.6050	0.012846
2.6100	0.014823
2.6150	0.016070
2.6200	0.015756
2.6250	0.014186
2.6300	0.012342
2.6350	0.010939
2.6400	0.009905
2.6450	0.008399
2.6500	0.005484
2.6550	0.000956
2.6600	-0.004373
2.6650	-0.009166
2.6700	-0.012291
2.6750	-0.013360
2.6800	-0.013031
2.6850	-0.012634
2.6900	-0.013312
2.6950	-0.015501
2.7000	-0.018850
2.7050	-0.022507
2.7100	-0.025517
2.7150	-0.027206
2.7200	-0.027527
2.7250	-0.026794
2.7300	-0.025276
2.7350	-0.023097
2.7400	-0.019968
2.7450	-0.015927
2.7500	-0.012153
2.7550	-0.010211
2.7600	-0.011280
2.7650	-0.015933
2.7700	-0.023377
2.7750	-0.031019
2.7800	-0.036048
2.7850	-0.037371
2.7900	-0.035150
2.7950	-0.029695
2.8000	-0.021803
2.8050	-0.013093
2.8100	-0.005507
2.8150	-0.000174
2.8200	0.003047
2.8250	0.004687
2.8300	0.005230
2.8350	0.005017
2.8400	0.004266
2.8450	0.003424
2.8500	0.003044
2.8550	0.003636
2.8600	0.005240
2.8650	0.007118
2.8700	0.008292
2.8750	0.007642
2.8800	0.003833
2.8850	-0.003523
2.8900	-0.012263
2.8950	-0.018712
2.9000	-0.020549
2.9050	-0.017926
2.9100	-0.012617
2.9150	-0.007072
2.9200	-0.003391
2.9250	-0.002106
2.9300	-0.002146
2.9350	-0.002170
2.9400	-0.001682
2.9450	-0.000999
2.9500	-0.000980
2.9550	-0.002242
2.9600	-0.004781
2.9650	-0.008311
2.9700	-0.012057
2.9750	-0.014979
2.9800	-0.016470
2.9850	-0.016485
2.9900	-0.015367
2.9950	-0.013710
3.0000	-0.012184
3.0050	-0.011293
3.0100	-0.011078
3.0150	-0.011189
3.0200	-0.010999
3.0250	-0.010067
3.0300	-0.008363
3.0350	-0.006140
3.0400	-0.003857
3.0450	-0.001874
3.0500	-0.000226
3.0550	0.001380
3.0600	0.003283
3.0650	0.006018
3.0700	0.010297
3.0750	0.016286
3.0800	0.022683
3.0850	0.027442
3.0900	0.028891
3.0950	0.025722
3.1000	0.018148
3.1050	0.008519
3.1100	-0.000371
3.1150	-0.007097
3.1200	-0.012065
3.1250	-0.015991
3.1300	-0.018844
3.1350	-0.020099
3.1400	-0.018710
3.1450	-0.014111
3.1500	-0.007111
3.1550	0.000409
3.1600	0.006457
3.1650	0.009756
3.1700	0.010051
3.1750	0.008221
3.1800	0.005436
3.1850	0.002729
3.1900	0.001011
3.1950	0.000614
3.2000	0.001695
3.2050	0.004490
3.2100	0.008799
3.2150	0.013916
3.2200	0.018881
3.2250	0.022766
3.2300	0.024997
3.2350	0.025017
3.2400	0.021600
3.2450	0.012665
3.2500	-0.001709
3.2550	-0.016207
3.2600	-0.024955
3.2650	-0.027499
3.2700	-0.027144
3.2750	-0.026752
3.2800	-0.027604
3.2850	-0.029275
3.2900	-0.030455
3.2950	-0.030481
3.3000	-0.029484
3.3050	-0.028086
3.3100	-0.027162
3.3150	-0.027513
3.3200	-0.029625
3.3250	-0.032878
3.3300	-0.035679
3.3350	-0.036910
3.3400	-0.035800
3.3450	-0.031752
3.3500	-0.024909
3.3550	-0.016610
3.3600	-0.009255
3.3650	-0.004360
3.3700	-0.001708
3.3750	-0.000112
3.3800	0.001838
3.3850	0.004908
3.3900	0.009031
3.3950	0.013624
3.4000	0.017919
3.4050	0.021059
3.4100	0.022316
3.4150	0.021959
3.4200	0.020693
3.4250	0.018954
3.4300	0.017395
3.4350	0.016614
3.4400	0.016634
3.4450	0.017515
3.4500	0.019157
3.4550	0.020717
3.4600	0.021860
3.4650	0.022798
3.4700	0.023692
3.4750	0.024875
3.4800	0.026245
3.4850	0.027288
3.4900	0.027777
3.4950	0.027769
3.5000	0.027623
3.5050	0.027902
3.5100	0.028963
3.5150	0.030982
3.5200	0.034118
3.5250	0.038408
3.5300	0.043684
3.5350	0.049824
3.5400	0.056971
3.5450	0.066004
3.5500	0.078664
3.5550	0.095424
3.5600	0.113665
3.5650	0.130010
3.5700	0.143265
3.5750	0.153689
3.5800	0.162093
3.5850	0.169655
3.5900	0.176888
3.5950	0.183647
3.6000	0.189316
3.6050	0.193428
3.6100	0.195831
3.6150	0.196080
3.6200	0.193887
3.6250	0.188511
3.6300	0.178448
3.6350	0.164044
3.6400	0.148910
3.6450	0.137490
3.6500	0.131559
3.6550	0.129653
3.6600	0.130202
3.6650	0.132905
3.6700	0.138094
3.6750	0.145400
3.6800	0.152260
3.6850	0.156402
3.6900	0.157433
3.6950	0.154869
3.7000	0.147611
3.7050	0.134059
3.7100	0.114074
3.7150	0.090970
3.7200	0.070009
3.7250	0.055730
3.7300	0.048922
3.7350	0.046321
3.7400	0.044102
3.7450	0.040663
3.7500	0.036176
3.7550	0.031403
3.7600	0.026360
3.7650	0.018809
3.7700	0.005846
3.7750	-0.013203
3.7800	-0.036011
3.7850	-0.059653
3.7900	-0.082639
3.7950	-0.104867
3.8000	-0.127369
3.8050	-0.150069
3.8100	-0.170283
3.8150	-0.185156
3.8200	-0.194250
3.8250	-0.199760
3.8300	-0.204834
3.8350	-0.210868
3.8400	-0.217758
3.8450	-0.226081
3.8500	-0.236867
3.8550	-0.250582
3.8600	-0.266879
3.8650	-0.283971
3.8700	-0.299732
3.8750	-0.313653
3.8800	-0.326538
3.8850	-0.339332
3.8900	-0.352172
3.8950	-0.364569
3.9000	-0.376585
3.9050	-0.388395
3.9100	-0.399354
3.9150	-0.408836
3.9200	-0.416231
3.9250	-0.421311
3.9300	-0.424255
3.9350	-0.424897
3.9400	-0.422845
3.9450	-0.417604
3.9500	-0.409473
3.9550	-0.399252
3.9600	-0.386752
3.9650	-0.370183
3.9700	-0.348079
3.9750	-0.322955
3.9800	-0.300092
3.9850	-0.283661
3.9900	-0.272704
3.9950	-0.259207
4.0000	-0.233926
4.0050	-0.194208
4.0100	-0.145858
4.0150	-0.096942
4.0200	-0.051073
4.0250	-0.007074
4.0300	0.037350
4.0350	0.083708
4.0400	0.131999
4.0450	0.180251
4.0500	0.224288
4.0550	0.256657
4.0600	0.272650
4.0650	0.275919
4.0700	0.274132
4.0750	0.272349
4.0800	0.271829
4.0850	0.272823
4.0900	0.275574
4.0950	0.280955
4.1000	0.289141
4.1050	0.298231
4.1100	0.305909
4.1150	0.310515
4.1200	0.312632
4.1250	0.314414
4.1300	0.317298
4.1350	0.322964
4.1400	0.333697
4.1450	0.350579
4.1500	0.371656
4.1550	0.390836
4.1600	0.402082
4.1650	0.403896
4.1700	0.398453
4.1750	0.388886
4.1800	0.376597
4.1850	0.361158
4.1900	0.341751
4.1950	0.319016
4.2000	0.294610
4.2050	0.269535
4.2100	0.244625
4.2150	0.220619
4.2200	0.198665
4.2250	0.180259
4.2300	0.166454
4.2350	0.156764
4.2400	0.149772
4.2450	0.144650
4.2500	0.140826
4.2550	0.138368
4.2600	0.137669
4.2650	0.138584
4.2700	0.140305
4.2750	0.142432
4.2800	0.144394
4.2850	0.145118
4.2900	0.144479
4.2950	0.142129
4.3000	0.137482
4.3050	0.130670
4.3100	0.121771
4.3150	0.110959
4.3200	0.099156
4.3250	0.087954
4.3300	0.078000
4.3350	0.068018
4.3400	0.056585
4.3450	0.043640
4.3500	0.030182
4.3550	0.016690
4.3600	0.002483
4.3650	-0.015210
4.3700	-0.039173
4.3750	-0.067826
4.3800	-0.097536
4.3850	-0.126249
4.3900	-0.151407
4.3950	-0.169366
4.4000	-0.178666
4.4050	-0.179588
4.4100	-0.170541
4.4150	-0.149445
4.4200	-0.118543
4.4250	-0.085378
4.4300	-0.059130
4.4350	-0.044391
4.4400	-0.038542
4.4450	-0.036255
4.4500	-0.034271
4.4550	-0.033018
4.4600	-0.034791
4.4650	-0.041034
4.4700	-0.050875
4.4750	-0.061773
4.4800	-0.071521
4.4850	-0.078689
4.4900	-0.084116
4.4950	-0.089305
4.5000	-0.094996
4.5050	-0.101743
4.5100	-0.109101
4.5150	-0.115913
4.5200	-0.121361
4.5250	-0.125149
4.5300	-0.127225
4.5350	-0.127685
4.5400	-0.126366
4.5450	-0.123096
4.5500	-0.117560
4.5550	-0.109357
4.5600	-0.099099
4.5650	-0.088776
4.5700	-0.079746
4.5750	-0.072223
4.5800	-0.066379
4.5850	-0.062000
4.5900	-0.059408
4.5950	-0.058920
4.6000	-0.061298
4.6050	-0.068657
4.6100	-0.082483
4.6150	-0.103672
4.6200	-0.131172
4.6250	-0.161415
4.6300	-0.191698
4.6350	-0.221541
4.6400	-0.251359
4.6450	-0.281812
4.6500	-0.313222
4.6550	-0.344971
4.6600	-0.375628
4.6650	-0.400355
4.6700	-0.408833
4.6750	-0.389920
4.6800	-0.340670
4.6850	-0.271148
4.6900	-0.196210
4.6950	-0.124322
4.7000	-0.059127
4.7050	-0.003764
4.7100	0.042013
4.7150	0.082894
4.7200	0.123714
4.7250	0.164878
4.7300	0.201347
4.7350	0.225944
4.7400	0.236767
4.7450	0.239457
4.7500	0.240395
4.7550	0.242649
4.7600	0.246556
4.7650	0.251113
4.7700	0.255262
4.7750	0.259014
4.7800	0.262546
4.7850	0.265611
4.7900	0.268354
4.7950	0.270559
4.8000	0.272359
4.8050	0.274538
4.8100	0.277527
4.8150	0.281526
4.8200	0.285768
4.8250	0.288844
4.8300	0.289623
4.8350	0.287205
4.8400	0.281568
4.8450	0.272919
4.8500	0.261257
4.8550	0.247289
4.8600	0.231936
4.8650	0.216266
4.8700	0.201511
4.8750	0.188494
4.8800	0.177350
4.8850	0.165890
4.8900	0.149984
4.8950	0.127194
4.9000	0.098866
4.9050	0.068516
4.9100	0.038654
4.9150	0.009775
4.9200	-0.018632
4.9250	-0.047581
4.9300	-0.077145
4.9350	-0.106105
4.9400	-0.133708
4.9450	-0.160340
4.9500	-0.186685
4.9550	-0.213028
4.9600	-0.239407
4.9650	-0.265914
4.9700	-0.291287
4.9750	-0.312504
4.9800	-0.326911
4.9850	-0.333998
4.9900	-0.335333
4.9950	-0.328474
5.0000	-0.304866
5.0050	-0.260824
5.0100	-0.203433
5.0150	-0.143056
5.0200	-0.086391
5.0250	-0.038992
5.0300	-0.008055
5.0350	0.005144
5.0400	0.007099
5.0450	0.003837
5.0500	-0.002263
5.0550	-0.009540
5.0600	-0.015792
5.0650	-0.019996
5.0700	-0.022308
5.0750	-0.023256
5.0800	-0.023714
5.0850	-0.024628
5.0900	-0.027160
5.0950	-0.033552
5.1000	-0.045126
5.1050	-0.059791
5.1100	-0.073479
5.1150	-0.082034
5.1200	-0.084232
5.1250	-0.082454
5.1300	-0.078275
5.1350	-0.072846
5.1400	-0.067636
5.1450	-0.063000
5.1500	-0.059159
5.1550	-0.056131
5.1600	-0.054504
5.1650	-0.054408
5.1700	-0.054958
5.1750	-0.055632
5.1800	-0.055500
5.1850	-0.053733
5.1900	-0.050049
5.1950	-0.044733
5.2000	-0.038894
5.2050	-0.033861
5.2100	-0.030929
5.2150	-0.031202
5.2200	-0.035141
5.2250	-0.042760
5.2300	-0.053426
5.2350	-0.066531
5.2400	-0.081577
5.2450	-0.097213
5.2500	-0.112487
5.2550	-0.126963
5.2600	-0.140529
5.2650	-0.153840
5.2700	-0.166928
5.2750	-0.178239
5.2800	-0.186623
5.2850	-0.192636
5.2900	-0.196647
5.2950	-0.199006
5.3000	-0.200332
5.3050	-0.199970
5.3100	-0.198306
5.3150	-0.196125
5.3200	-0.193096
5.3250	-0.188776
5.3300	-0.178413
5.3350	-0.154677
5.3400	-0.115972
5.3450	-0.068603
5.3500	-0.020498
5.3550	0.024157
5.3600	0.061706
5.3650	0.088084
5.3700	0.104193
5.3750	0.117628
5.3800	0.135306
5.3850	0.155843
5.3900	0.172402
5.3950	0.180652
5.4000	0.180255
5.4050	0.170080
5.4100	0.148516
5.4150	0.118317
5.4200	0.084921
5.4250	0.051696
5.4300	0.019142
5.4350	-0.013379
5.4400	-0.045295
5.4450	-0.072637
5.4500	-0.090404
5.4550	-0.098902
5.4600	-0.102417
5.4650	-0.103966
5.4700	-0.102772
5.4750	-0.093821
5.4800	-0.071977
5.4850	-0.037947
5.4900	0.001731
5.4950	0.041323
5.5000	0.078817
5.5050	0.115265
5.5100	0.152737
5.5150	0.190625
5.5200	0.224196
5.5250	0.248690
5.5300	0.264206
5.5350	0.273897
5.5400	0.281492
5.5450	0.289100
5.5500	0.296541
5.5550	0.303769
5.5600	0.310474
5.5650	0.316981
5.5700	0.324686
5.5750	0.333176
5.5800	0.340838
5.5850	0.346376
5.5900	0.349202
5.5950	0.348899
5.6000	0.344223
5.6050	0.332732
5.6100	0.312522
5.6150	0.285772
5.6200	0.256293
5.6250	0.227049
5.6300	0.198793
5.6350	0.170092
5.6400	0.140871
5.6450	0.112308
5.6500	0.087401
5.6550	0.068643
5.6600	0.054576
5.6650	0.041401
5.6700	0.026308
5.6750	0.009701
5.6800	-0.006468
5.6850	-0.019824
5.6900	-0.030439
5.6950	-0.040761
5.7000	-0.052637
5.7050	-0.067655
5.7100	-0.086658
5.7150	-0.108434
5.7200	-0.129929
5.7250	-0.148128
5.7300	-0.161523
5.7350	-0.170381
5.7400	-0.175080
5.7450	-0.174415
5.7500	-0.163354
5.7550	-0.137677
5.7600	-0.103178
5.7650	-0.073352
5.7700	-0.057617
5.7750	-0.053710
5.7800	-0.053168
5.7850	-0.050596
5.7900	-0.045807
5.7950	-0.041037
5.8000	-0.038582
5.8050	-0.039410
5.8100	-0.042726
5.8150	-0.047663
5.8200	-0.053881
5.8250	-0.060657
5.8300	-0.067418
5.8350	-0.074084
5.8400	-0.079835
5.8450	-0.084572
5.8500	-0.089153
5.8550	-0.093374
5.8600	-0.097518
5.8650	-0.102394
5.8700	-0.107791
5.8750	-0.113935
5.8800	-0.121304
5.8850	-0.128888
5.8900	-0.135564
5.8950	-0.140837
5.9000	-0.144519
5.9050	-0.146935
5.9100	-0.148403
5.9150	-0.148985
5.9200	-0.148856
5.9250	-0.148463
5.9300	-0.148125
5.9350	-0.148290
5.9400	-0.149489
5.9450	-0.152246
5.9500	-0.156975
5.9550	-0.163795
5.9600	-0.172289
5.9650	-0.181215
5.9700	-0.188647
5.9750	-0.193678
5.9800	-0.197153
5.9850	-0.199585
5.9900	-0.200900
5.9950	-0.201529
6.0000	-0.201706
6.0050	-0.201177
6.0100	-0.199657
6.0150	-0.196968
6.0200	-0.193340
6.0250	-0.188243
6.0300	-0.182089
6.0350	-0.175783
6.0400	-0.168986
6.0450	-0.162655
6.0500	-0.156982
6.0550	-0.150343
6.0600	-0.141677
6.0650	-0.130059
6.0700	-0.114055
6.0750	-0.094178
6.0800	-0.072730
6.0850	-0.051325
6.0900	-0.030795
6.0950	-0.010503
6.1000	0.010535
6.1050	0.032270
6.1100	0.054076
6.1150	0.074475
6.1200	0.091618
6.1250	0.104687
6.1300	0.114347
6.1350	0.122435
6.1400	0.130330
6.1450	0.138489
6.1500	0.147410
6.1550	0.157140
6.1600	0.168633
6.1650	0.183291
6.1700	0.200484
6.1750	0.219296
6.1800	0.238766
6.1850	0.258288
6.1900	0.277701
6.1950	0.296596
6.2000	0.314599
6.2050	0.329705
6.2100	0.340837
6.2150	0.348375
6.2200	0.352749
6.2250	0.354748
6.2300	0.354395
6.2350	0.350458
6.2400	0.340416
6.2450	0.322748
6.2500	0.298547
6.2550	0.270806
6.2600	0.242590
6.2650	0.215369
6.2700	0.188430
6.2750	0.160803
6.2800	0.132360
6.2850	0.103381
6.2900	0.074210
6.2950	0.045072
6.3000	0.016540
6.3050	-0.012055
6.3100	-0.040565
6.3150	-0.066781
6.3200	-0.088065
6.3250	-0.103873
6.3300	-0.116849
6.3350	-0.129164
6.3400	-0.140914
6.3450	-0.151465
6.3500	-0.160066
6.3550	-0.164987
6.3600	-0.165022
6.3650	-0.162031
6.3700	-0.158229
6.3750	-0.155020
6.3800	-0.153882
6.3850	-0.154759
6.3900	-0.156834
6.3950	-0.159795
6.4000	-0.163786
6.4050	-0.169023
6.4100	-0.176408
6.4150	-0.186779
6.4200	-0.199600
6.4250	-0.212543
6.4300	-0.222688
6.4350	-0.228916
6.4400	-0.231611
6.4450	-0.232075
6.4500	-0.231608
6.4550	-0.230564
6.4600	-0.229144
6.4650	-0.228217
6.4700	-0.228747
6.4750	-0.231175
6.4800	-0.235957
6.4850	-0.243192
6.4900	-0.251839
6.4950	-0.260511
6.5000	-0.267338
6.5050	-0.271039
6.5100	-0.271941
6.5150	-0.269063
6.5200	-0.259129
6.5250	-0.239398
6.5300	-0.211030
6.5350	-0.178928
6.5400	-0.146878
6.5450	-0.116065
6.5500	-0.085945
6.5550	-0.054741
6.5600	-0.022178
6.5650	0.009424
6.5700	0.035459
6.5750	0.052546
6.5800	0.062809
6.5850	0.071568
6.5900	0.084231
6.5950	0.104526
6.6000	0.131169
6.6050	0.159552
6.6100	0.186306
6.6150	0.208354
6.6200	0.223404
6.6250	0.232595
6.6300	0.238281
6.6350	0.242113
6.6400	0.244869
6.6450	0.245975
6.6500	0.245107
6.6550	0.242861
6.6600	0.240217
6.6650	0.238314
6.6700	0.237443
6.6750	0.237434
6.6800	0.238291
6.6850	0.239623
6.6900	0.240993
6.6950	0.242602
6.7000	0.244270
6.7050	0.246095
6.7100	0.248129
6.7150	0.249767
6.7200	0.250694
6.7250	0.250659
6.7300	0.249431
6.7350	0.246462
6.7400	0.241615
6.7450	0.234151
6.7500	0.223471
6.7550	0.210557
6.7600	0.195835
6.7650	0.179858
6.7700	0.163822
6.7750	0.148362
6.7800	0.134438
6.7850	0.121988
6.7900	0.110228
6.7950	0.098857
6.8000	0.086279
6.8050	0.070904
6.8100	0.052679
6.8150	0.032837
6.8200	0.013267
6.8250	-0.004439
6.8300	-0.020290
6.8350	-0.036644
6.8400	-0.056251
6.8450	-0.078878
6.8500	-0.102451
6.8550	-0.125976
6.8600	-0.148758
6.8650	-0.170825
6.8700	-0.192769
6.8750	-0.213279
6.8800	-0.230360
6.8850	-0.243569
6.8900	-0.252896
6.8950	-0.258723
6.9000	-0.261809
6.9050	-0.261970
6.9100	-0.258025
6.9150	-0.247268
6.9200	-0.227964
6.9250	-0.201615
6.9300	-0.172053
6.9350	-0.142763
6.9400	-0.114098
6.9450	-0.085134
6.9500	-0.055756
6.9550	-0.025712
6.9600	0.004370
6.9650	0.031433
6.9700	0.052915
6.9750	0.068571
6.9800	0.079549
6.9850	0.087380
6.9900	0.093049
6.9950	0.096401
7.0000	0.096850
7.0050	0.094195
7.0100	0.088428
7.0150	0.079862
7.0200	0.069477
7.0250	0.059090
7.0300	0.049664
7.0350	0.041677
7.0400	0.035319
7.0450	0.030216
7.0500	0.026473
7.0550	0.023745
7.0600	0.022051
7.0650	0.021669
7.0700	0.022423
7.0750	0.024362
7.0800	0.027006
7.0850	0.029585
7.0900	0.032039
7.0950	0.034791
7.1000	0.037776
7.1050	0.040743
7.1100	0.043895
7.1150	0.047050
7.1200	0.049210
7.1250	0.049843
7.1300	0.048639
7.1350	0.045123
7.1400	0.039231
7.1450	0.030481
7.1500	0.018573
7.1550	0.003891
7.1600	-0.011832
7.1650	-0.025502
7.1700	-0.035275
7.1750	-0.041701
7.1800	-0.046348
7.1850	-0.050549
7.1900	-0.054458
7.1950	-0.057749
7.2000	-0.060581
7.2050	-0.063176
7.2100	-0.065726
7.2150	-0.068602
7.2200	-0.072463
7.2250	-0.077280
7.2300	-0.082674
7.2350	-0.088728
7.2400	-0.095354
7.2450	-0.101804
7.2500	-0.107356
7.2550	-0.111733
7.2600	-0.114831
7.2650	-0.116820
7.2700	-0.117624
7.2750	-0.116822
7.2800	-0.114736
7.2850	-0.111079
7.2900	-0.105299
7.2950	-0.097757
7.3000	-0.087828
7.3050	-0.076016
7.3100	-0.064125
7.3150	-0.052991
7.3200	-0.043072
7.3250	-0.034592
7.3300	-0.027358
7.3350	-0.020338
7.3400	-0.013214
7.3450	-0.006101
7.3500	0.001626
7.3550	0.009380
7.3600	0.016094
7.3650	0.021870
7.3700	0.027117
7.3750	0.031831
7.3800	0.036086
7.3850	0.039888
7.3900	0.043301
7.3950	0.046230
7.4000	0.047985
7.4050	0.048435
7.4100	0.047031
7.4150	0.042753
7.4200	0.034721
7.4250	0.021677
7.4300	0.003255
7.4350	-0.017855
7.4400	-0.037248
7.4450	-0.052859
7.4500	-0.065133
7.4550	-0.075313
7.4600	-0.084213
7.4650	-0.091553
7.4700	-0.097004
7.4750	-0.100490
7.4800	-0.101752
7.4850	-0.100889
7.4900	-0.098237
7.4950	-0.094257
7.5000	-0.089775
7.5050	-0.085116
7.5100	-0.079854
7.5150	-0.073409
7.5200	-0.065327
7.5250	-0.055328
7.5300	-0.043394
7.5350	-0.030940
7.5400	-0.020414
7.5450	-0.012640
7.5500	-0.006819
7.5550	-0.002002
7.5600	0.002727
7.5650	0.007906
7.5700	0.013940
7.5750	0.020875
7.5800	0.028475
7.5850	0.036741
7.5900	0.045351
7.5950	0.053055
7.6000	0.059242
7.6050	0.064566
7.6100	0.069002
7.6150	0.072602
7.6200	0.075726
7.6250	0.077867
7.6300	0.078934
7.6350	0.079171
7.6400	0.078624
7.6450	0.078049
7.6500	0.077704
7.6550	0.077441
7.6600	0.077676
7.6650	0.078569
7.6700	0.080006
7.6750	0.081981
7.6800	0.084065
7.6850	0.085926
7.6900	0.087771
7.6950	0.089264
7.7000	0.089962
7.7050	0.089817
7.7100	0.088536
7.7150	0.085906
7.7200	0.082519
7.7250	0.078824
7.7300	0.074904
7.7350	0.071324
7.7400	0.067885
7.7450	0.064176
7.7500	0.060806
7.7550	0.057435
7.7600	0.053297
7.7650	0.048399
7.7700	0.042290
7.7750	0.035098
7.7800	0.028005
7.7850	0.021318
7.7900	0.014790
7.7950	0.008902
7.8000	0.003534
7.8050	-0.002150
7.8100	-0.008182
7.8150	-0.014703
7.8200	-0.022160
7.8250	-0.030070
7.8300	-0.037727
7.8350	-0.044909
7.8400	-0.051208
7.8450	-0.056652
7.8500	-0.061495
7.8550	-0.065763
7.8600	-0.069386
7.8650	-0.071722
7.8700	-0.072227
7.8750	-0.070790
7.8800	-0.067415
7.8850	-0.061150
7.8900	-0.051447
7.8950	-0.039373
7.9000	-0.027212
7.9050	-0.017723
7.9100	-0.011858
7.9150	-0.008902
7.9200	-0.008279
7.9250	-0.010052
7.9300	-0.014196
7.9350	-0.020484
7.9400	-0.028121
7.9450	-0.035842
7.9500	-0.042441
7.9550	-0.047059
7.9600	-0.049549
7.9650	-0.050175
7.9700	-0.049098
7.9750	-0.046190
7.9800	-0.040572
7.9850	-0.030785
7.9900	-0.016825
7.9950	-0.001796
8.0000	0.009702
8.0050	0.016320
8.0100	0.020059
8.0150	0.023028
8.0200	0.026370
8.0250	0.029616
8.0300	0.032041
8.0350	0.033176
8.0400	0.032799
8.0450	0.031208
8.0500	0.028540
8.0550	0.025244
8.0600	0.021906
8.0650	0.018847
8.0700	0.016107
8.0750	0.013553
8.0800	0.011524
8.0850	0.010479
8.0900	0.010102
8.0950	0.009927
8.1000	0.010137
8.1050	0.010622
8.1100	0.011063
8.1150	0.011348
8.1200	0.011125
8.1250	0.010523
8.1300	0.009678
8.1350	0.008961
8.1400	0.008960
8.1450	0.009691
8.1500	0.010973
8.1550	0.012810
8.1600	0.015456
8.1650	0.018384
8.1700	0.021165
8.1750	0.023770
8.1800	0.026317
8.1850	0.029066
8.1900	0.031384
8.1950	0.032792
8.2000	0.033492
8.2050	0.033518
8.2100	0.033098
8.2150	0.032214
8.2200	0.030621
8.2250	0.028519
8.2300	0.025834
8.2350	0.022740
8.2400	0.019655
8.2450	0.016282
8.2500	0.012666
8.2550	0.009436
8.2600	0.006505
8.2650	0.003651
8.2700	0.001619
8.2750	0.000635
8.2800	0.000250
8.2850	0.001008
8.2900	0.003062
8.2950	0.006296
8.3000	0.011423
8.3050	0.018077
8.3100	0.025567
8.3150	0.033490
8.3200	0.040876
8.3250	0.047318
8.3300	0.052901
8.3350	0.057870
8.3400	0.062446
8.3450	0.066593
8.3500	0.070237
8.3550	0.073437
8.3600	0.076277
8.3650	0.078707
8.3700	0.080533
8.3750	0.081724
8.3800	0.082627
8.3850	0.083113
8.3900	0.083038
8.3950	0.082684
8.4000	0.081726
8.4050	0.080159
8.4100	0.078342
8.4150	0.075930
8.4200	0.073138
8.4250	0.070045
8.4300	0.066508
8.4350	0.062637
8.4400	0.058428
8.4450	0.054463
8.4500	0.050643
8.4550	0.046490
8.4600	0.042222
8.4650	0.037689
8.4700	0.032711
8.4750	0.027809
8.4800	0.023323
8.4850	0.018734
8.4900	0.013916
8.4950	0.008766
8.5000	0.002767
8.5050	-0.003568
8.5100	-0.009798
8.5150	-0.016406
8.5200	-0.022664
8.5250	-0.027726
8.5300	-0.032449
8.5350	-0.036944
8.5400	-0.041084
8.5450	-0.045528
8.5500	-0.050427
8.5550	-0.055749
8.5600	-0.061264
8.5650	-0.066277
8.5700	-0.070393
8.5750	-0.073657
8.5800	-0.075822
8.5850	-0.076993
8.5900	-0.077646
8.5950	-0.077852
8.6000	-0.077692
8.6050	-0.077002
8.6100	-0.075630
8.6150	-0.073473
8.6200	-0.071098
8.6250	-0.068815
8.6300	-0.066229
8.6350	-0.063674
8.6400	-0.061011
8.6450	-0.057619
8.6500	-0.053309
8.6550	-0.048034
8.6600	-0.041800
8.6650	-0.035189
8.6700	-0.029260
8.6750	-0.024568
8.6800	-0.020832
8.6850	-0.017699
8.6900	-0.014632
8.6950	-0.011135
8.7000	-0.007201
8.7050	-0.002795
8.7100	0.002049
8.7150	0.007421
8.7200	0.013714
8.7250	0.020999
8.7300	0.029368
8.7350	0.039615
8.7400	0.051553
8.7450	0.063664
8.7500	0.075127
8.7550	0.085072
8.7600	0.092757
8.7650	0.098295
8.7700	0.102213
8.7750	0.105119
8.7800	0.106598
8.7850	0.106329
8.7900	0.104208
8.7950	0.099963
8.8000	0.093884
8.8050	0.086072
8.8100	0.076435
8.8150	0.065575
8.8200	0.054559
8.8250	0.043772
8.8300	0.033271
8.8350	0.023820
8.8400	0.016489
8.8450	0.011065
8.8500	0.007203
8.8550	0.004897
8.8600	0.003525
8.8650	0.003220
8.8700	0.003789
8.8750	0.004891
8.8800	0.006279
8.8850	0.007430
8.8900	0.008142
8.8950	0.008068
8.9000	0.007331
8.9050	0.005968
8.9100	0.003889
8.9150	0.001482
8.9200	-0.001278
8.9250	-0.004625
8.9300	-0.008759
8.9350	-0.013763
8.9400	-0.019303
8.9450	-0.025492
8.9500	-0.032859
8.9550	-0.040669
8.9600	-0.047640
8.9650	-0.053979
8.9700	-0.059769
8.9750	-0.064906
8.9800	-0.069865
8.9850	-0.074396
8.9900	-0.078426
8.9950	-0.082282
9.0000	-0.085908
9.0050	-0.089336
9.0100	-0.092754
9.0150	-0.096421
9.0200	-0.100228
9.0250	-0.103997
9.0300	-0.108199
9.0350	-0.112198
9.0400	-0.115444
9.0450	-0.118494
9.0500	-0.120656
9.0550	-0.121763
9.0600	-0.121948
9.0650	-0.120718
9.0700	-0.118452
9.0750	-0.115038
9.0800	-0.110330
9.0850	-0.104778
9.0900	-0.098374
9.0950	-0.091505
9.1000	-0.084951
9.1050	-0.078394
9.1100	-0.071363
9.1150	-0.064384
9.1200	-0.057786
9.1250	-0.051132
9.1300	-0.044339
9.1350	-0.038227
9.1400	-0.032466
9.1450	-0.026328
9.1500	-0.020507
9.1550	-0.014959
9.1600	-0.009472
9.1650	-0.004653
9.1700	-0.000626
9.1750	0.002850
9.1800	0.005989
9.1850	0.008930
9.1900	0.011360
9.1950	0.013253
9.2000	0.015150
9.2050	0.016818
9.2100	0.018096
9.2150	0.019522
9.2200	0.021299
9.2250	0.023921
9.2300	0.027736
9.2350	0.032572
9.2400	0.038580
9.2450	0.045283
9.2500	0.051751
9.2550	0.057324
9.2600	0.062072
9.2650	0.066389
9.2700	0.070360
9.2750	0.074176
9.2800	0.077677
9.2850	0.080625
9.2900	0.083107
9.2950	0.085220
9.3000	0.087032
9.3050	0.088745
9.3100	0.090372
9.3150	0.091997
9.3200	0.093776
9.3250	0.095552
9.3300	0.096830
9.3350	0.097230
9.3400	0.096688
9.3450	0.095042
9.3500	0.092407
9.3550	0.089034
9.3600	0.085140
9.3650	0.080393
9.3700	0.074382
9.3750	0.067454
9.3800	0.059467
9.3850	0.050542
9.3900	0.041607
9.3950	0.033140
9.4000	0.025403
9.4050	0.018407
9.4100	0.011888
9.4150	0.005638
9.4200	-0.000374
9.4250	-0.006043
9.4300	-0.011420
9.4350	-0.016411
9.4400	-0.021112
9.4450	-0.025774
9.4500	-0.030450
9.4550	-0.035286
9.4600	-0.040215
9.4650	-0.045219
9.4700	-0.050347
9.4750	-0.055388
9.4800	-0.060393
9.4850	-0.064971
9.4900	-0.068689
9.4950	-0.071905
9.5000	-0.074548
9.5050	-0.076530
9.5100	-0.078073
9.5150	-0.079156
9.5200	-0.079878
9.5250	-0.080164
9.5300	-0.080199
9.5350	-0.080004
9.5400	-0.079512
9.5450	-0.079057
9.5500	-0.078696
9.5550	-0.078359
9.5600	-0.077416
9.5650	-0.075686
9.5700	-0.073230
9.5750	-0.069862
9.5800	-0.066033
9.5850	-0.061845
9.5900	-0.056843
9.5950	-0.050812
9.6000	-0.043837
9.6050	-0.036341
9.6100	-0.029389
9.6150	-0.023537
9.6200	-0.018344
9.6250	-0.013453
9.6300	-0.008599
9.6350	-0.003885
9.6400	0.000557
9.6450	0.004717
9.6500	0.008824
9.6550	0.013155
9.6600	0.017722
9.6650	0.022354
9.6700	0.026526
9.6750	0.030065
9.6800	0.032784
9.6850	0.034825
9.6900	0.036360
9.6950	0.037438
9.7000	0.038444
9.7050	0.039580
9.7100	0.041028
9.7150	0.042996
9.7200	0.045690
9.7250	0.048992
9.7300	0.052125
9.7350	0.055070
9.7400	0.058030
9.7450	0.060238
9.7500	0.061589
9.7550	0.062122
9.7600	0.061902
9.7650	0.061156
9.7700	0.059937
9.7750	0.058452
9.7800	0.056853
9.7850	0.055486
9.7900	0.054417
9.7950	0.053619
9.8000	0.053160
9.8050	0.052622
9.8100	0.051943
9.8150	0.051104
9.8200	0.049556
9.8250	0.047398
9.8300	0.044610
9.8350	0.040874
9.8400	0.036103
9.8450	0.030706
9.8500	0.025646
9.8550	0.021383
9.8600	0.017936
9.8650	0.015181
9.8700	0.013046
9.8750	0.011245
9.8800	0.009553
9.8850	0.007833
9.8900	0.005687
9.8950	0.002963
9.9000	-0.000072
9.9050	-0.003263
9.9100	-0.006718
9.9150	-0.010174
9.9200	-0.013431
9.9250	-0.016338
9.9300	-0.018714
9.9350	-0.021039
9.9400	-0.023361
9.9450	-0.025596
9.9500	-0.028278
9.9550	-0.031483
9.9600	-0.034955
9.9650	-0.038690
9.9700	-0.042441
9.9750	-0.045719
9.9800	-0.048406
9.9850	-0.050328
9.9900	-0.051435
9.9950	-0.051955
10.0000	-0.051970
10.0050	-0.051372
10.0100	-0.050455
10.0150	-0.049566
10.0200	-0.048555
10.0250	-0.047564
10.0300	-0.046702
10.0350	-0.045678
10.0400	-0.044257
10.0450	-0.042609
10.0500	-0.040307
10.0550	-0.036912
10.0600	-0.032681
10.0650	-0.027496
10.0700	-0.021670
10.0750	-0.015698
10.0800	-0.009879
10.0850	-0.004883
10.0900	-0.000792
10.0950	0.002735
10.1000	0.005727
10.1050	0.008335
10.1100	0.010632
10.1150	0.012469
10.1200	0.013847
10.1250	0.014880
10.1300	0.015579
10.1350	0.016152
10.1400	0.016806
10.1450	0.017520
10.1500	0.018597
10.1550	0.020105
10.1600	0.021840
10.1650	0.023672
10.1700	0.025378
10.1750	0.027009
10.1800	0.028489
10.1850	0.029586
10.1900	0.030092
10.1950	0.029838
10.2000	0.029021
10.2050	0.027541
10.2100	0.025266
10.2150	0.022791
10.2200	0.020372
10.2250	0.018084
10.2300	0.016298
10.2350	0.014929
10.2400	0.013955
10.2450	0.013399
10.2500	0.013062
10.2550	0.012924
10.2600	0.012910
10.2650	0.012828
10.2700	0.013036
10.2750	0.013614
10.2800	0.014282
10.2850	0.015152
10.2900	0.016087
10.2950	0.016886
10.3000	0.017611
10.3050	0.018377
10.3100	0.019104
10.3150	0.019803
10.3200	0.020719
10.3250	0.021760
10.3300	0.022550
10.3350	0.022731
10.3400	0.022245
10.3450	0.020869
10.3500	0.018329
10.3550	0.014784
10.3600	0.010175
10.3650	0.004722
10.3700	-0.000972
10.3750	-0.006180
10.3800	-0.010198
10.3850	-0.013158
10.3900	-0.015360
10.3950	-0.016830
10.4000	-0.017682
10.4050	-0.017686
10.4100	-0.016729
10.4150	-0.015265
10.4200	-0.013557
10.4250	-0.012011
10.4300	-0.011076
10.4350	-0.010543
10.4400	-0.010129
10.4450	-0.009623
10.4500	-0.009046
10.4550	-0.008424
10.4600	-0.007757
10.4650	-0.007181
10.4700	-0.006817
10.4750	-0.006931
10.4800	-0.007328
10.4850	-0.007959
10.4900	-0.008967
10.4950	-0.010073
10.5000	-0.011281
10.5050	-0.012886
10.5100	-0.014944
10.5150	-0.017392
10.5200	-0.019941
10.5250	-0.022310
10.5300	-0.024606
10.5350	-0.026749
10.5400	-0.028764
10.5450	-0.030979
10.5500	-0.033248
10.5550	-0.035211
10.5600	-0.036849
10.5650	-0.038401
10.5700	-0.039995
10.5750	-0.041429
10.5800	-0.042444
10.5850	-0.042899
10.5900	-0.042978
10.5950	-0.042777
10.6000	-0.042314
10.6050	-0.041749
10.6100	-0.041295
10.6150	-0.040977
10.6200	-0.040738
10.6250	-0.040376
10.6300	-0.039555
10.6350	-0.038436
10.6400	-0.036984
10.6450	-0.034733
10.6500	-0.031466
10.6550	-0.027555
10.6600	-0.023351
10.6650	-0.019101
10.6700	-0.015303
10.6750	-0.012302
10.6800	-0.010013
10.6850	-0.008168
10.6900	-0.006847
10.6950	-0.006105
10.7000	-0.005846
10.7050	-0.005822
10.7100	-0.005360
10.7150	-0.004447
10.7200	-0.003259
10.7250	-0.001641
10.7300	0.000201
10.7350	0.002590
10.7400	0.005632
10.7450	0.008928
10.7500	0.012441
10.7550	0.015972
10.7600	0.019049
10.7650	0.021469
10.7700	0.023559
10.7750	0.025254
10.7800	0.026415
10.7850	0.027682
10.7900	0.029093
10.7950	0.030435
10.8000	0.032084
10.8050	0.034011
10.8100	0.036159
10.8150	0.038506
10.8200	0.040872
10.8250	0.043254
10.8300	0.045590
10.8350	0.047725
10.8400	0.049582
10.8450	0.051079
10.8500	0.051975
10.8550	0.052222
10.8600	0.051890
10.8650	0.051012
10.8700	0.049848
10.8750	0.048643
10.8800	0.047393
10.8850	0.046244
10.8900	0.045534
10.8950	0.045256
10.9000	0.045210
10.9050	0.045226
10.9100	0.045132
10.9150	0.044769
10.9200	0.044228
10.9250	0.043691
10.9300	0.043028
10.9350	0.042143
10.9400	0.041340
10.9450	0.040636
10.9500	0.039825
10.9550	0.038974
10.9600	0.038085
10.9650	0.037306
10.9700	0.036432
10.9750	0.035050
10.9800	0.033283
10.9850	0.031351
10.9900	0.029119
10.9950	0.026793
11.0000	0.024656
11.0050	0.022786
11.0100	0.021477
11.0150	0.020335
11.0200	0.019171
11.0250	0.018355
11.0300	0.017353
11.0350	0.015709
11.0400	0.013726
11.0450	0.011422
11.0500	0.008929
11.0550	0.006496
11.0600	0.003995
11.0650	0.001559
11.0700	-0.000649
11.0750	-0.002858
11.0800	-0.005167
11.0850	-0.007535
11.0900	-0.009956
11.0950	-0.012386
11.1000	-0.014790
11.1050	-0.017170
11.1100	-0.019457
11.1150	-0.021702
11.1200	-0.023942
11.1250	-0.026030
11.1300	-0.027764
11.1350	-0.029102
11.1400	-0.030006
11.1450	-0.030332
11.1500	-0.030350
11.1550	-0.030476
11.1600	-0.030673
11.1650	-0.030745
11.1700	-0.030928
11.1750	-0.031431
11.1800	-0.032017
11.1850	-0.032286
11.1900	-0.032319
11.1950	-0.032330
11.2000	-0.032271
11.2050	-0.032018
11.2100	-0.031501
11.2150	-0.030698
11.2200	-0.029503
11.2250	-0.028132
11.2300	-0.026743
11.2350	-0.025415
11.2400	-0.023995
11.2450	-0.022400
11.2500	-0.020861
11.2550	-0.019358
11.2600	-0.017947
11.2650	-0.016648
11.2700	-0.015498
11.2750	-0.014428
11.2800	-0.013514
11.2850	-0.013004
11.2900	-0.012835
11.2950	-0.012785
11.3000	-0.012798
11.3050	-0.012901
11.3100	-0.012910
11.3150	-0.012754
11.3200	-0.012518
11.3250	-0.012121
11.3300	-0.011495
11.3350	-0.010979
11.3400	-0.010630
11.3450	-0.010134
11.3500	-0.009612
11.3550	-0.009204
11.3600	-0.008765
11.3650	-0.008364
11.3700	-0.008129
11.3750	-0.007944
11.3800	-0.007649
11.3850	-0.007129
11.3900	-0.006470
11.3950	-0.006044
11.4000	-0.005920
11.4050	-0.005964
11.4100	-0.006386
11.4150	-0.007085
11.4200	-0.007789
11.4250	-0.008599
11.4300	-0.009771
11.4350	-0.011272
11.4400	-0.012627
11.4450	-0.013842
11.4500	-0.015065
11.4550	-0.015958
11.4600	-0.016459
11.4650	-0.016707
11.4700	-0.016647
11.4750	-0.016382
11.4800	-0.016050
11.4850	-0.015592
11.4900	-0.015092
11.4950	-0.014688
11.5000	-0.014155
11.5050	-0.013171
11.5100	-0.011862
11.5150	-0.010343
11.5200	-0.008590
11.5250	-0.006768
11.5300	-0.004994
11.5350	-0.003657
11.5400	-0.003019
11.5450	-0.003040
11.5500	-0.003584
11.5550	-0.004301
11.5600	-0.004988
11.5650	-0.005552
11.5700	-0.005858
11.5750	-0.005978
11.5800	-0.006145
11.5850	-0.006374
11.5900	-0.006950
11.5950	-0.007919
11.6000	-0.009106
11.6050	-0.010638
11.6100	-0.012409
11.6150	-0.014136
11.6200	-0.015598
11.6250	-0.016865
11.6300	-0.017738
11.6350	-0.018176
11.6400	-0.018251
11.6450	-0.017754
11.6500	-0.016962
11.6550	-0.015981
11.6600	-0.014818
11.6650	-0.013540
11.6700	-0.012070
11.6750	-0.010487
11.6800	-0.008846
11.6850	-0.007081
11.6900	-0.005143
11.6950	-0.003323
11.7000	-0.001760
11.7050	-0.000357
11.7100	0.000932
11.7150	0.002168
11.7200	0.003295
11.7250	0.004267
11.7300	0.004866
11.7350	0.005179
11.7400	0.005508
11.7450	0.005912
11.7500	0.006483
11.7550	0.007367
11.7600	0.008709
11.7650	0.010379
11.7700	0.012188
11.7750	0.013974
11.7800	0.015463
11.7850	0.016678
11.7900	0.017412
11.7950	0.017515
11.8000	0.017399
11.8050	0.017221
11.8100	0.017239
11.8150	0.017612
11.8200	0.018221
11.8250	0.018969
11.8300	0.019813
11.8350	0.020769
11.8400	0.021321
11.8450	0.020979
11.8500	0.019600
11.8550	0.017407
11.8600	0.014658
11.8650	0.011109
11.8700	0.007026
11.8750	0.003022
11.8800	-0.000390
11.8850	-0.003054
11.8900	-0.005234
11.8950	-0.006966
11.9000	-0.008175
11.9050	-0.008671
11.9100	-0.008489
11.9150	-0.008059
11.9200	-0.007548
11.9250	-0.006912
11.9300	-0.006201
11.9350	-0.005382
11.9400	-0.004778
11.9450	-0.004605
11.9500	-0.004612
11.9550	-0.004658
11.9600	-0.004475
11.9650	-0.004076
11.9700	-0.003522
11.9750	-0.002509
11.9800	-0.001031
11.9850	0.000678
11.9900	0.002371
11.9950	0.003956
12.0000	0.005317
12.0050	0.006031
12.0100	0.005843
12.0150	0.004742
12.0200	0.002938
12.0250	0.000696
12.0300	-0.001827
12.0350	-0.004223
12.0400	-0.006251
12.0450	-0.008097
12.0500	-0.009557
12.0550	-0.010221
12.0600	-0.010065
12.0650	-0.009138
12.0700	-0.007471
12.0750	-0.005310
12.0800	-0.003022
12.0850	-0.000660
12.0900	0.001754
12.0950	0.003905
12.1000	0.005814
12.1050	0.007685
12.1100	0.009480
12.1150	0.011418
12.1200	0.013560
12.1250	0.015586
12.1300	0.017346
12.1350	0.018959
12.1400	0.020566
12.1450	0.021816
12.1500	0.022412
12.1550	0.022507
12.1600	0.022072
12.1650	0.021169
12.1700	0.019934
12.1750	0.018568
12.1800	0.017368
12.1850	0.016259
12.1900	0.015175
12.1950	0.014134
12.2000	0.013111
12.2050	0.012118
12.2100	0.011331
12.2150	0.011023
12.2200	0.011065
12.2250	0.011125
12.2300	0.011186
12.2350	0.011335
12.2400	0.011511
12.2450	0.011323
12.2500	0.010505
12.2550	0.009068
12.2600	0.007029
12.2650	0.004863
12.2700	0.002905
12.2750	0.001260
12.2800	0.000159
12.2850	-0.000343
12.2900	-0.000221
12.2950	0.000407
12.3000	0.001120
12.3050	0.001504
12.3100	0.001414
12.3150	0.000716
12.3200	-0.000659
12.3250	-0.002323
12.3300	-0.003929
12.3350	-0.005497
12.3400	-0.007011
12.3450	-0.008282
12.3500	-0.009036
12.3550	-0.009175
12.3600	-0.008918
12.3650	-0.008390
12.3700	-0.007815
12.3750	-0.007488
12.3800	-0.007331
12.3850	-0.007349
12.3900	-0.007662
12.3950	-0.008344
12.4000	-0.009452
12.4050	-0.010821
12.4100	-0.012180
12.4150	-0.013555
12.4200	-0.014993
12.4250	-0.016389
12.4300	-0.017635
12.4350	-0.018561
12.4400	-0.018975
12.4450	-0.018770
12.4500	-0.018022
12.4550	-0.016688
12.4600	-0.014829
12.4650	-0.012708
12.4700	-0.010352
12.4750	-0.007861
12.4800	-0.005538
12.4850	-0.003727
12.4900	-0.002521
12.4950	-0.001689
12.5000	-0.000981
12.5050	-0.000162
12.5100	0.000941
12.5150	0.002408
12.5200	0.004314
12.5250	0.006591
12.5300	0.009063
12.5350	0.011553
12.5400	0.014024
12.5450	0.016686
12.5500	0.019465
12.5550	0.022141
12.5600	0.024508
12.5650	0.026277
12.5700	0.027508
12.5750	0.028427
12.5800	0.029176
12.5850	0.029708
12.5900	0.030107
12.5950	0.030503
12.6000	0.030759
12.6050	0.030943
12.6100	0.031143
12.6150	0.031254
12.6200	0.031315
12.6250	0.031291
12.6300	0.031179
12.6350	0.031031
12.6400	0.030789
12.6450	0.030393
12.6500	0.029737
12.6550	0.028745
12.6600	0.027460
12.6650	0.025993
12.6700	0.024475
12.6750	0.022979
12.6800	0.021363
12.6850	0.019751
12.6900	0.018286
12.6950	0.016842
12.7000	0.015219
12.7050	0.013207
12.7100	0.010980
12.7150	0.008735
12.7200	0.006542
12.7250	0.004403
12.7300	0.002439
12.7350	0.000669
12.7400	-0.001023
12.7450	-0.002383
12.7500	-0.003582
12.7550	-0.004821
12.7600	-0.005964
12.7650	-0.006998
12.7700	-0.008006
12.7750	-0.009053
12.7800	-0.010115
12.7850	-0.011296
12.7900	-0.012569
12.7950	-0.013840
12.8000	-0.015114
12.8050	-0.016386
12.8100	-0.017481
12.8150	-0.018277
12.8200	-0.018906
12.8250	-0.019394
12.8300	-0.019340
12.8350	-0.018823
12.8400	-0.018452
12.8450	-0.018162
12.8500	-0.017926
12.8550	-0.017583
12.8600	-0.016842
12.8650	-0.015988
12.8700	-0.014936
12.8750	-0.013543
12.8800	-0.011913
12.8850	-0.009954
12.8900	-0.007624
12.8950	-0.005196
12.9000	-0.003040
12.9050	-0.001156
12.9100	0.000588
12.9150	0.002150
12.9200	0.003299
12.9250	0.003896
12.9300	0.004091
12.9350	0.003960
12.9400	0.003438
12.9450	0.002649
12.9500	0.001688
12.9550	0.000649
12.9600	-0.000197
12.9650	-0.000681
12.9700	-0.000573
12.9750	0.000112
12.9800	0.001155
12.9850	0.002623
12.9900	0.004483
12.9950	0.006417
13.0000	0.008323
13.0050	0.010275
13.0100	0.011993
13.0150	0.013340
13.0200	0.014422
13.0250	0.015241
13.0300	0.015655
13.0350	0.015901
13.0400	0.016427
13.0450	0.017033
13.0500	0.017624
13.0550	0.018171
13.0600	0.018631
13.0650	0.019383
13.0700	0.020217
13.0750	0.020357
13.0800	0.019668
13.0850	0.018447
13.0900	0.016917
13.0950	0.015247
13.1000	0.013427
13.1050	0.011578
13.1100	0.010007
13.1150	0.008737
13.1200	0.007901
13.1250	0.007548
13.1300	0.007484
13.1350	0.007848
13.1400	0.008486
13.1450	0.008986
13.1500	0.009200
13.1550	0.009134
13.1600	0.008878
13.1650	0.008410
13.1700	0.007622
13.1750	0.006755
13.1800	0.006004
13.1850	0.005296
13.1900	0.004763
13.1950	0.004440
13.2000	0.004213
13.2050	0.004031
13.2100	0.003699
13.2150	0.002986
13.2200	0.001872
13.2250	0.000294
13.2300	-0.001735
13.2350	-0.004065
13.2400	-0.006679
13.2450	-0.009467
13.2500	-0.012240
13.2550	-0.014886
13.2600	-0.017318
13.2650	-0.019443
13.2700	-0.021175
13.2750	-0.022532
13.2800	-0.023753
13.2850	-0.024952
13.2900	-0.025988
13.2950	-0.026737
13.3000	-0.027205
13.3050	-0.027663
13.3100	-0.028159
13.3150	-0.028402
13.3200	-0.028455
13.3250	-0.028478
13.3300	-0.028478
13.3350	-0.028475
13.3400	-0.028511
13.3450	-0.028658
13.3500	-0.028854
13.3550	-0.029296
13.3600	-0.030243
13.3650	-0.031404
13.3700	-0.032529
13.3750	-0.033596
13.3800	-0.034493
13.3850	-0.035201
13.3900	-0.035767
13.3950	-0.036239
13.4000	-0.036627
13.4050	-0.036659
13.4100	-0.036191
13.4150	-0.035532
13.4200	-0.034928
13.4250	-0.034291
13.4300	-0.033532
13.4350	-0.032571
13.4400	-0.031293
13.4450	-0.029610
13.4500	-0.027386
13.4550	-0.024679
13.4600	-0.021757
13.4650	-0.018827
13.4700	-0.015939
13.4750	-0.013268
13.4800	-0.010914
13.4850	-0.008872
13.4900	-0.006998
13.4950	-0.005248
13.5000	-0.003867
13.5050	-0.002801
13.5100	-0.001907
13.5150	-0.001138
13.5200	-0.000414
13.5250	0.000232
13.5300	0.000530
13.5350	0.000567
13.5400	0.000588
13.5450	0.000558
13.5500	0.000493
13.5550	0.000190
13.5600	-0.000358
13.5650	-0.000911
13.5700	-0.001405
13.5750	-0.001726
13.5800	-0.001708
13.5850	-0.001417
13.5900	-0.000878
13.5950	0.000009
13.6000	0.001030
13.6050	0.002101
13.6100	0.003180
13.6150	0.004286
13.6200	0.005563
13.6250	0.006989
13.6300	0.008809
13.6350	0.011138
13.6400	0.013747
13.6450	0.016180
13.6500	0.018277
13.6550	0.020323
13.6600	0.022144
13.6650	0.023467
13.6700	0.024118
13.6750	0.023943
13.6800	0.023042
13.6850	0.021488
13.6900	0.019612
13.6950	0.017812
13.7000	0.016130
13.7050	0.014613
13.7100	0.013281
13.7150	0.012261
13.7200	0.011734
13.7250	0.011783
13.7300	0.012427
13.7350	0.013410
13.7400	0.014417
13.7450	0.015368
13.7500	0.016250
13.7550	0.016963
13.7600	0.017339
13.7650	0.017243
13.7700	0.016710
13.7750	0.015753
13.7800	0.014588
13.7850	0.013202
13.7900	0.011349
13.7950	0.009202
13.8000	0.006851
13.8050	0.004455
13.8100	0.002120
13.8150	-0.000055
13.8200	-0.001920
13.8250	-0.003582
13.8300	-0.005141
13.8350	-0.006697
13.8400	-0.008349
13.8450	-0.010306
13.8500	-0.012568
13.8550	-0.014909
13.8600	-0.017159
13.8650	-0.019085
13.8700	-0.020566
13.8750	-0.021710
13.8800	-0.022415
13.8850	-0.022420
13.8900	-0.021592
13.8950	-0.019826
13.9000	-0.017421
13.9050	-0.014760
13.9100	-0.011866
13.9150	-0.008892
13.9200	-0.006160
13.9250	-0.003853
13.9300	-0.001945
13.9350	-0.000375
13.9400	0.000724
13.9450	0.001383
13.9500	0.001782
13.9550	0.001900
13.9600	0.001772
13.9650	0.001279
13.9700	0.000255
13.9750	-0.001158
13.9800	-0.002701
13.9850	-0.004238
13.9900	-0.005796
13.9950	-0.007277
14.0000	-0.008405
14.0050	-0.009134
14.0100	-0.009396
14.0150	-0.009000
14.0200	-0.008084
14.0250	-0.006663
14.0300	-0.004814
14.0350	-0.002881
14.0400	-0.000926
14.0450	0.001167
14.0500	0.003442
14.0550	0.005621
14.0600	0.007356
14.0650	0.008623
14.0700	0.009495
14.0750	0.010117
14.0800	0.010632
14.0850	0.011107
14.0900	0.011636
14.0950	0.012427
14.1000	0.013584
14.1050	0.014886
14.1100	0.016285
14.1150	0.017785
14.1200	0.019293
14.1250	0.020788
14.1300	0.022149
14.1350	0.023372
14.1400	0.024478
14.1450	0.025462
14.1500	0.026342
14.1550	0.026950
14.1600	0.027255
14.1650	0.027318
14.1700	0.027175
14.1750	0.026976
14.1800	0.026736
14.1850	0.026396
14.1900	0.025994
14.1950	0.025646
14.2000	0.025362
14.2050	0.024937
14.2100	0.024258
14.2150	0.023331
14.2200	0.021999
14.2250	0.019955
14.2300	0.017116
14.2350	0.013788
14.2400	0.010371
14.2450	0.007067
14.2500	0.003889
14.2550	0.001051
14.2600	-0.001212
14.2650	-0.002959
14.2700	-0.004310
14.2750	-0.005260
14.2800	-0.005668
14.2850	-0.005361
14.2900	-0.004401
14.2950	-0.003008
14.3000	-0.001376
14.3050	0.000238
14.3100	0.001537
14.3150	0.002371
14.3200	0.002744
14.3250	0.002679
14.3300	0.002303
14.3350	0.001858
14.3400	0.001496
14.3450	0.001206
14.3500	0.000946
14.3550	0.000637
14.3600	0.000084
14.3650	-0.000810
14.3700	-0.002111
14.3750	-0.003915
14.3800	-0.006285
14.3850	-0.009258
14.3900	-0.012473
14.3950	-0.015433
14.4000	-0.017995
14.4050	-0.020116
14.4100	-0.021793
14.4150	-0.022954
14.4200	-0.023566
14.4250	-0.023593
14.4300	-0.022999
14.4350	-0.021977
14.4400	-0.020574
14.4450	-0.018811
14.4500	-0.016684
14.4550	-0.014257
14.4600	-0.011858
14.4650	-0.009642
14.4700	-0.007491
14.4750	-0.005456
14.4800	-0.003551
14.4850	-0.001587
14.4900	0.000402
14.4950	0.002402
14.5000	0.004508
14.5050	0.006596
14.5100	0.008471
14.5150	0.010040
14.5200	0.011251
14.5250	0.012139
14.5300	0.012754
14.5350	0.013080
14.5400	0.012999
14.5450	0.012520
14.5500	0.011859
14.5550	0.011143
14.5600	0.010353
14.5650	0.009718
14.5700	0.009491
14.5750	0.009714
14.5800	0.010499
14.5850	0.011733
14.5900	0.013204
14.5950	0.014754
14.6000	0.016228
14.6050	0.017816
14.6100	0.019576
14.6150	0.021247
14.6200	0.022599
14.6250	0.023511
14.6300	0.024076
14.6350	0.024358
14.6400	0.024552
14.6450	0.024869
14.6500	0.025276
14.6550	0.025805
14.6600	0.026423
14.6650	0.027016
14.6700	0.027463
14.6750	0.027645
14.6800	0.027295
14.6850	0.026048
14.6900	0.023831
14.6950	0.020871
14.7000	0.017385
14.7050	0.013541
14.7100	0.009657
14.7150	0.006176
14.7200	0.003294
14.7250	0.000865
14.7300	-0.001097
14.7350	-0.002642
14.7400	-0.004027
14.7450	-0.005206
14.7500	-0.006149
14.7550	-0.006979
14.7600	-0.007567
14.7650	-0.007735
14.7700	-0.007440
14.7750	-0.006793
14.7800	-0.005959
14.7850	-0.005009
14.7900	-0.004158
14.7950	-0.003571
14.8000	-0.003251
14.8050	-0.003201
14.8100	-0.003477
14.8150	-0.004253
14.8200	-0.005590
14.8250	-0.007436
14.8300	-0.009640
14.8350	-0.011922
14.8400	-0.014230
14.8450	-0.016484
14.8500	-0.018568
14.8550	-0.020421
14.8600	-0.021994
14.8650	-0.023484
14.8700	-0.024800
14.8750	-0.025967
14.8800	-0.027233
14.8850	-0.028437
14.8900	-0.029384
14.8950	-0.029934
14.9000	-0.030127
14.9050	-0.030206
14.9100	-0.030238
14.9150	-0.030170
14.9200	-0.029886
14.9250	-0.029228
14.9300	-0.028109
14.9350	-0.026721
14.9400	-0.025330
14.9450	-0.023972
14.9500	-0.022700
14.9550	-0.021526
14.9600	-0.020427
14.9650	-0.019578
14.9700	-0.019029
14.9750	-0.018624
14.9800	-0.018444
14.9850	-0.018436
14.9900	-0.018433
14.9950	-0.018485
15.0000	-0.018444
15.0050	-0.018151
15.0100	-0.017561
15.0150	-0.016586
15.0200	-0.015197
15.0250	-0.013550
15.0300	-0.011826
15.0350	-0.010071
15.0400	-0.008423
15.0450	-0.006841
15.0500	-0.005161
15.0550	-0.003625
15.0600	-0.002479
15.0650	-0.001524
15.0700	-0.000568
15.0750	0.000275
15.0800	0.000869
15.0850	0.001285
15.0900	0.001644
15.0950	0.001862
15.1000	0.001696
15.1050	0.001154
15.1100	0.000408
15.1150	-0.000542
15.1200	-0.001521
15.1250	-0.002280
15.1300	-0.002732
15.1350	-0.002889
15.1400	-0.002870
15.1450	-0.002684
15.1500	-0.002206
15.1550	-0.001389
15.1600	-0.000132
15.1650	0.001442
15.1700	0.003102
15.1750	0.004878
15.1800	0.006746
15.1850	0.008624
15.1900	0.010516
15.1950	0.012492
15.2000	0.014344
15.2050	0.015862
15.2100	0.016930
15.2150	0.017414
15.2200	0.017468
15.2250	0.017311
15.2300	0.016866
15.2350	0.016037
15.2400	0.014823
15.2450	0.013182
15.2500	0.011188
15.2550	0.008792
15.2600	0.006023
15.2650	0.003105
15.2700	0.000237
15.2750	-0.002365
15.2800	-0.004587
15.2850	-0.006418
15.2900	-0.007806
15.2950	-0.008604
15.3000	-0.008694
15.3050	-0.008251
15.3100	-0.007661
15.3150	-0.007002
15.3200	-0.006132
15.3250	-0.005177
15.3300	-0.004306
15.3350	-0.003548
15.3400	-0.003104
15.3450	-0.002987
15.3500	-0.002952
15.3550	-0.002935
15.3600	-0.002862
15.3650	-0.002676
15.3700	-0.002401
15.3750	-0.002045
15.3800	-0.001744
15.3850	-0.001789
15.3900	-0.002233
15.3950	-0.002951
15.4000	-0.003862
15.4050	-0.004969
15.4100	-0.006287
15.4150	-0.007541
15.4200	-0.008382
15.4250	-0.008537
15.4300	-0.008115
15.4350	-0.007312
15.4400	-0.006102
15.4450	-0.004633
15.4500	-0.003084
15.4550	-0.001638
15.4600	-0.000388
15.4650	0.000591
15.4700	0.001158
15.4750	0.001396
15.4800	0.001452
15.4850	0.001303
15.4900	0.001172
15.4950	0.001375
15.5000	0.002052
15.5050	0.003187
15.5100	0.004742
15.5150	0.006643
15.5200	0.008522
15.5250	0.010062
15.5300	0.011225
15.5350	0.012144
15.5400	0.012891
15.5450	0.013486
15.5500	0.013998
15.5550	0.014542
15.5600	0.015203
15.5650	0.015941
15.5700	0.016763
15.5750	0.017440
15.5800	0.017730
15.5850	0.017745
15.5900	0.017371
15.5950	0.016523
15.6000	0.015187
15.6050	0.013340
15.6100	0.011174
15.6150	0.008683
15.6200	0.006012
15.6250	0.003552
15.6300	0.001512
15.6350	-0.000071
15.6400	-0.001380
15.6450	-0.002498
15.6500	-0.003457
15.6550	-0.004419
15.6600	-0.005256
15.6650	-0.005772
15.6700	-0.006013
15.6750	-0.006143
15.6800	-0.006326
15.6850	-0.006365
15.6900	-0.006000
15.6950	-0.005212
15.7000	-0.004104
15.7050	-0.002881
15.7100	-0.001760
15.7150	-0.000835
15.7200	-0.000082
15.7250	0.000465
15.7300	0.000755
15.7350	0.000801
15.7400	0.000756
15.7450	0.000586
15.7500	0.000207
15.7550	-0.000310
15.7600	-0.000878
15.7650	-0.001378
15.7700	-0.001922
15.7750	-0.002634
15.7800	-0.003555
15.7850	-0.005040
15.7900	-0.007076
15.7950	-0.008986
15.8000	-0.010556
15.8050	-0.012023
15.8100	-0.013190
15.8150	-0.013891
15.8200	-0.014367
15.8250	-0.014443
15.8300	-0.014073
15.8350	-0.013520
15.8400	-0.012748
15.8450	-0.011993
15.8500	-0.011437
15.8550	-0.010961
15.8600	-0.010487
15.8650	-0.010059
15.8700	-0.009787
15.8750	-0.009542
15.8800	-0.009024
15.8850	-0.008178
15.8900	-0.007284
15.8950	-0.006510
15.9000	-0.005767
15.9050	-0.004928
15.9100	-0.004077
15.9150	-0.003408
15.9200	-0.002927
15.9250	-0.002486
15.9300	-0.001875
15.9350	-0.001193
15.9400	-0.000628
15.9450	-0.000215
15.9500	-0.000092
15.9550	-0.000128
15.9600	-0.000382
15.9650	-0.000939
15.9700	-0.001631
15.9750	-0.002426
15.9800	-0.003138
15.9850	-0.003839
15.9900	-0.004529
15.9950	-0.004927
16.0000	-0.005054
16.0050	-0.004886
16.0100	-0.004337
16.0150	-0.003602
16.0200	-0.002865
16.0250	-0.002263
16.0300	-0.001889
16.0350	-0.001673
16.0400	-0.001803
16.0450	-0.002468
16.0500	-0.003425
16.0550	-0.004545
16.0600	-0.005866
16.0650	-0.007032
16.0700	-0.007714
16.0750	-0.007917
16.0800	-0.007586
16.0850	-0.006792
16.0900	-0.005640
16.0950	-0.004290
16.1000	-0.003087
16.1050	-0.002132
16.1100	-0.001562
16.1150	-0.001385
16.1200	-0.001352
16.1250	-0.001492
16.1300	-0.001874
16.1350	-0.002211
16.1400	-0.002131
16.1450	-0.001664
16.1500	-0.000835
16.1550	0.000311
16.1600	0.001530
16.1650	0.002859
16.1700	0.004388
16.1750	0.005982
16.1800	0.007543
16.1850	0.008968
16.1900	0.010199
16.1950	0.011210
16.2000	0.011948
16.2050	0.012518
16.2100	0.012775
16.2150	0.012743
16.2200	0.012683
16.2250	0.012523
16.2300	0.012154
16.2350	0.011411
16.2400	0.010379
16.2450	0.009318
16.2500	0.008154
16.2550	0.006931
16.2600	0.005832
16.2650	0.004859
16.2700	0.003965
16.2750	0.003086
16.2800	0.002114
16.2850	0.001182
16.2900	0.000360
16.2950	-0.000502
16.3000	-0.001333
16.3050	-0.002015
16.3100	-0.002466
16.3150	-0.002476
16.3200	-0.001931
16.3250	-0.000872
16.3300	0.000745
16.3350	0.002876
16.3400	0.005432
16.3450	0.008247
16.3500	0.011025
16.3550	0.013498
16.3600	0.015506
16.3650	0.017185
16.3700	0.018713
16.3750	0.019956
16.3800	0.020774
16.3850	0.021262
16.3900	0.021405
16.3950	0.021234
16.4000	0.020776
16.4050	0.019978
16.4100	0.019025
16.4150	0.018168
16.4200	0.017636
16.4250	0.017343
16.4300	0.017073
16.4350	0.016873
16.4400	0.016857
16.4450	0.016996
16.4500	0.017157
16.4550	0.017404
16.4600	0.017709
16.4650	0.017820
16.4700	0.017776
16.4750	0.017439
16.4800	0.016570
16.4850	0.015393
16.4900	0.014114
16.4950	0.012748
16.5000	0.011402
16.5050	0.010205
16.5100	0.009014
16.5150	0.007753
16.5200	0.006351
16.5250	0.004719
16.5300	0.002898
16.5350	0.000999
16.5400	-0.000738
16.5450	-0.002323
16.5500	-0.003936
16.5550	-0.005718
16.5600	-0.007586
16.5650	-0.009348
16.5700	-0.010935
16.5750	-0.012373
16.5800	-0.013918
16.5850	-0.015578
16.5900	-0.017203
16.5950	-0.018840
16.6000	-0.020406
16.6050	-0.021759
16.6100	-0.022861
16.6150	-0.023671
16.6200	-0.024102
16.6250	-0.024128
16.6300	-0.023702
16.6350	-0.022764
16.6400	-0.021518
16.6450	-0.020297
16.6500	-0.019022
16.6550	-0.017676
16.6600	-0.016329
16.6650	-0.014965
16.6700	-0.013813
16.6750	-0.012850
16.6800	-0.012115
16.6850	-0.011644
16.6900	-0.011245
16.6950	-0.011058
16.7000	-0.011134
16.7050	-0.011238
16.7100	-0.011328
16.7150	-0.011583
16.7200	-0.012056
16.7250	-0.012714
16.7300	-0.013485
16.7350	-0.014197
16.7400	-0.014787
16.7450	-0.015332
16.7500	-0.015913
16.7550	-0.016270
16.7600	-0.016198
16.7650	-0.015681
16.7700	-0.014730
16.7750	-0.013527
16.7800	-0.012066
16.7850	-0.010453
16.7900	-0.008779
16.7950	-0.007106
16.8000	-0.005555
16.8050	-0.004116
16.8100	-0.002976
16.8150	-0.001878
16.8200	-0.000562
16.8250	0.000887
16.8300	0.002521
16.8350	0.004324
16.8400	0.006144
16.8450	0.007906
16.8500	0.009658
16.8550	0.011081
16.8600	0.012070
16.8650	0.012753
16.8700	0.013131
16.8750	0.013296
16.8800	0.013180
16.8850	0.012951
16.8900	0.012793
16.8950	0.012639
16.9000	0.012558
16.9050	0.012452
16.9100	0.012374
16.9150	0.012518
16.9200	0.012896
16.9250	0.013356
16.9300	0.013606
16.9350	0.013731
16.9400	0.013770
16.9450	0.013720
16.9500	0.013772
16.9550	0.013623
16.9600	0.013082
16.9650	0.012328
16.9700	0.011164
16.9750	0.009601
16.9800	0.007850
16.9850	0.005908
16.9900	0.003803
16.9950	0.001679
17.0000	-0.000181
17.0050	-0.001768
17.0100	-0.003136
17.0150	-0.004465
17.0200	-0.005763
17.0250	-0.006620
17.0300	-0.007060
17.0350	-0.007410
17.0400	-0.007864
17.0450	-0.008270
17.0500	-0.008530
17.0550	-0.008838
17.0600	-0.009262
17.0650	-0.009832
17.0700	-0.010366
17.0750	-0.010801
17.0800	-0.011358
17.0850	-0.011996
17.0900	-0.012552
17.0950	-0.013050
17.1000	-0.013525
17.1050	-0.013816
17.1100	-0.014042
17.1150	-0.014320
17.1200	-0.014394
17.1250	-0.014183
17.1300	-0.013882
17.1350	-0.013533
17.1400	-0.013115
17.1450	-0.012703
17.1500	-0.012181
17.1550	-0.011559
17.1600	-0.010914
17.1650	-0.010305
17.1700	-0.009958
17.1750	-0.009863
17.1800	-0.009859
17.1850	-0.009959
17.1900	-0.010195
17.1950	-0.010296
17.2000	-0.009961
17.2050	-0.009177
17.2100	-0.008003
17.2150	-0.006706
17.2200	-0.005505
17.2250	-0.004567
17.2300	-0.004150
17.2350	-0.004007
17.2400	-0.004150
17.2450	-0.004740
17.2500	-0.005470
17.2550	-0.006050
17.2600	-0.006194
17.2650	-0.005673
17.2700	-0.004538
17.2750	-0.003041
17.2800	-0.001344
17.2850	0.000566
17.2900	0.002606
17.2950	0.004427
17.3000	0.005795
17.3050	0.006795
17.3100	0.007643
17.3150	0.008348
17.3200	0.008876
17.3250	0.009345
17.3300	0.009948
17.3350	0.010773
17.3400	0.011552
17.3450	0.012223
17.3500	0.012877
17.3550	0.013428
17.3600	0.013889
17.3650	0.014154
17.3700	0.014214
17.3750	0.014252
17.3800	0.014339
17.3850	0.014546
17.3900	0.014946
17.3950	0.015425
17.4000	0.015811
17.4050	0.015957
17.4100	0.015792
17.4150	0.015367
17.4200	0.014829
17.4250	0.014328
17.4300	0.013866
17.4350	0.013500
17.4400	0.013353
17.4450	0.013434
17.4500	0.013750
17.4550	0.014188
17.4600	0.014473
17.4650	0.014591
17.4700	0.014579
17.4750	0.014502
17.4800	0.014519
17.4850	0.014601
17.4900	0.014541
17.4950	0.014278
17.5000	0.013794
17.5050	0.013081
17.5100	0.012360
17.5150	0.011565
17.5200	0.010676
17.5250	0.009860
17.5300	0.009019
17.5350	0.008005
17.5400	0.006712
17.5450	0.005144
17.5500	0.003467
17.5550	0.001824
17.5600	0.000292
17.5650	-0.001026
17.5700	-0.002083
17.5750	-0.002913
17.5800	-0.003717
17.5850	-0.004499
17.5900	-0.004979
17.5950	-0.005148
17.6000	-0.005115
17.6050	-0.005054
17.6100	-0.005223
17.6150	-0.005710
17.6200	-0.006307
17.6250	-0.006848
17.6300	-0.007213
17.6350	-0.007379
17.6400	-0.007383
17.6450	-0.007179
17.6500	-0.006759
17.6550	-0.005983
17.6600	-0.004988
17.6650	-0.003944
17.6700	-0.002998
17.6750	-0.002416
17.6800	-0.001963
17.6850	-0.001396
17.6900	-0.000833
17.6950	-0.000376
17.7000	-0.000070
17.7050	0.000029
17.7100	-0.000238
17.7150	-0.000902
17.7200	-0.001731
17.7250	-0.002450
17.7300	-0.003072
17.7350	-0.003763
17.7400	-0.004649
17.7450	-0.005649
17.7500	-0.006494
17.7550	-0.007152
17.7600	-0.007590
17.7650	-0.007866
17.7700	-0.008210
17.7750	-0.008525
17.7800	-0.008652
17.7850	-0.008572
17.7900	-0.008282
17.7950	-0.007883
17.8000	-0.007337
17.8050	-0.006635
17.8100	-0.005766
17.8150	-0.004694
17.8200	-0.003694
17.8250	-0.002819
17.8300	-0.001780
17.8350	-0.000572
17.8400	0.000547
17.8450	0.001359
17.8500	0.001906
17.8550	0.002280
17.8600	0.002491
17.8650	0.002719
17.8700	0.002877
17.8750	0.002926
17.8800	0.002919
17.8850	0.002585
17.8900	0.001927
17.8950	0.000894
17.9000	-0.000527
17.9050	-0.001903
17.9100	-0.003235
17.9150	-0.004626
17.9200	-0.005770
17.9250	-0.006554
17.9300	-0.007042
17.9350	-0.007342
17.9400	-0.007666
17.9450	-0.008175
17.9500	-0.008836
17.9550	-0.009707
17.9600	-0.010732
17.9650	-0.011692
17.9700	-0.012659
17.9750	-0.013625
17.9800	-0.014558
17.9850	-0.015640
17.9900	-0.016837
17.9950	-0.018083
18.0000	-0.019364
18.0050	-0.020567
18.0100	-0.021585
18.0150	-0.022350
18.0200	-0.022896
18.0250	-0.023135
18.0300	-0.023079
18.0350	-0.022790
18.0400	-0.022251
18.0450	-0.021558
18.0500	-0.020661
18.0550	-0.019747
18.0600	-0.019038
18.0650	-0.018363
18.0700	-0.017823
18.0750	-0.017559
18.0800	-0.017417
18.0850	-0.017428
18.0900	-0.017583
18.0950	-0.017921
18.1000	-0.018443
18.1050	-0.018945
18.1100	-0.019458
18.1150	-0.019739
18.1200	-0.019546
18.1250	-0.019038
18.1300	-0.018270
18.1350	-0.017390
18.1400	-0.016531
18.1450	-0.015578
18.1500	-0.014531
18.1550	-0.013370
18.1600	-0.012004
18.1650	-0.010559
18.1700	-0.009025
18.1750	-0.007311
18.1800	-0.005569
18.1850	-0.004085
18.1900	-0.002884
18.1950	-0.001711
18.2000	-0.000406
18.2050	0.001167
18.2100	0.002918
18.2150	0.004620
18.2200	0.006242
18.2250	0.007626
18.2300	0.008729
18.2350	0.009611
18.2400	0.010285
18.2450	0.010787
18.2500	0.011161
18.2550	0.011528
18.2600	0.011994
18.2650	0.012595
18.2700	0.013238
18.2750	0.013884
18.2800	0.014578
18.2850	0.015250
18.2900	0.015799
18.2950	0.016285
18.3000	0.016689
18.3050	0.016958
18.3100	0.017077
18.3150	0.016835
18.3200	0.016226
18.3250	0.015535
18.3300	0.014669
18.3350	0.013652
18.3400	0.012830
18.3450	0.012122
18.3500	0.011402
18.3550	0.010868
18.3600	0.010535
18.3650	0.010310
18.3700	0.010161
18.3750	0.009987
18.3800	0.009776
18.3850	0.009524
18.3900	0.009176
18.3950	0.008745
18.4000	0.008380
18.4050	0.008100
18.4100	0.007845
18.4150	0.007653
18.4200	0.007441
18.4250	0.007172
18.4300	0.006916
18.4350	0.006604
18.4400	0.006180
18.4450	0.005643
18.4500	0.005015
18.4550	0.004383
18.4600	0.003815
18.4650	0.003443
18.4700	0.003375
18.4750	0.003572
18.4800	0.003862
18.4850	0.004022
18.4900	0.003887
18.4950	0.003522
18.5000	0.003021
18.5050	0.002397
18.5100	0.001866
18.5150	0.001407
18.5200	0.000804
18.5250	0.000129
18.5300	-0.000608
18.5350	-0.001337
18.5400	-0.001896
18.5450	-0.002403
18.5500	-0.002785
18.5550	-0.002927
18.5600	-0.002973
18.5650	-0.002784
18.5700	-0.002244
18.5750	-0.001405
18.5800	-0.000265
18.5850	0.001022
18.5900	0.002379
18.5950	0.003709
18.6000	0.004963
18.6050	0.006281
18.6100	0.007632
18.6150	0.009079
18.6200	0.010679
18.6250	0.012299
18.6300	0.013819
18.6350	0.015219
18.6400	0.016393
18.6450	0.017164
18.6500	0.017527
18.6550	0.017619
18.6600	0.017602
18.6650	0.017519
18.6700	0.017350
18.6750	0.016949
18.6800	0.016335
18.6850	0.015680
18.6900	0.014911
18.6950	0.013973
18.7000	0.013012
18.7050	0.012039
18.7100	0.010983
18.7150	0.009828
18.7200	0.008425
18.7250	0.006872
18.7300	0.005487
18.7350	0.004233
18.7400	0.003200
18.7450	0.002468
18.7500	0.001888
18.7550	0.001540
18.7600	0.001452
18.7650	0.001594
18.7700	0.002104
18.7750	0.003058
18.7800	0.004283
18.7850	0.005450
18.7900	0.006319
18.7950	0.006999
18.8000	0.007634
18.8050	0.008231
18.8100	0.008666
18.8150	0.008855
18.8200	0.008746
18.8250	0.008290
18.8300	0.007625
18.8350	0.006937
18.8400	0.006333
18.8450	0.005667
18.8500	0.004830
18.8550	0.003764
18.8600	0.002455
18.8650	0.001132
18.8700	-0.000065
18.8750	-0.001146
18.8800	-0.002031
18.8850	-0.002616
18.8900	-0.003091
18.8950	-0.003711
18.9000	-0.004253
18.9050	-0.004263
18.9100	-0.003743
18.9150	-0.003050
18.9200	-0.002496
18.9250	-0.002238
18.9300	-0.002223
18.9350	-0.002284
18.9400	-0.002294
18.9450	-0.002243
18.9500	-0.002192
18.9550	-0.002205
18.9600	-0.002252
18.9650	-0.002220
18.9700	-0.002150
18.9750	-0.002159
18.9800	-0.002176
18.9850	-0.002180
18.9900	-0.002265
18.9950	-0.002341
19.0000	-0.002513
19.0050	-0.002944
19.0100	-0.003395
19.0150	-0.003913
19.0200	-0.004606
19.0250	-0.005297
19.0300	-0.005850
19.0350	-0.006133
19.0400	-0.006219
19.0450	-0.006245
19.0500	-0.006232
19.0550	-0.006215
19.0600	-0.006132
19.0650	-0.005962
19.0700	-0.005830
19.0750	-0.005871
19.0800	-0.006119
19.0850	-0.006580
19.0900	-0.007299
19.0950	-0.008244
19.1000	-0.009374
19.1050	-0.010619
19.1100	-0.011784
19.1150	-0.012780
19.1200	-0.013532
19.1250	-0.013999
19.1300	-0.014387
19.1350	-0.014710
19.1400	-0.014990
19.1450	-0.015244
19.1500	-0.015387
19.1550	-0.015600
19.1600	-0.015992
19.1650	-0.016497
19.1700	-0.016891
19.1750	-0.016929
19.1800	-0.016735
19.1850	-0.016426
19.1900	-0.015819
19.1950	-0.014847
19.2000	-0.013639
19.2050	-0.012401
19.2100	-0.011270
19.2150	-0.010370
19.2200	-0.009784
19.2250	-0.009422
19.2300	-0.009205
19.2350	-0.009000
19.2400	-0.008836
19.2450	-0.008868
19.2500	-0.009054
19.2550	-0.009316
19.2600	-0.009756
19.2650	-0.010302
19.2700	-0.010792
19.2750	-0.011452
19.2800	-0.012247
19.2850	-0.012978
19.2900	-0.013635
19.2950	-0.014023
19.3000	-0.014127
19.3050	-0.013924
19.3100	-0.013385
19.3150	-0.012695
19.3200	-0.011693
19.3250	-0.010358
19.3300	-0.008747
19.3350	-0.006792
19.3400	-0.004644
19.3450	-0.002288
19.3500	0.000083
19.3550	0.002236
19.3600	0.004019
19.3650	0.005071
19.3700	0.005457
19.3750	0.005387
19.3800	0.004987
19.3850	0.004424
19.3900	0.003792
19.3950	0.003088
19.4000	0.002528
19.4050	0.002462
19.4100	0.002962
19.4150	0.003899
19.4200	0.005068
19.4250	0.006545
19.4300	0.008220
19.4350	0.009754
19.4400	0.011172
19.4450	0.012484
19.4500	0.013479
19.4550	0.014139
19.4600	0.014765
19.4650	0.015337
19.4700	0.015675
19.4750	0.015788
19.4800	0.015746
19.4850	0.015770
19.4900	0.015874
19.4950	0.015838
19.5000	0.015667
19.5050	0.015435
19.5100	0.015241
19.5150	0.015234
19.5200	0.015234
19.5250	0.015191
19.5300	0.015120
19.5350	0.014881
19.5400	0.014545
19.5450	0.014132
19.5500	0.013573
19.5550	0.012901
19.5600	0.012109
19.5650	0.011262
19.5700	0.010501
19.5750	0.009922
19.5800	0.009724
19.5850	0.009927
19.5900	0.010231
19.5950	0.010414
19.6000	0.010441
19.6050	0.010338
19.6100	0.010222
19.6150	0.010101
19.6200	0.009917
19.6250	0.009782
19.6300	0.009724
19.6350	0.009764
19.6400	0.009847
19.6450	0.009786
19.6500	0.009603
19.6550	0.009337
19.6600	0.008967
19.6650	0.008494
19.6700	0.007857
19.6750	0.007034
19.6800	0.006153
19.6850	0.005294
19.6900	0.004380
19.6950	0.003411
19.7000	0.002551
19.7050	0.001894
19.7100	0.001436
19.7150	0.001180
19.7200	0.001102
19.7250	0.001214
19.7300	0.001445
19.7350	0.001730
19.7400	0.002230
19.7450	0.002891
19.7500	0.003553
19.7550	0.004253
19.7600	0.004879
19.7650	0.005373
19.7700	0.005651
19.7750	0.005585
19.7800	0.005372
19.7850	0.005055
19.7900	0.004572
19.7950	0.004063
19.8000	0.003556
19.8050	0.003089
19.8100	0.002785
19.8150	0.002655
19.8200	0.002695
19.8250	0.002832
19.8300	0.002909
19.8350	0.002998
19.8400	0.003280
19.8450	0.003649
19.8500	0.003930
19.8550	0.003943
19.8600	0.003653
19.8650	0.003188
19.8700	0.002562
19.8750	0.001867
19.8800	0.001262
19.8850	0.000801
19.8900	0.000373
19.8950	-0.000135
19.9000	-0.000704
19.9050	-0.001218
19.9100	-0.001634
19.9150	-0.002141
19.9200	-0.003097
19.9250	-0.004586
19.9300	-0.006177
19.9350	-0.007570
19.9400	-0.008745
19.9450	-0.009783
19.9500	-0.010844
19.9550	-0.011744
19.9600	-0.012308
19.9650	-0.012610
19.9700	-0.012668
19.9750	-0.012546
19.9800	-0.012191
19.9850	-0.011605
19.9900	-0.010973
19.9950	-0.010150
20.0000	-0.009000
20.0050	-0.007718
20.0100	-0.006527
20.0150	-0.005611
20.0200	-0.005165
20.0250	-0.005174
20.0300	-0.005425
20.0350	-0.005806
20.0400	-0.006267
20.0450	-0.006842
20.0500	-0.007511
20.0550	-0.008013
20.0600	-0.007874
20.0650	-0.007050
20.0700	-0.006036
20.0750	-0.004991
20.0800	-0.003743
20.0850	-0.002483
20.0900	-0.001362
20.0950	-0.000258
20.1000	0.000688
20.1050	0.001391
20.1100	0.001854
20.1150	0.001965
20.1200	0.001702
20.1250	0.001071
20.1300	0.000056
20.1350	-0.001313
20.1400	-0.002871
20.1450	-0.004341
20.1500	-0.005739
20.1550	-0.007149
20.1600	-0.008484
20.1650	-0.009665
20.1700	-0.010632
20.1750	-0.011438
20.1800	-0.012074
20.1850	-0.012515
20.1900	-0.012747
20.1950	-0.012797
20.2000	-0.012791
20.2050	-0.012741
20.2100	-0.012671
20.2150	-0.012558
20.2200	-0.012356
20.2250	-0.012107
20.2300	-0.011627
20.2350	-0.010975
20.2400	-0.010108
20.2450	-0.008710
20.2500	-0.007107
20.2550	-0.005468
20.2600	-0.004009
20.2650	-0.003051
20.2700	-0.002160
20.2750	-0.001095
20.2800	0.000001
20.2850	0.001161
20.2900	0.002557
20.2950	0.004136
20.3000	0.005681
20.3050	0.007345
20.3100	0.009056
20.3150	0.010718
20.3200	0.012598
20.3250	0.014336
20.3300	0.015631
20.3350	0.016627
20.3400	0.017315
20.3450	0.017609
20.3500	0.017575
20.3550	0.017472
20.3600	0.017217
20.3650	0.016695
20.3700	0.016056
20.3750	0.015259
20.3800	0.014352
20.3850	0.013437
20.3900	0.012479
20.3950	0.011551
20.4000	0.010735
20.4050	0.010085
20.4100	0.009391
20.4150	0.008591
20.4200	0.007853
20.4250	0.007115
20.4300	0.006372
20.4350	0.005606
20.4400	0.004840
20.4450	0.004168
20.4500	0.003521
20.4550	0.002887
20.4600	0.002358
20.4650	0.001955
20.4700	0.001611
20.4750	0.001339
20.4800	0.001020
20.4850	0.000488
20.4900	-0.000155
20.4950	-0.001005
20.5000	-0.002049
20.5050	-0.003096
20.5100	-0.004167
20.5150	-0.005322
20.5200	-0.006483
20.5250	-0.007367
20.5300	-0.007834
20.5350	-0.007909
20.5400	-0.007587
20.5450	-0.006780
20.5500	-0.005578
20.5550	-0.004110
20.5600	-0.002613
20.5650	-0.001290
20.5700	0.000073
20.5750	0.001452
20.5800	0.002763
20.5850	0.004146
20.5900	0.005505
20.5950	0.006619
20.6000	0.007300
20.6050	0.007548
20.6100	0.007382
20.6150	0.007020
20.6200	0.006754
20.6250	0.006361
20.6300	0.005927
20.6350	0.005595
20.6400	0.005216
20.6450	0.004859
20.6500	0.004508
20.6550	0.004065
20.6600	0.003689
20.6650	0.003418
20.6700	0.003084
20.6750	0.002506
20.6800	0.001668
20.6850	0.000782
20.6900	-0.000220
20.6950	-0.001209
20.7000	-0.001968
20.7050	-0.002780
20.7100	-0.003694
20.7150	-0.004504
20.7200	-0.005113
20.7250	-0.005396
20.7300	-0.005481
20.7350	-0.005439
20.7400	-0.005223
20.7450	-0.004903
20.7500	-0.004302
20.7550	-0.003418
20.7600	-0.002356
20.7650	-0.001089
20.7700	0.000313
20.7750	0.001722
20.7800	0.002998
20.7850	0.004216
20.7900	0.005416
20.7950	0.006360
20.8000	0.007020
20.8050	0.007448
20.8100	0.007497
20.8150	0.007356
20.8200	0.007156
20.8250	0.006631
20.8300	0.005861
20.8350	0.004967
20.8400	0.003872
20.8450	0.002774
20.8500	0.001719
20.8550	0.000560
20.8600	-0.000616
20.8650	-0.001911
20.8700	-0.003375
20.8750	-0.004831
20.8800	-0.006235
20.8850	-0.007391
20.8900	-0.007870
20.8950	-0.007452
20.9000	-0.006205
20.9050	-0.004267
20.9100	-0.002053
20.9150	0.000121
20.9200	0.002271
20.9250	0.004271
20.9300	0.005795
20.9350	0.006644
20.9400	0.006855
20.9450	0.006496
20.9500	0.005698
20.9550	0.004558
20.9600	0.003163
20.9650	0.001737
20.9700	0.000313
20.9750	-0.001160
20.9800	-0.002630
20.9850	-0.004164
20.9900	-0.005754
20.9950	-0.007235
21.0000	-0.008359
21.0050	-0.008962
21.0100	-0.009097
21.0150	-0.008917
21.0200	-0.008534
21.0250	-0.007687
21.0300	-0.006230
21.0350	-0.004540
21.0400	-0.002729
21.0450	-0.000959
21.0500	0.000407
21.0550	0.001390
21.0600	0.002057
21.0650	0.002326
21.0700	0.002232
21.0750	0.001986
21.0800	0.001615
21.0850	0.000998
21.0900	0.000408
21.0950	-0.000089
21.1000	-0.000723
21.1050	-0.001312
21.1100	-0.001791
21.1150	-0.002139
21.1200	-0.002344
21.1250	-0.002493
21.1300	-0.002496
21.1350	-0.002316
21.1400	-0.002003
21.1450	-0.001582
21.1500	-0.001021
21.1550	-0.000327
21.1600	0.000363
21.1650	0.001093
21.1700	0.001921
21.1750	0.002764
21.1800	0.003499
21.1850	0.003905
21.1900	0.004057
21.1950	0.004120
21.2000	0.004077
21.2050	0.003760
21.2100	0.003260
21.2150	0.002697
21.2200	0.001869
21.2250	0.000859
21.2300	-0.000264
21.2350	-0.001504
21.2400	-0.002590
21.2450	-0.003386
21.2500	-0.003910
21.2550	-0.004048
21.2600	-0.003742
21.2650	-0.003146
21.2700	-0.002424
21.2750	-0.001562
21.2800	-0.000656
21.2850	0.000122
21.2900	0.000673
21.2950	0.000930
21.3000	0.000757
21.3050	0.000244
21.3100	-0.000365
21.3150	-0.001150
21.3200	-0.002054
21.3250	-0.002749
21.3300	-0.002910
21.3350	-0.002518
21.3400	-0.001679
21.3450	-0.000409
21.3500	0.001198
21.3550	0.002910
21.3600	0.004688
21.3650	0.006398
21.3700	0.007695
21.3750	0.008633
21.3800	0.009355
21.3850	0.009917
21.3900	0.010323
21.3950	0.010571
21.4000	0.010770
21.4050	0.011016
21.4100	0.011139
21.4150	0.011267
21.4200	0.011576
21.4250	0.011690
21.4300	0.011533
21.4350	0.011067
21.4400	0.010160
21.4450	0.008968
21.4500	0.007604
21.4550	0.006087
21.4600	0.004400
21.4650	0.002728
21.4700	0.001078
21.4750	-0.000573
21.4800	-0.002073
21.4850	-0.003474
21.4900	-0.004555
21.4950	-0.005243
21.5000	-0.005660
21.5050	-0.005837
21.5100	-0.005949
21.5150	-0.005960
21.5200	-0.005694
21.5250	-0.005154
21.5300	-0.004684
21.5350	-0.004312
21.5400	-0.003838
21.5450	-0.003494
21.5500	-0.003313
21.5550	-0.003208
21.5600	-0.003202
21.5650	-0.003203
21.5700	-0.003463
21.5750	-0.004002
21.5800	-0.004461
21.5850	-0.004931
21.5900	-0.005530
21.5950	-0.006220
21.6000	-0.006766
21.6050	-0.007024
21.6100	-0.007141
21.6150	-0.006954
21.6200	-0.006428
21.6250	-0.005606
21.6300	-0.004653
21.6350	-0.003992
21.6400	-0.003566
21.6450	-0.003189
21.6500	-0.002974
21.6550	-0.002796
21.6600	-0.002324
21.6650	-0.001518
21.6700	-0.000717
21.6750	-0.000083
21.6800	0.000542
21.6850	0.001116
21.6900	0.001587
21.6950	0.002127
21.7000	0.002681
21.7050	0.002637
21.7100	0.002053
21.7150	0.001479
21.7200	0.000946
21.7250	0.000658
21.7300	0.000871
21.7350	0.001533
21.7400	0.002514
21.7450	0.003692
21.7500	0.005037
21.7550	0.006395
21.7600	0.007669
21.7650	0.008905
21.7700	0.009861
21.7750	0.010333
21.7800	0.010468
21.7850	0.010281
21.7900	0.009668
21.7950	0.008841
21.8000	0.007738
21.8050	0.006411
21.8100	0.005178
21.8150	0.004047
21.8200	0.003076
21.8250	0.002208
21.8300	0.001368
21.8350	0.000606
21.8400	-0.000138
21.8450	-0.000723
21.8500	-0.000977
21.8550	-0.000923
21.8600	-0.000443
21.8650	0.000564
21.8700	0.002028
21.8750	0.003836
21.8800	0.005724
21.8850	0.007558
21.8900	0.009258
21.8950	0.010641
21.9000	0.011787
21.9050	0.012611
21.9100	0.013006
21.9150	0.013120
21.9200	0.012983
21.9250	0.012495
21.9300	0.011695
21.9350	0.010788
21.9400	0.009794
21.9450	0.008786
21.9500	0.007796
21.9550	0.006730
21.9600	0.005626
21.9650	0.004468
21.9700	0.003394
21.9750	0.002554
21.9800	0.001734
21.9850	0.000853
21.9900	-0.000092
21.9950	-0.001171
22.0000	-0.002194
22.0050	-0.002961
22.0100	-0.003594
22.0150	-0.004204
22.0200	-0.004946
22.0250	-0.005919
22.0300	-0.006843
22.0350	-0.007593
22.0400	-0.008081
22.0450	-0.008455
22.0500	-0.008961
22.0550	-0.009390
22.0600	-0.009756
22.0650	-0.010007
22.0700	-0.010178
22.0750	-0.010739
22.0800	-0.011517
22.0850	-0.012308
22.0900	-0.013150
22.0950	-0.013854
22.1000	-0.014493
22.1050	-0.015194
22.1100	-0.015718
22.1150	-0.015793
22.1200	-0.015563
22.1250	-0.015273
22.1300	-0.015171
22.1350	-0.015409
22.1400	-0.015905
22.1450	-0.016326
22.1500	-0.016539
22.1550	-0.016629
22.1600	-0.016529
22.1650	-0.016414
22.1700	-0.016277
22.1750	-0.016121
22.1800	-0.015846
22.1850	-0.015103
22.1900	-0.014114
22.1950	-0.013118
22.2000	-0.012082
22.2050	-0.011101
22.2100	-0.010257
22.2150	-0.009510
22.2200	-0.008886
22.2250	-0.008413
22.2300	-0.007952
22.2350	-0.007393
22.2400	-0.006766
22.2450	-0.006045
22.2500	-0.005195
22.2550	-0.004315
22.2600	-0.003574
22.2650	-0.002826
22.2700	-0.002031
22.2750	-0.001426
22.2800	-0.001049
22.2850	-0.000858
22.2900	-0.000862
22.2950	-0.001059
22.3000	-0.001244
22.3050	-0.001285
22.3100	-0.001161
22.3150	-0.000819
22.3200	-0.000221
22.3250	0.000536
22.3300	0.001346
22.3350	0.002401
22.3400	0.003820
22.3450	0.005503
22.3500	0.007477
22.3550	0.009485
22.3600	0.011243
22.3650	0.012940
22.3700	0.014478
22.3750	0.015771
22.3800	0.016797
22.3850	0.017432
22.3900	0.017810
22.3950	0.017847
22.4000	0.017602
22.4050	0.017265
22.4100	0.016852
22.4150	0.016466
22.4200	0.016019
22.4250	0.015277
22.4300	0.014288
22.4350	0.013245
22.4400	0.012128
22.4450	0.011005
22.4500	0.009877
22.4550	0.008741
22.4600	0.007709
22.4650	0.006802
22.4700	0.006108
22.4750	0.005626
22.4800	0.005405
22.4850	0.005470
22.4900	0.005680
22.4950	0.005953
22.5000	0.006359
22.5050	0.006965
22.5100	0.007572
22.5150	0.007909
22.5200	0.007917
22.5250	0.007605
22.5300	0.007027
22.5350	0.006309
22.5400	0.005555
22.5450	0.004886
22.5500	0.004328
22.5550	0.003820
22.5600	0.003440
22.5650	0.003359
22.5700	0.003580
22.5750	0.004008
22.5800	0.004610
22.5850	0.005314
22.5900	0.005896
22.5950	0.006279
22.6000	0.006487
22.6050	0.006455
22.6100	0.006213
22.6150	0.005766
22.6200	0.005000
22.6250	0.003930
22.6300	0.002705
22.6350	0.001379
22.6400	0.000141
22.6450	-0.000897
22.6500	-0.001802
22.6550	-0.002571
22.6600	-0.003223
22.6650	-0.003658
22.6700	-0.003884
22.6750	-0.004092
22.6800	-0.004269
22.6850	-0.004361
22.6900	-0.004349
22.6950	-0.004172
22.7000	-0.003877
22.7050	-0.003446
22.7100	-0.002889
22.7150	-0.002326
22.7200	-0.001824
22.7250	-0.001310
22.7300	-0.000776
22.7350	-0.000239
22.7400	0.000321
22.7450	0.000884
22.7500	0.001483
22.7550	0.001865
22.7600	0.001845
22.7650	0.001535
22.7700	0.001044
22.7750	0.000428
22.7800	-0.000296
22.7850	-0.001015
22.7900	-0.001645
22.7950	-0.002189
22.8000	-0.002570
22.8050	-0.002792
22.8100	-0.002901
22.8150	-0.002777
22.8200	-0.002361
22.8250	-0.001632
22.8300	-0.000691
22.8350	0.000341
22.8400	0.001270
22.8450	0.001912
22.8500	0.002525
22.8550	0.003060
22.8600	0.003272
22.8650	0.003249
22.8700	0.003104
22.8750	0.002906
22.8800	0.002723
22.8850	0.002553
22.8900	0.002173
22.8950	0.001501
22.9000	0.000776
22.9050	0.000046
22.9100	-0.000747
22.9150	-0.001550
22.9200	-0.002378
22.9250	-0.003233
22.9300	-0.003985
22.9350	-0.004465
22.9400	-0.004639
22.9450	-0.004679
22.9500	-0.004614
22.9550	-0.004299
22.9600	-0.003696
22.9650	-0.002782
22.9700	-0.001649
22.9750	-0.000449
22.9800	0.000692
22.9850	0.001730
22.9900	0.002693
22.9950	0.003422
23.0000	0.003845
23.0050	0.004009
23.0100	0.003935
23.0150	0.003578
23.0200	0.002863
23.0250	0.001917
23.0300	0.000884
23.0350	-0.000162
23.0400	-0.001294
23.0450	-0.002514
23.0500	-0.003614
23.0550	-0.004607
23.0600	-0.005660
23.0650	-0.006788
23.0700	-0.007853
23.0750	-0.008798
23.0800	-0.009645
23.0850	-0.010498
23.0900	-0.011471
23.0950	-0.012374
23.1000	-0.013129
23.1050	-0.013907
23.1100	-0.014671
23.1150	-0.015365
23.1200	-0.016050
23.1250	-0.016607
23.1300	-0.016851
23.1350	-0.016722
23.1400	-0.016183
23.1450	-0.015312
23.1500	-0.014151
23.1550	-0.012754
23.1600	-0.011357
23.1650	-0.009990
23.1700	-0.008646
23.1750	-0.007496
23.1800	-0.006630
23.1850	-0.006086
23.1900	-0.005918
23.1950	-0.006007
23.2000	-0.006241
23.2050	-0.006692
23.2100	-0.007260
23.2150	-0.007670
23.2200	-0.007871
23.2250	-0.008048
23.2300	-0.008182
23.2350	-0.008284
23.2400	-0.008428
23.2450	-0.008419
23.2500	-0.008175
23.2550	-0.007665
23.2600	-0.006777
23.2650	-0.005715
23.2700	-0.004667
23.2750	-0.003544
23.2800	-0.002341
23.2850	-0.001022
23.2900	0.000550
23.2950	0.002299
23.3000	0.003979
23.3050	0.005386
23.3100	0.006464
23.3150	0.007347
23.3200	0.008063
23.3250	0.008614
23.3300	0.009026
23.3350	0.009281
23.3400	0.009419
23.3450	0.009519
23.3500	0.009794
23.3550	0.010289
23.3600	0.010849
23.3650	0.011361
23.3700	0.011718
23.3750	0.012035
23.3800	0.012328
23.3850	0.012475
23.3900	0.012444
23.3950	0.012137
23.4000	0.011704
23.4050	0.011100
23.4100	0.010242
23.4150	0.009360
23.4200	0.008577
23.4250	0.007931
23.4300	0.007244
23.4350	0.006439
23.4400	0.005635
23.4450	0.004865
23.4500	0.004080
23.4550	0.003143
23.4600	0.002096
23.4650	0.001084
23.4700	0.000223
23.4750	-0.000374
23.4800	-0.000707
23.4850	-0.000790
23.4900	-0.000683
23.4950	-0.000381
23.5000	0.000185
23.5050	0.000960
23.5100	0.001696
23.5150	0.002112
23.5200	0.002215
23.5250	0.002086
23.5300	0.001781
23.5350	0.001328
23.5400	0.000804
23.5450	0.000436
23.5500	0.000281
23.5550	0.000328
23.5600	0.000724
23.5650	0.001486
23.5700	0.002429
23.5750	0.003240
23.5800	0.003621
23.5850	0.003667
23.5900	0.003571
23.5950	0.003450
23.6000	0.003456
23.6050	0.003621
23.6100	0.003768
23.6150	0.003817
23.6200	0.003975
23.6250	0.004317
23.6300	0.004799
23.6350	0.005212
23.6400	0.005342
23.6450	0.005265
23.6500	0.005019
23.6550	0.004572
23.6600	0.004025
23.6650	0.003509
23.6700	0.002860
23.6750	0.001920
23.6800	0.000844
23.6850	-0.000105
23.6900	-0.000876
23.6950	-0.001530
23.7000	-0.002088
23.7050	-0.002466
23.7100	-0.002570
23.7150	-0.002549
23.7200	-0.002568
23.7250	-0.002814
23.7300	-0.003331
23.7350	-0.003901
23.7400	-0.004290
23.7450	-0.004492
23.7500	-0.004746
23.7550	-0.005103
23.7600	-0.005435
23.7650	-0.005661
23.7700	-0.005771
23.7750	-0.005909
23.7800	-0.006212
23.7850	-0.006637
23.7900	-0.007122
23.7950	-0.007690
23.8000	-0.008343
23.8050	-0.009150
23.8100	-0.010042
23.8150	-0.010767
23.8200	-0.011296
23.8250	-0.011641
23.8300	-0.011791
23.8350	-0.011828
23.8400	-0.011835
23.8450	-0.011846
23.8500	-0.011799
23.8550	-0.011630
23.8600	-0.011301
23.8650	-0.010755
23.8700	-0.009876
23.8750	-0.008445
23.8800	-0.006630
23.8850	-0.004811
23.8900	-0.003040
23.8950	-0.001308
23.9000	0.000355
23.9050	0.001899
23.9100	0.003257
23.9150	0.004319
23.9200	0.004995
23.9250	0.005408
23.9300	0.005714
23.9350	0.006042
23.9400	0.006432
23.9450	0.006840
23.9500	0.007209
23.9550	0.007396
23.9600	0.007510
23.9650	0.007792
23.9700	0.008185
23.9750	0.008483
23.9800	0.008374
23.9850	0.007934
23.9900	0.007516
23.9950	0.007160
24.0000	0.006760
24.0050	0.006274
24.0100	0.005953
24.0150	0.005847
24.0200	0.005730
24.0250	0.005623
24.0300	0.005546
24.0350	0.005401
24.0400	0.005138
24.0450	0.004776
24.0500	0.004397
24.0550	0.003992
24.0600	0.003483
24.0650	0.002934
24.0700	0.002510
24.0750	0.002251
24.0800	0.002006
24.0850	0.001646
24.0900	0.001159
24.0950	0.000509
24.1000	-0.000388
24.1050	-0.001510
24.1100	-0.002758
24.1150	-0.003983
24.1200	-0.005019
24.1250	-0.005937
24.1300	-0.006831
24.1350	-0.007507
24.1400	-0.007818
24.1450	-0.007922
24.1500	-0.008032
24.1550	-0.008121
24.1600	-0.008057
24.1650	-0.007837
24.1700	-0.007483
24.1750	-0.007133
24.1800	-0.006911
24.1850	-0.006693
24.1900	-0.006400
24.1950	-0.005925
24.2000	-0.005358
24.2050	-0.004834
24.2100	-0.004194
24.2150	-0.003441
24.2200	-0.002626
24.2250	-0.001863
24.2300	-0.001404
24.2350	-0.001312
24.2400	-0.001569
24.2450	-0.002112
24.2500	-0.002662
24.2550	-0.002970
24.2600	-0.003015
24.2650	-0.002756
24.2700	-0.002235
24.2750	-0.001702
24.2800	-0.001258
24.2850	-0.000952
24.2900	-0.000771
24.2950	-0.000451
24.3000	0.000015
24.3050	0.000469
24.3100	0.001031
24.3150	0.001553
24.3200	0.001758
24.3250	0.001797
24.3300	0.001740
24.3350	0.001549
24.3400	0.001195
24.3450	0.000633
24.3500	-0.000075
24.3550	-0.000832
24.3600	-0.001580
24.3650	-0.002343
24.3700	-0.003151
24.3750	-0.003893
24.3800	-0.004348
24.3850	-0.004560
24.3900	-0.004711
24.3950	-0.004906
24.4000	-0.005168
24.4050	-0.005425
24.4100	-0.005651
24.4150	-0.005909
24.4200	-0.006174
24.4250	-0.006204
24.4300	-0.005851
24.4350	-0.005223
24.4400	-0.004553
24.4450	-0.003846
24.4500	-0.002913
24.4550	-0.001817
24.4600	-0.000585
24.4650	0.000835
24.4700	0.002215
24.4750	0.003365
24.4800	0.004374
24.4850	0.005206
24.4900	0.005853
24.4950	0.006433
24.5000	0.006950
24.5050	0.007441
24.5100	0.007818
24.5150	0.007963
24.5200	0.007981
24.5250	0.007981
24.5300	0.007976
24.5350	0.008001
24.5400	0.007984
24.5450	0.007827
24.5500	0.007503
24.5550	0.007024
24.5600	0.006513
24.5650	0.006016
24.5700	0.005524
24.5750	0.005064
24.5800	0.004569
24.5850	0.003934
24.5900	0.003224
24.5950	0.002561
24.6000	0.001942
24.6050	0.001318
24.6100	0.000660
24.6150	0.000022
24.6200	-0.000558
24.6250	-0.001174
24.6300	-0.001813
24.6350	-0.002324
24.6400	-0.002643
24.6450	-0.002789
24.6500	-0.002738
24.6550	-0.002506
24.6600	-0.002156
24.6650	-0.001764
24.6700	-0.001413
24.6750	-0.001230
24.6800	-0.001302
24.6850	-0.001703
24.6900	-0.002554
24.6950	-0.003693
24.7000	-0.004797
24.7050	-0.005687
24.7100	-0.006469
24.7150	-0.007370
24.7200	-0.008445
24.7250	-0.009473
24.7300	-0.010140
24.7350	-0.010345
24.7400	-0.010185
24.7450	-0.009725
24.7500	-0.008784
24.7550	-0.007355
24.7600	-0.005741
24.7650	-0.004160
24.7700	-0.002682
24.7750	-0.001356
24.7800	-0.000253
24.7850	0.000637
24.7900	0.001424
24.7950	0.002223
24.8000	0.002997
24.8050	0.003629
24.8100	0.004177
24.8150	0.004735
24.8200	0.005359
24.8250	0.005949
24.8300	0.006158
24.8350	0.005932
24.8400	0.005362
24.8450	0.004344
24.8500	0.002912
24.8550	0.001332
24.8600	-0.000143
24.8650	-0.001449
24.8700	-0.002517
24.8750	-0.003294
24.8800	-0.003805
24.8850	-0.004090
24.8900	-0.004315
24.8950	-0.004600
24.9000	-0.004882
24.9050	-0.005096
24.9100	-0.005207
24.9150	-0.005270
24.9200	-0.005224
24.9250	-0.004959
24.9300	-0.004598
24.9350	-0.004296
24.9400	-0.004107
24.9450	-0.003993
24.9500	-0.003855
24.9550	-0.003569
24.9600	-0.003224
24.9650	-0.002961
24.9700	-0.002733
24.9750	-0.002511
24.9800	-0.002166
24.9850	-0.001575
24.9900	-0.000770
24.9950	0.000222
25.0000	0.001319
25.0050	0.002509
25.0100	0.003847
25.0150	0.005288
25.0200	0.006805
25.0250	0.008385
25.0300	0.009959
25.0350	0.011561
25.0400	0.013231
25.0450	0.014885
25.0500	0.016392
25.0550	0.017782
25.0600	0.019212
25.0650	0.020550
25.0700	0.021624
25.0750	0.022391
25.0800	0.022740
25.0850	0.022770
25.0900	0.022707
25.0950	0.022441
25.1000	0.021769
25.1050	0.020677
25.1100	0.019237
25.1150	0.017700
25.1200	0.016309
25.1250	0.015052
25.1300	0.013735
25.1350	0.012177
25.1400	0.010458
25.1450	0.008699
25.1500	0.006921
25.1550	0.005167
25.1600	0.003464
25.1650	0.001892
25.1700	0.000407
25.1750	-0.000911
25.1800	-0.001880
25.1850	-0.002712
25.1900	-0.003582
25.1950	-0.004457
25.2000	-0.005275
25.2050	-0.006159
25.2100	-0.007238
25.2150	-0.008360
25.2200	-0.009276
25.2250	-0.009917
25.2300	-0.010486
25.2350	-0.011181
25.2400	-0.012041
25.2450	-0.012881
25.2500	-0.013574
25.2550	-0.014246
25.2600	-0.014944
25.2650	-0.015600
25.2700	-0.016172
25.2750	-0.016743
25.2800	-0.017336
25.2850	-0.017746
25.2900	-0.017876
25.2950	-0.017839
25.3000	-0.017723
25.3050	-0.017425
25.3100	-0.016796
25.3150	-0.015835
25.3200	-0.014630
25.3250	-0.013410
25.3300	-0.012261
25.3350	-0.011121
25.3400	-0.009999
25.3450	-0.008873
25.3500	-0.007829
25.3550	-0.006886
25.3600	-0.005871
25.3650	-0.004818
25.3700	-0.003842
25.3750	-0.002808
25.3800	-0.001716
25.3850	-0.000697
25.3900	0.000183
25.3950	0.000896
25.4000	0.001400
25.4050	0.001693
25.4100	0.001887
25.4150	0.002057
25.4200	0.002309
25.4250	0.002604
25.4300	0.002743
25.4350	0.002684
25.4400	0.002488
25.4450	0.002259
25.4500	0.002087
25.4550	0.002002
25.4600	0.002029
25.4650	0.002064
25.4700	0.002050
25.4750	0.002015
25.4800	0.001997
25.4850	0.001980
25.4900	0.001940
25.4950	0.001901
25.5000	0.001819
25.5050	0.001869
25.5100	0.002248
25.5150	0.002896
25.5200	0.003682
25.5250	0.004557
25.5300	0.005528
25.5350	0.006501
25.5400	0.007344
25.5450	0.007896
25.5500	0.008139
25.5550	0.008186
25.5600	0.008055
25.5650	0.007850
25.5700	0.007608
25.5750	0.007396
25.5800	0.007351
25.5850	0.007330
25.5900	0.007154
25.5950	0.006703
25.6000	0.006028
25.6050	0.005359
25.6100	0.004695
25.6150	0.003907
25.6200	0.002953
25.6250	0.001976
25.6300	0.001146
25.6350	0.000426
25.6400	-0.000197
25.6450	-0.000651
25.6500	-0.000915
25.6550	-0.000952
25.6600	-0.000844
25.6650	-0.000749
25.6700	-0.000721
25.6750	-0.000726
25.6800	-0.000766
25.6850	-0.000872
25.6900	-0.000993
25.6950	-0.001164
25.7000	-0.001403
25.7050	-0.001636
25.7100	-0.001971
25.7150	-0.002590
25.7200	-0.003399
25.7250	-0.004204
25.7300	-0.004930
25.7350	-0.005532
25.7400	-0.006183
25.7450	-0.007027
25.7500	-0.007801
25.7550	-0.008202
25.7600	-0.008210
25.7650	-0.008071
25.7700	-0.008020
25.7750	-0.007984
25.7800	-0.007684
25.7850	-0.006998
25.7900	-0.006053
25.7950	-0.005159
25.8000	-0.004466
25.8050	-0.003725
25.8100	-0.002782
25.8150	-0.001775
25.8200	-0.001025
25.8250	-0.000749
25.8300	-0.000843
25.8350	-0.001215
25.8400	-0.001910
25.8450	-0.002815
25.8500	-0.003593
25.8550	-0.004083
25.8600	-0.004353
25.8650	-0.004506
25.8700	-0.004614
25.8750	-0.004610
25.8800	-0.004496
25.8850	-0.004406
25.8900	-0.004377
25.8950	-0.004365
25.9000	-0.004231
25.9050	-0.004039
25.9100	-0.003914
25.9150	-0.003711
25.9200	-0.003372
25.9250	-0.002749
25.9300	-0.001688
25.9350	-0.000286
25.9400	0.001395
25.9450	0.003240
25.9500	0.005103
25.9550	0.006733
25.9600	0.007830
25.9650	0.008344
25.9700	0.008257
25.9750	0.007772
25.9800	0.007139
25.9850	0.006351
25.9900	0.005422
25.9950	0.004450
26.0000	0.003716
26.0050	0.003353
26.0100	0.003282
26.0150	0.003429
26.0200	0.003775
26.0250	0.004376
26.0300	0.005184
26.0350	0.005932
26.0400	0.006300
26.0450	0.006332
26.0500	0.006229
26.0550	0.006118
26.0600	0.006187
26.0650	0.006422
26.0700	0.006781
26.0750	0.007216
26.0800	0.007656
26.0850	0.008086
26.0900	0.008266
26.0950	0.008097
26.1000	0.007709
26.1050	0.007323
26.1100	0.007158
26.1150	0.007203
26.1200	0.007237
26.1250	0.007130
26.1300	0.006847
26.1350	0.006332
26.1400	0.005811
26.1450	0.005484
26.1500	0.005263
26.1550	0.005011
26.1600	0.004747
26.1650	0.004562
26.1700	0.004398
26.1750	0.004182
26.1800	0.003816
26.1850	0.003107
26.1900	0.001938
26.1950	0.000409
26.2000	-0.001277
26.2050	-0.002940
26.2100	-0.004504
26.2150	-0.006009
26.2200	-0.007437
26.2250	-0.008619
26.2300	-0.009317
26.2350	-0.009378
26.2400	-0.008757
26.2450	-0.007602
26.2500	-0.006303
26.2550	-0.005289
26.2600	-0.004553
26.2650	-0.003767
26.2700	-0.002750
26.2750	-0.001630
26.2800	-0.000712
26.2850	-0.000109
26.2900	0.000186
26.2950	0.000255
26.3000	0.000043
26.3050	-0.000483
26.3100	-0.001180
26.3150	-0.002026
26.3200	-0.002940
26.3250	-0.003793
26.3300	-0.004539
26.3350	-0.005348
26.3400	-0.006393
26.3450	-0.007543
26.3500	-0.008682
26.3550	-0.009762
26.3600	-0.010587
26.3650	-0.011035
26.3700	-0.011171
26.3750	-0.010983
26.3800	-0.010437
26.3850	-0.009604
26.3900	-0.008762
26.3950	-0.008147
26.4000	-0.007633
26.4050	-0.007108
26.4100	-0.006568
26.4150	-0.006064
26.4200	-0.005639
26.4250	-0.005256
26.4300	-0.004837
26.4350	-0.004390
26.4400	-0.003965
26.4450	-0.003620
26.4500	-0.003524
26.4550	-0.003697
26.4600	-0.003977
26.4650	-0.004223
26.4700	-0.004374
26.4750	-0.004394
26.4800	-0.004354
26.4850	-0.004324
26.4900	-0.004274
26.4950	-0.004147
26.5000	-0.003910
26.5050	-0.003828
26.5100	-0.003997
26.5150	-0.004296
26.5200	-0.004606
26.5250	-0.004680
26.5300	-0.004502
26.5350	-0.004003
26.5400	-0.003126
26.5450	-0.002013
26.5500	-0.000819
26.5550	0.000282
26.5600	0.001252
26.5650	0.002156
26.5700	0.003015
26.5750	0.003716
26.5800	0.004212
26.5850	0.004693
26.5900	0.005209
26.5950	0.005540
26.6000	0.005630
26.6050	0.005595
26.6100	0.005562
26.6150	0.005541
26.6200	0.005410
26.6250	0.005110
26.6300	0.004662
26.6350	0.004129
26.6400	0.003505
26.6450	0.002735
26.6500	0.001717
26.6550	0.000379
26.6600	-0.001174
26.6650	-0.002763
26.6700	-0.004183
26.6750	-0.005428
26.6800	-0.006564
26.6850	-0.007456
26.6900	-0.007991
26.6950	-0.008132
26.7000	-0.008069
26.7050	-0.007871
26.7100	-0.007348
26.7150	-0.006581
26.7200	-0.005902
26.7250	-0.005339
26.7300	-0.004608
26.7350	-0.003651
26.7400	-0.002600
26.7450	-0.001690
26.7500	-0.001065
26.7550	-0.000538
26.7600	0.000002
26.7650	0.000476
26.7700	0.000851
26.7750	0.000958
26.7800	0.000762
26.7850	0.000362
26.7900	-0.000241
26.7950	-0.000819
26.8000	-0.001179
26.8050	-0.001373
26.8100	-0.001463
26.8150	-0.001464
26.8200	-0.001386
26.8250	-0.001222
26.8300	-0.000871
26.8350	-0.000210
26.8400	0.000760
26.8450	0.002021
26.8500	0.003406
26.8550	0.004659
26.8600	0.005787
26.8650	0.006854
26.8700	0.007784
26.8750	0.008525
26.8800	0.008964
26.8850	0.009017
26.8900	0.008896
26.8950	0.008683
26.9000	0.008260
26.9050	0.007587
26.9100	0.006618
26.9150	0.005283
26.9200	0.003648
26.9250	0.002013
26.9300	0.000598
26.9350	-0.000595
26.9400	-0.001638
26.9450	-0.002571
26.9500	-0.003290
26.9550	-0.003738
26.9600	-0.003941
26.9650	-0.003823
26.9700	-0.003476
26.9750	-0.003063
26.9800	-0.002589
26.9850	-0.002052
26.9900	-0.001471
26.9950	-0.000950
27.0000	-0.000505
27.0050	-0.000018
27.0100	0.000332
27.0150	0.000413
27.0200	0.000438
27.0250	0.000483
27.0300	0.000525
27.0350	0.000576
27.0400	0.000614
27.0450	0.000642
27.0500	0.000673
27.0550	0.000768
27.0600	0.001100
27.0650	0.001700
27.0700	0.002351
27.0750	0.002935
27.0800	0.003528
27.0850	0.004177
27.0900	0.004800
27.0950	0.005251
27.1000	0.005536
27.1050	0.005679
27.1100	0.005694
27.1150	0.005707
27.1200	0.005654
27.1250	0.005447
27.1300	0.005170
27.1350	0.004831
27.1400	0.004449
27.1450	0.004067
27.1500	0.003540
27.1550	0.002795
27.1600	0.001944
27.1650	0.001086
27.1700	0.000186
27.1750	-0.000746
27.1800	-0.001697
27.1850	-0.002715
27.1900	-0.003668
27.1950	-0.004402
27.2000	-0.004837
27.2050	-0.005009
27.2100	-0.004984
27.2150	-0.004779
27.2200	-0.004556
27.2250	-0.004402
27.2300	-0.004309
27.2350	-0.004392
27.2400	-0.004615
27.2450	-0.004890
27.2500	-0.005167
27.2550	-0.005327
27.2600	-0.005371
27.2650	-0.005344
27.2700	-0.005287
27.2750	-0.005128
27.2800	-0.004607
27.2850	-0.003651
27.2900	-0.002408
27.2950	-0.001074
27.3000	0.000214
27.3050	0.001488
27.3100	0.002698
27.3150	0.003795
27.3200	0.004894
27.3250	0.005963
27.3300	0.006914
27.3350	0.007790
27.3400	0.008506
27.3450	0.009002
27.3500	0.009266
27.3550	0.009276
27.3600	0.008990
27.3650	0.008331
27.3700	0.007299
27.3750	0.005900
27.3800	0.004256
27.3850	0.002596
27.3900	0.000978
27.3950	-0.000660
27.4000	-0.002169
27.4050	-0.003344
27.4100	-0.004228
27.4150	-0.004940
27.4200	-0.005530
27.4250	-0.006083
27.4300	-0.006655
27.4350	-0.007194
27.4400	-0.007591
27.4450	-0.007622
27.4500	-0.007160
27.4550	-0.006357
27.4600	-0.005556
27.4650	-0.004949
27.4700	-0.004384
27.4750	-0.003721
27.4800	-0.003006
27.4850	-0.002404
27.4900	-0.002098
27.4950	-0.002205
27.5000	-0.002584
27.5050	-0.002914
27.5100	-0.003136
27.5150	-0.003430
27.5200	-0.003838
27.5250	-0.004227
27.5300	-0.004475
27.5350	-0.004518
27.5400	-0.004476
27.5450	-0.004461
27.5500	-0.004471
27.5550	-0.004455
27.5600	-0.004258
27.5650	-0.003933
27.5700	-0.003659
27.5750	-0.003433
27.5800	-0.003165
27.5850	-0.002737
27.5900	-0.002086
27.5950	-0.001256
27.6000	-0.000334
27.6050	0.000691
27.6100	0.001962
27.6150	0.003491
27.6200	0.005143
27.6250	0.006770
27.6300	0.008250
27.6350	0.009464
27.6400	0.010352
27.6450	0.010941
27.6500	0.011190
27.6550	0.011159
27.6600	0.010911
27.6650	0.010418
27.6700	0.009804
27.6750	0.009354
27.6800	0.009184
27.6850	0.009127
27.6900	0.009084
27.6950	0.009062
27.7000	0.008957
27.7050	0.008539
27.7100	0.007892
27.7150	0.007312
27.7200	0.006872
27.7250	0.006478
27.7300	0.006056
27.7350	0.005612
27.7400	0.005004
27.7450	0.004068
27.7500	0.002838
27.7550	0.001413
27.7600	-0.000237
27.7650	-0.002105
27.7700	-0.003919
27.7750	-0.005500
27.7800	-0.006965
27.7850	-0.008287
27.7900	-0.009136
27.7950	-0.009444
27.8000	-0.009389
27.8050	-0.009082
27.8100	-0.008553
27.8150	-0.007777
27.8200	-0.006886
27.8250	-0.006085
27.8300	-0.005537
27.8350	-0.005212
27.8400	-0.004896
27.8450	-0.004432
27.8500	-0.003733
27.8550	-0.002927
27.8600	-0.002031
27.8650	-0.000941
27.8700	0.000207
27.8750	0.001189
27.8800	0.001801
27.8850	0.002001
27.8900	0.001790
27.8950	0.001174
27.9000	0.000261
27.9050	-0.000779
27.9100	-0.001779
27.9150	-0.002576
27.9200	-0.003072
27.9250	-0.003287
27.9300	-0.003212
27.9350	-0.002794
27.9400	-0.002012
27.9450	-0.000952
27.9500	0.000233
27.9550	0.001473
27.9600	0.002740
27.9650	0.004035
27.9700	0.005284
27.9750	0.006285
27.9800	0.006908
27.9850	0.007208
27.9900	0.007414
27.9950	0.007639
28.0000	0.007847
28.0050	0.007992
28.0100	0.008033
28.0150	0.007947
28.0200	0.007717
28.0250	0.007491
28.0300	0.007391
28.0350	0.007486
28.0400	0.007806
28.0450	0.008159
28.0500	0.008420
28.0550	0.008665
28.0600	0.008992
28.0650	0.009470
28.0700	0.010065
28.0750	0.010555
28.0800	0.010739
28.0850	0.010625
28.0900	0.010214
28.0950	0.009602
28.1000	0.009008
28.1050	0.008450
28.1100	0.007909
28.1150	0.007343
28.1200	0.006612
28.1250	0.005651
28.1300	0.004576
28.1350	0.003435
28.1400	0.002127
28.1450	0.000747
28.1500	-0.000643
28.1550	-0.002088
28.1600	-0.003353
28.1650	-0.004225
28.1700	-0.004745
28.1750	-0.005004
28.1800	-0.005139
28.1850	-0.005233
28.1900	-0.005291
28.1950	-0.005279
28.2000	-0.005103
28.2050	-0.004657
28.2100	-0.003966
28.2150	-0.003243
28.2200	-0.002626
28.2250	-0.002043
28.2300	-0.001543
28.2350	-0.001267
28.2400	-0.001197
28.2450	-0.001192
28.2500	-0.001245
28.2550	-0.001558
28.2600	-0.002147
28.2650	-0.002849
28.2700	-0.003554
28.2750	-0.004147
28.2800	-0.004601
28.2850	-0.004963
28.2900	-0.005338
28.2950	-0.005881
28.3000	-0.006650
28.3050	-0.007375
28.3100	-0.007630
28.3150	-0.007227
28.3200	-0.006272
28.3250	-0.005134
28.3300	-0.003958
28.3350	-0.002546
28.3400	-0.000795
28.3450	0.001103
28.3500	0.002871
28.3550	0.004457
28.3600	0.005799
28.3650	0.006759
28.3700	0.007393
28.3750	0.008001
28.3800	0.008643
28.3850	0.009048
28.3900	0.009038
28.3950	0.008560
28.4000	0.007904
28.4050	0.007527
28.4100	0.007510
28.4150	0.007637
28.4200	0.007707
28.4250	0.007680
28.4300	0.007587
28.4350	0.007522
28.4400	0.007620
28.4450	0.007924
28.4500	0.008384
28.4550	0.008864
28.4600	0.009139
28.4650	0.009144
28.4700	0.008940
28.4750	0.008484
28.4800	0.007852
28.4850	0.007160
28.4900	0.006307
28.4950	0.005205
28.5000	0.003931
28.5050	0.002703
28.5100	0.001666
28.5150	0.000770
28.5200	-0.000018
28.5250	-0.000800
28.5300	-0.001748
28.5350	-0.002911
28.5400	-0.004111
28.5450	-0.005128
28.5500	-0.006018
28.5550	-0.006914
28.5600	-0.007797
28.5650	-0.008628
28.5700	-0.009351
28.5750	-0.009999
28.5800	-0.010646
28.5850	-0.011145
28.5900	-0.011380
28.5950	-0.011426
28.6000	-0.011398
28.6050	-0.011314
28.6100	-0.011048
28.6150	-0.010499
28.6200	-0.009715
28.6250	-0.008906
28.6300	-0.008223
28.6350	-0.007630
28.6400	-0.007050
28.6450	-0.006477
28.6500	-0.006007
28.6550	-0.005752
28.6600	-0.005820
28.6650	-0.006056
28.6700	-0.006074
28.6750	-0.005823
28.6800	-0.005459
28.6850	-0.005169
28.6900	-0.005063
28.6950	-0.004935
28.7000	-0.004700
28.7050	-0.004409
28.7100	-0.004057
28.7150	-0.003669
28.7200	-0.003283
28.7250	-0.002836
28.7300	-0.002153
28.7350	-0.001253
28.7400	-0.000334
28.7450	0.000463
28.7500	0.001152
28.7550	0.001750
28.7600	0.002177
28.7650	0.002313
28.7700	0.002054
28.7750	0.001400
28.7800	0.000464
28.7850	-0.000591
28.7900	-0.001716
28.7950	-0.002849
28.8000	-0.003805
28.8050	-0.004445
28.8100	-0.004789
28.8150	-0.004898
28.8200	-0.004874
28.8250	-0.004747
28.8300	-0.004425
28.8350	-0.003857
28.8400	-0.003027
28.8450	-0.002041
28.8500	-0.001078
28.8550	-0.000213
28.8600	0.000622
28.8650	0.001524
28.8700	0.002561
28.8750	0.003671
28.8800	0.004674
28.8850	0.005439
28.8900	0.005968
28.8950	0.006396
28.9000	0.006812
28.9050	0.007195
28.9100	0.007442
28.9150	0.007433
28.9200	0.007221
28.9250	0.007040
28.9300	0.007068
28.9350	0.007308
28.9400	0.007653
28.9450	0.007928
28.9500	0.008073
28.9550	0.008203
28.9600	0.008346
28.9650	0.008426
28.9700	0.008384
28.9750	0.008183
28.9800	0.007861
28.9850	0.007588
28.9900	0.007371
28.9950	0.006972
29.0000	0.006324
29.0050	0.005541
29.0100	0.004807
29.0150	0.004167
29.0200	0.003476
29.0250	0.002579
29.0300	0.001430
29.0350	0.000174
29.0400	-0.001068
29.0450	-0.002263
29.0500	-0.003472
29.0550	-0.004809
29.0600	-0.006281
29.0650	-0.007785
29.0700	-0.009141
29.0750	-0.010277
29.0800	-0.011245
29.0850	-0.012030
29.0900	-0.012508
29.0950	-0.012672
29.1000	-0.012637
29.1050	-0.012361
29.1100	-0.011744
29.1150	-0.010801
29.1200	-0.009672
29.1250	-0.008572
29.1300	-0.007599
29.1350	-0.006656
29.1400	-0.005710
29.1450	-0.004910
29.1500	-0.004328
29.1550	-0.003847
29.1600	-0.003375
29.1650	-0.002966
29.1700	-0.002563
29.1750	-0.002030
29.1800	-0.001347
29.1850	-0.000642
29.1900	-0.000064
29.1950	0.000381
29.2000	0.000683
29.2050	0.000878
29.2100	0.001006
29.2150	0.001052
29.2200	0.001040
29.2250	0.000936
29.2300	0.000712
29.2350	0.000479
29.2400	0.000418
29.2450	0.000641
29.2500	0.001156
29.2550	0.001917
29.2600	0.002748
29.2650	0.003452
29.2700	0.004008
29.2750	0.004438
29.2800	0.004690
29.2850	0.004716
29.2900	0.004598
29.2950	0.004512
29.3000	0.004541
29.3050	0.004640
29.3100	0.004756
29.3150	0.004959
29.3200	0.005298
29.3250	0.005656
29.3300	0.005893
29.3350	0.005849
29.3400	0.005481
29.3450	0.004972
29.3500	0.004455
29.3550	0.003977
29.3600	0.003555
29.3650	0.003303
29.3700	0.003371
29.3750	0.003726
29.3800	0.004289
29.3850	0.004948
29.3900	0.005600
29.3950	0.006176
29.4000	0.006595
29.4050	0.006795
29.4100	0.006760
29.4150	0.006520
29.4200	0.006034
29.4250	0.005329
29.4300	0.004454
29.4350	0.003341
29.4400	0.002085
29.4450	0.000870
29.4500	-0.000290
29.4550	-0.001421
29.4600	-0.002490
29.4650	-0.003439
29.4700	-0.004251
29.4750	-0.004993
29.4800	-0.005725
29.4850	-0.006342
29.4900	-0.006768
29.4950	-0.007062
29.5000	-0.007252
29.5050	-0.007289
29.5100	-0.007110
29.5150	-0.006861
29.5200	-0.006622
29.5250	-0.006235
29.5300	-0.005667
29.5350	-0.005039
29.5400	-0.004409
29.5450	-0.003751
29.5500	-0.002980
29.5550	-0.002030
29.5600	-0.001011
29.5650	-0.000138
29.5700	0.000431
29.5750	0.000715
29.5800	0.000879
29.5850	0.001007
29.5900	0.001016
29.5950	0.000878
29.6000	0.000653
29.6050	0.000356
29.6100	-0.000027
29.6150	-0.000532
29.6200	-0.001084
29.6250	-0.001474
29.6300	-0.001619
29.6350	-0.001596
29.6400	-0.001542
29.6450	-0.001566
29.6500	-0.001590
29.6550	-0.001440
29.6600	-0.001016
29.6650	-0.000342
29.6700	0.000368
29.6750	0.000903
29.6800	0.001328
29.6850	0.001741
29.6900	0.001970
29.6950	0.001825
29.7000	0.001376
29.7050	0.000905
29.7100	0.000549
29.7150	0.000178
29.7200	-0.000290
29.7250	-0.000861
29.7300	-0.001589
29.7350	-0.002488
29.7400	-0.003402
29.7450	-0.004181
29.7500	-0.004876
29.7550	-0.005626
29.7600	-0.006403
29.7650	-0.006994
29.7700	-0.007269
29.7750	-0.007298
29.7800	-0.007247
29.7850	-0.007248
29.7900	-0.007314
29.7950	-0.007377
29.8000	-0.007444
29.8050	-0.007525
29.8100	-0.007532
29.8150	-0.007436
29.8200	-0.007178
29.8250	-0.006627
29.8300	-0.005730
29.8350	-0.004598
29.8400	-0.003518
29.8450	-0.002594
29.8500	-0.001707
29.8550	-0.000833
29.8600	-0.000043
29.8650	0.000681
29.8700	0.001310
29.8750	0.001717
29.8800	0.001909
29.8850	0.001976
29.8900	0.001980
29.8950	0.001966
29.9000	0.001927
29.9050	0.001806
29.9100	0.001631
29.9150	0.001492
29.9200	0.001461
29.9250	0.001571
29.9300	0.001789
29.9350	0.001988
29.9400	0.002067
29.9450	0.002037
29.9500	0.001995
29.9550	0.002090
29.9600	0.002392
29.9650	0.002859
29.9700	0.003340
29.9750	0.003799
29.9800	0.004387
29.9850	0.005087
29.9900	0.005725
29.9950	0.006190
30.0000	0.006467
30.0050	0.006535
30.0100	0.006356
30.0150	0.006037
30.0200	0.005743
30.0250	0.005553
30.0300	0.005400
30.0350	0.005120
30.0400	0.004718
30.0450	0.004171
30.0500	0.003401
30.0550	0.002622
30.0600	0.002035
30.0650	0.001594
30.0700	0.001290
30.0750	0.001124
30.0800	0.001051
30.0850	0.001026
30.0900	0.001025
30.0950	0.001132
30.1000	0.001363
30.1050	0.001625
30.1100	0.001808
30.1150	0.001858
30.1200	0.001848
30.1250	0.001864
30.1300	0.002003
30.1350	0.002302
30.1400	0.002605
30.1450	0.002728
30.1500	0.002602
30.1550	0.002159
30.1600	0.001411
30.1650	0.000453
30.1700	-0.000643
30.1750	-0.001772
30.1800	-0.002806
30.1850	-0.003626
30.1900	-0.004159
30.1950	-0.004357
30.2000	-0.004236
30.2050	-0.003862
30.2100	-0.003252
30.2150	-0.002638
30.2200	-0.002342
30.2250	-0.002342
30.2300	-0.002525
30.2350	-0.002919
30.2400	-0.003448
30.2450	-0.003931
30.2500	-0.004228
30.2550	-0.004326
30.2600	-0.004329
30.2650	-0.004257
30.2700	-0.004120
30.2750	-0.003999
30.2800	-0.003868
30.2850	-0.003603
30.2900	-0.003263
30.2950	-0.002954
30.3000	-0.002638
30.3050	-0.002358
30.3100	-0.002130
30.3150	-0.001754
30.3200	-0.001155
30.3250	-0.000575
30.3300	-0.000178
30.3350	0.000098
30.3400	0.000288
30.3450	0.000389
30.3500	0.000441
30.3550	0.000469
30.3600	0.000485
30.3650	0.000509
30.3700	0.000520
30.3750	0.000509
30.3800	0.000558
30.3850	0.000728
30.3900	0.001028
30.3950	0.001424
30.4000	0.001799
30.4050	0.002064
30.4100	0.002216
30.4150	0.002304
30.4200	0.002402
30.4250	0.002585
30.4300	0.002821
30.4350	0.003004
30.4400	0.003043
30.4450	0.002929
30.4500	0.002747
30.4550	0.002427
30.4600	0.001894
30.4650	0.001318
30.4700	0.000784
30.4750	0.000258
30.4800	-0.000197
30.4850	-0.000465
30.4900	-0.000487
30.4950	-0.000398
30.5000	-0.000359
30.5050	-0.000439
30.5100	-0.000666
30.5150	-0.000999
30.5200	-0.001361
30.5250	-0.001689
30.5300	-0.001957
30.5350	-0.002122
30.5400	-0.002186
30.5450	-0.002205
30.5500	-0.002218
30.5550	-0.002255
30.5600	-0.002322
30.5650	-0.002408
30.5700	-0.002520
30.5750	-0.002632
30.5800	-0.002734
30.5850	-0.002884
30.5900	-0.003190
30.5950	-0.003620
30.6000	-0.003939
30.6050	-0.004038
30.6100	-0.003993
30.6150	-0.003922
30.6200	-0.003907
30.6250	-0.003931
30.6300	-0.003942
30.6350	-0.003937
30.6400	-0.003908
30.6450	-0.003774
30.6500	-0.003434
30.6550	-0.002928
30.6600	-0.002461
30.6650	-0.002185
30.6700	-0.001972
30.6750	-0.001560
30.6800	-0.000904
30.6850	-0.000167
30.6900	0.000535
30.6950	0.001053
30.7000	0.001237
30.7050	0.001206
30.7100	0.001176
30.7150	0.001259
30.7200	0.001491
30.7250	0.001822
30.7300	0.002151
30.7350	0.002393
30.7400	0.002558
30.7450	0.002693
30.7500	0.002772
30.7550	0.002799
30.7600	0.002811
30.7650	0.002800
30.7700	0.002804
30.7750	0.002991
30.7800	0.003386
30.7850	0.003887
30.7900	0.004458
30.7950	0.005020
30.8000	0.005509
30.8050	0.005925
30.8100	0.006319
30.8150	0.006708
30.8200	0.007030
30.8250	0.007161
30.8300	0.006989
30.8350	0.006670
30.8400	0.006427
30.8450	0.006262
30.8500	0.006106
30.8550	0.005901
30.8600	0.005520
30.8650	0.004865
30.8700	0.004053
30.8750	0.003291
30.8800	0.002612
30.8850	0.002026
30.8900	0.001543
30.8950	0.001086
30.9000	0.000656
30.9050	0.000191
30.9100	-0.000333
30.9150	-0.000669
30.9200	-0.000642
30.9250	-0.000298
30.9300	0.000169
30.9350	0.000522
30.9400	0.000718
30.9450	0.000898
30.9500	0.001194
30.9550	0.001595
30.9600	0.001939
30.9650	0.002158
30.9700	0.002267
30.9750	0.002299
30.9800	0.002341
30.9850	0.002427
30.9900	0.002546
30.9950	0.002683
31.0000	0.002793
31.0050	0.002794
31.0100	0.002647
31.0150	0.002441
31.0200	0.002303
31.0250	0.002217
31.0300	0.002062
31.0350	0.001818
31.0400	0.001591
31.0450	0.001418
31.0500	0.001130
31.0550	0.000612
31.0600	-0.000001
31.0650	-0.000656
31.0700	-0.001278
31.0750	-0.001674
31.0800	-0.001809
31.0850	-0.001792
31.0900	-0.001774
31.0950	-0.001794
31.1000	-0.001769
31.1050	-0.001576
31.1100	-0.001192
31.1150	-0.000845
31.1200	-0.000741
31.1250	-0.000798
31.1300	-0.000809
31.1350	-0.000712
31.1400	-0.000532
31.1450	-0.000305
31.1500	0.000002
31.1550	0.000496
31.1600	0.001058
31.1650	0.001614
31.1700	0.002254
31.1750	0.002959
31.1800	0.003634
31.1850	0.004063
31.1900	0.004052
31.1950	0.003603
31.2000	0.002810
31.2050	0.001821
31.2100	0.000768
31.2150	-0.000244
31.2200	-0.001054
31.2250	-0.001592
31.2300	-0.001936
31.2350	-0.002173
31.2400	-0.002235
31.2450	-0.002096
31.2500	-0.001907
31.2550	-0.001766
31.2600	-0.001643
31.2650	-0.001505
31.2700	-0.001392
31.2750	-0.001345
31.2800	-0.001335
31.2850	-0.001387
31.2900	-0.001528
31.2950	-0.001643
31.3000	-0.001579
31.3050	-0.001320
31.3100	-0.001070
31.3150	-0.001044
31.3200	-0.001247
31.3250	-0.001549
31.3300	-0.001767
31.3350	-0.001870
31.3400	-0.002012
31.3450	-0.002206
31.3500	-0.002262
31.3550	-0.002066
31.3600	-0.001642
31.3650	-0.001066
31.3700	-0.000426
31.3750	0.000144
31.3800	0.000524
31.3850	0.000816
31.3900	0.001161
31.3950	0.001583
31.4000	0.002048
31.4050	0.002398
31.4100	0.002565
31.4150	0.002644
31.4200	0.002695
31.4250	0.002721
31.4300	0.002706
31.4350	0.002646
31.4400	0.002567
31.4450	0.002506
31.4500	0.002496
31.4550	0.002513
31.4600	0.002488
31.4650	0.002373
31.4700	0.002096
31.4750	0.001637
31.4800	0.001042
31.4850	0.000438
31.4900	-0.000040
31.4950	-0.000497
31.5000	-0.001051
31.5050	-0.001637
31.5100	-0.002254
31.5150	-0.002900
31.5200	-0.003463
31.5250	-0.003931
31.5300	-0.004440
31.5350	-0.005148
31.5400	-0.005944
31.5450	-0.006577
31.5500	-0.006999
31.5550	-0.007303
31.5600	-0.007637
31.5650	-0.008030
31.5700	-0.008340
31.5750	-0.008497
31.5800	-0.008525
31.5850	-0.008415
31.5900	-0.008163
31.5950	-0.007849
31.6000	-0.007512
31.6050	-0.007175
31.6100	-0.006894
31.6150	-0.006519
31.6200	-0.005844
31.6250	-0.004971
31.6300	-0.004205
31.6350	-0.003747
31.6400	-0.003607
31.6450	-0.003614
31.6500	-0.003550
31.6550	-0.003222
31.6600	-0.002564
31.6650	-0.001826
31.6700	-0.001222
31.6750	-0.000699
31.6800	-0.000204
31.6850	0.000325
31.6900	0.000891
31.6950	0.001353
31.7000	0.001587
31.7050	0.001535
31.7100	0.001184
31.7150	0.000676
31.7200	0.000294
31.7250	0.000188
31.7300	0.000264
31.7350	0.000365
31.7400	0.000488
31.7450	0.000817
31.7500	0.001366
31.7550	0.001972
31.7600	0.002665
31.7650	0.003422
31.7700	0.003991
31.7750	0.004269
31.7800	0.004365
31.7850	0.004429
31.7900	0.004544
31.7950	0.004776
31.8000	0.005144
31.8050	0.005637
31.8100	0.006244
31.8150	0.006839
31.8200	0.007417
31.8250	0.007982
31.8300	0.008374
31.8350	0.008481
31.8400	0.008239
31.8450	0.007717
31.8500	0.007203
31.8550	0.006882
31.8600	0.006678
31.8650	0.006491
31.8700	0.006323
31.8750	0.006175
31.8800	0.006055
31.8850	0.005984
31.8900	0.005904
31.8950	0.005720
31.9000	0.005413
31.9050	0.004990
31.9100	0.004411
31.9150	0.003705
31.9200	0.002949
31.9250	0.002231
31.9300	0.001603
31.9350	0.001083
31.9400	0.000646
31.9450	0.000315
31.9500	0.000178
31.9550	0.000210
31.9600	0.000298
31.9650	0.000309
31.9700	0.000259
31.9750	0.000222
31.9800	0.000209
31.9850	0.000225
31.9900	0.000256
31.9950	0.000228
32.0000	0.000005
32.0050	-0.000483
32.0100	-0.001078
32.0150	-0.001602
32.0200	-0.002113
32.0250	-0.002690
32.0300	-0.003215
32.0350	-0.003566
32.0400	-0.003773
32.0450	-0.003894
32.0500	-0.003969
32.0550	-0.004007
32.0600	-0.004020
32.0650	-0.004031
32.0700	-0.004057
32.0750	-0.004069
32.0800	-0.004058
32.0850	-0.003978
32.0900	-0.003696
32.0950	-0.003151
32.1000	-0.002422
32.1050	-0.001791
32.1100	-0.001295
32.1150	-0.000732
32.1200	-0.000195
32.1250	0.000211
32.1300	0.000485
32.1350	0.000565
32.1400	0.000443
32.1450	0.000260
32.1500	0.000184
32.1550	0.000186
32.1600	0.000183
32.1650	0.000158
32.1700	0.000164
32.1750	0.000226
32.1800	0.000272
32.1850	0.000285
32.1900	0.000301
32.1950	0.000298
32.2000	0.000283
32.2050	0.000286
32.2100	0.000225
32.2150	0.000044
32.2200	-0.000218
32.2250	-0.000514
32.2300	-0.000797
32.2350	-0.001071
32.2400	-0.001304
32.2450	-0.001505
32.2500	-0.001769
32.2550	-0.002018
32.2600	-0.002177
32.2650	-0.002240
32.2700	-0.002214
32.2750	-0.002137
32.2800	-0.001973
32.2850	-0.001736
32.2900	-0.001555
32.2950	-0.001525
32.3000	-0.001576
32.3050	-0.001603
32.3100	-0.001643
32.3150	-0.001834
32.3200	-0.002280
32.3250	-0.002821
32.3300	-0.003163
32.3350	-0.003274
32.3400	-0.003279
32.3450	-0.003241
32.3500	-0.003181
32.3550	-0.003007
32.3600	-0.002577
32.3650	-0.001883
32.3700	-0.001002
32.3750	-0.000092
32.3800	0.000645
32.3850	0.001218
32.3900	0.001777
32.3950	0.002398
32.4000	0.003028
32.4050	0.003494
32.4100	0.003767
32.4150	0.004128
32.4200	0.004827
32.4250	0.005762
32.4300	0.006636
32.4350	0.007232
32.4400	0.007575
32.4450	0.007838
32.4500	0.008076
32.4550	0.008153
32.4600	0.007974
32.4650	0.007679
32.4700	0.007427
32.4750	0.007292
32.4800	0.007276
32.4850	0.007255
32.4900	0.007072
32.4950	0.006691
32.5000	0.006210
32.5050	0.005814
32.5100	0.005532
32.5150	0.005120
32.5200	0.004455
32.5250	0.003635
32.5300	0.002852
32.5350	0.002298
32.5400	0.001926
32.5450	0.001542
32.5500	0.001134
32.5550	0.000846
32.5600	0.000672
32.5650	0.000470
32.5700	0.000090
32.5750	-0.000436
32.5800	-0.000854
32.5850	-0.001055
32.5900	-0.001130
32.5950	-0.001210
32.6000	-0.001405
32.6050	-0.001725
32.6100	-0.002097
32.6150	-0.002387
32.6200	-0.002448
32.6250	-0.002217
32.6300	-0.001756
32.6350	-0.001290
32.6400	-0.000959
32.6450	-0.000596
32.6500	-0.000120
32.6550	0.000325
32.6600	0.000621
32.6650	0.000753
32.6700	0.000846
32.6750	0.001037
32.6800	0.001303
32.6850	0.001603
32.6900	0.001914
32.6950	0.002054
32.7000	0.001883
32.7050	0.001501
32.7100	0.001059
32.7150	0.000641
32.7200	0.000254
32.7250	-0.000278
32.7300	-0.000803
32.7350	-0.001100
32.7400	-0.001166
32.7450	-0.001118
32.7500	-0.001098
32.7550	-0.001120
32.7600	-0.001061
32.7650	-0.000877
32.7700	-0.000673
32.7750	-0.000468
32.7800	-0.000261
32.7850	-0.000062
32.7900	0.000160
32.7950	0.000266
32.8000	0.000046
32.8050	-0.000504
32.8100	-0.001080
32.8150	-0.001383
32.8200	-0.001484
32.8250	-0.001715
32.8300	-0.002212
32.8350	-0.002745
32.8400	-0.003053
32.8450	-0.003106
32.8500	-0.003036
32.8550	-0.002967
32.8600	-0.002906
32.8650	-0.002734
32.8700	-0.002390
32.8750	-0.001860
32.8800	-0.001087
32.8850	-0.000164
32.8900	0.000643
32.8950	0.001187
32.9000	0.001561
32.9050	0.001847
32.9100	0.002013
32.9150	0.002052
32.9200	0.002029
32.9250	0.001944
32.9300	0.001699
32.9350	0.001271
32.9400	0.000726
32.9450	0.000030
32.9500	-0.000889
32.9550	-0.001926
32.9600	-0.002872
32.9650	-0.003725
32.9700	-0.004657
32.9750	-0.005542
32.9800	-0.006197
32.9850	-0.006713
32.9900	-0.007153
32.9950	-0.007506
33.0000	-0.007722
33.0050	-0.007804
33.0100	-0.007826
33.0150	-0.007794
33.0200	-0.007610
33.0250	-0.007207
33.0300	-0.006708
33.0350	-0.006243
33.0400	-0.005760
33.0450	-0.005119
33.0500	-0.004375
33.0550	-0.003774
33.0600	-0.003377
33.0650	-0.003073
33.0700	-0.002702
33.0750	-0.002130
33.0800	-0.001505
33.0850	-0.001108
33.0900	-0.001025
33.0950	-0.001101
33.1000	-0.001149
33.1050	-0.001109
33.1100	-0.001037
33.1150	-0.000976
33.1200	-0.000921
33.1250	-0.000927
33.1300	-0.000980
33.1350	-0.001002
33.1400	-0.000998
33.1450	-0.000989
33.1500	-0.000980
33.1550	-0.000972
33.1600	-0.000982
33.1650	-0.000996
33.1700	-0.000980
33.1750	-0.000960
33.1800	-0.000906
33.1850	-0.000739
33.1900	-0.000439
33.1950	0.000028
33.2000	0.000551
33.2050	0.001000
33.2100	0.001433
33.2150	0.001928
33.2200	0.002488
33.2250	0.002971
33.2300	0.003144
33.2350	0.002908
33.2400	0.002410
33.2450	0.001906
33.2500	0.001548
33.2550	0.001340
33.2600	0.001249
33.2650	0.001178
33.2700	0.001056
33.2750	0.000940
33.2800	0.000921
33.2850	0.001119
33.2900	0.001519
33.2950	0.001921
33.3000	0.002214
33.3050	0.002464
33.3100	0.002798
33.3150	0.003195
33.3200	0.003485
33.3250	0.003505
33.3300	0.003188
33.3350	0.002714
33.3400	0.002313
33.3450	0.002088
33.3500	0.002065
33.3550	0.002120
33.3600	0.002115
33.3650	0.002035
33.3700	0.001845
33.3750	0.001529
33.3800	0.001161
33.3850	0.000746
33.3900	0.000197
33.3950	-0.000404
33.4000	-0.000904
33.4050	-0.001296
33.4100	-0.001572
33.4150	-0.001739
33.4200	-0.001954
33.4250	-0.002278
33.4300	-0.002569
33.4350	-0.002816
33.4400	-0.003077
33.4450	-0.003212
33.4500	-0.003086
33.4550	-0.002793
33.4600	-0.002499
33.4650	-0.002241
33.4700	-0.001962
33.4750	-0.001692
33.4800	-0.001478
33.4850	-0.001437
33.4900	-0.001722
33.4950	-0.002182
33.5000	-0.002585
33.5050	-0.002850
33.5100	-0.002960
33.5150	-0.003004
33.5200	-0.003081
33.5250	-0.003192
33.5300	-0.003339
33.5350	-0.003540
33.5400	-0.003677
33.5450	-0.003666
33.5500	-0.003628
33.5550	-0.003647
33.5600	-0.003782
33.5650	-0.004032
33.5700	-0.004165
33.5750	-0.003969
33.5800	-0.003441
33.5850	-0.002765
33.5900	-0.002135
33.5950	-0.001607
33.6000	-0.001061
33.6050	-0.000328
33.6100	0.000558
33.6150	0.001464
33.6200	0.002320
33.6250	0.003120
33.6300	0.003856
33.6350	0.004445
33.6400	0.004836
33.6450	0.005033
33.6500	0.005049
33.6550	0.005009
33.6600	0.004996
33.6650	0.004904
33.6700	0.004644
33.6750	0.004254
33.6800	0.003878
33.6850	0.003624
33.6900	0.003403
33.6950	0.003063
33.7000	0.002600
33.7050	0.002118
33.7100	0.001598
33.7150	0.000910
33.7200	0.000116
33.7250	-0.000627
33.7300	-0.001287
33.7350	-0.001866
33.7400	-0.002395
33.7450	-0.002924
33.7500	-0.003404
33.7550	-0.003758
33.7600	-0.003975
33.7650	-0.004063
33.7700	-0.004080
33.7750	-0.004084
33.7800	-0.004084
33.7850	-0.004123
33.7900	-0.004282
33.7950	-0.004555
33.8000	-0.004830
33.8050	-0.005080
33.8100	-0.005385
33.8150	-0.005669
33.8200	-0.005801
33.8250	-0.005776
33.8300	-0.005697
33.8350	-0.005650
33.8400	-0.005632
33.8450	-0.005604
33.8500	-0.005484
33.8550	-0.005248
33.8600	-0.004951
33.8650	-0.004664
33.8700	-0.004426
33.8750	-0.004199
33.8800	-0.003982
33.8850	-0.003744
33.8900	-0.003432
33.8950	-0.003060
33.9000	-0.002644
33.9050	-0.002200
33.9100	-0.001775
33.9150	-0.001430
33.9200	-0.001254
33.9250	-0.001240
33.9300	-0.001290
33.9350	-0.001402
33.9400	-0.001473
33.9450	-0.001347
33.9500	-0.001096
33.9550	-0.000799
33.9600	-0.000429
33.9650	0.000018
33.9700	0.000510
33.9750	0.001041
33.9800	0.001617
33.9850	0.002186
33.9900	0.002697
33.9950	0.003171
34.0000	0.003682
34.0050	0.004265
34.0100	0.004825
34.0150	0.005337
34.0200	0.005786
34.0250	0.006039
34.0300	0.006092
34.0350	0.006042
34.0400	0.005985
34.0450	0.005881
34.0500	0.005556
34.0550	0.005044
34.0600	0.004516
34.0650	0.004005
34.0700	0.003506
34.0750	0.003048
34.0800	0.002661
34.0850	0.002332
34.0900	0.002019
34.0950	0.001759
34.1000	0.001547
34.1050	0.001340
34.1100	0.001153
34.1150	0.000970
34.1200	0.000841
34.1250	0.000830
34.1300	0.000912
34.1350	0.001072
34.1400	0.001240
34.1450	0.001326
34.1500	0.001361
34.1550	0.001348
34.1600	0.001249
34.1650	0.001089
34.1700	0.000882
34.1750	0.000582
34.1800	0.000191
34.1850	-0.000232
34.1900	-0.000649
34.1950	-0.000999
34.2000	-0.001199
34.2050	-0.001262
34.2100	-0.001305
34.2150	-0.001435
34.2200	-0.001628
34.2250	-0.001779
34.2300	-0.001812
34.2350	-0.001791
34.2400	-0.001863
34.2450	-0.002077
34.2500	-0.002326
34.2550	-0.002478
34.2600	-0.002495
34.2650	-0.002373
34.2700	-0.002150
34.2750	-0.001885
34.2800	-0.001597
34.2850	-0.001317
34.2900	-0.001070
34.2950	-0.000834
34.3000	-0.000615
34.3050	-0.000467
34.3100	-0.000376
34.3150	-0.000264
34.3200	-0.000099
34.3250	0.000109
34.3300	0.000357
34.3350	0.000651
34.3400	0.000935
34.3450	0.001155
34.3500	0.001360
34.3550	0.001602
34.3600	0.001867
34.3650	0.002136
34.3700	0.002364
34.3750	0.002489
34.3800	0.002509
34.3850	0.002434
34.3900	0.002270
34.3950	0.002064
34.4000	0.001872
34.4050	0.001721
34.4100	0.001584
34.4150	0.001457
34.4200	0.001325
34.4250	0.001205
34.4300	0.001163
34.4350	0.001158
34.4400	0.001140
34.4450	0.001140
34.4500	0.001187
34.4550	0.001262
34.4600	0.001325
34.4650	0.001386
34.4700	0.001469
34.4750	0.001547
34.4800	0.001535
34.4850	0.001412
34.4900	0.001267
34.4950	0.001177
34.5000	0.001162
34.5050	0.001211
34.5100	0.001278
34.5150	0.001312
34.5200	0.001279
34.5250	0.001180
34.5300	0.001086
34.5350	0.001064
34.5400	0.001103
34.5450	0.001137
34.5500	0.001147
34.5550	0.001174
34.5600	0.001240
34.5650	0.001321
34.5700	0.001352
34.5750	0.001286
34.5800	0.001185
34.5850	0.001148
34.5900	0.001170
34.5950	0.001219
34.6000	0.001281
34.6050	0.001320
34.6100	0.001353
34.6150	0.001441
34.6200	0.001593
34.6250	0.001746
34.6300	0.001814
34.6350	0.001736
34.6400	0.001534
34.6450	0.001313
34.6500	0.001174
34.6550	0.001128
34.6600	0.001114
34.6650	0.001057
34.6700	0.000930
34.6750	0.000800
34.6800	0.000722
34.6850	0.000696
34.6900	0.000685
34.6950	0.000623
34.7000	0.000469
34.7050	0.000246
34.7100	0.000035
34.7150	-0.000093
34.7200	-0.000169
34.7250	-0.000251
34.7300	-0.000335
34.7350	-0.000391
34.7400	-0.000405
34.7450	-0.000402
34.7500	-0.000401
34.7550	-0.000401
34.7600	-0.000404
34.7650	-0.000378
34.7700	-0.000302
34.7750	-0.000199
34.7800	-0.000088
34.7850	0.000048
34.7900	0.000214
34.7950	0.000381
34.8000	0.000497
34.8050	0.000562
34.8100	0.000619
34.8150	0.000689
34.8200	0.000743
34.8250	0.000711
34.8300	0.000609
34.8350	0.000503
34.8400	0.000416
34.8450	0.000331
34.8500	0.000223
34.8550	0.000076
34.8600	-0.000132
34.8650	-0.000380
34.8700	-0.000619
34.8750	-0.000832
34.8800	-0.001014
34.8850	-0.001193
34.8900	-0.001354
34.8950	-0.001452
34.9000	-0.001487
34.9050	-0.001461
34.9100	-0.001404
34.9150	-0.001324
34.9200	-0.001208
34.9250	-0.001102
34.9300	-0.001042
34.9350	-0.001007
34.9400	-0.000993
34.9450	-0.000994
34.9500	-0.000971
34.9550	-0.000936
34.9600	-0.000896
34.9650	-0.000826
34.9700	-0.000737
34.9750	-0.000656
34.9800	-0.000600
34.9850	-0.000545
34.9900	-0.000470
34.9950	-0.000435
35.0000	-0.000475
35.0050	-0.000540
35.0100	-0.000566
35.0150	-0.000549
35.0200	-0.000520
35.0250	-0.000490
35.0300	-0.000472
35.0350	-0.000471
35.0400	-0.000468
35.0450	-0.000440
35.0500	-0.000378
35.0550	-0.000283
35.0600	-0.000190
35.0650	-0.000126
35.0700	-0.000081
35.0750	-0.000048
35.0800	-0.000027
35.0850	-0.000027
35.0900	-0.000043
35.0950	-0.000052
35.1000	-0.000071
35.1050	-0.000118
35.1100	-0.000190
35.1150	-0.000262
35.1200	-0.000300
35.1250	-0.000299
35.1300	-0.000258
35.1350	-0.000164
35.1400	-0.000039
35.1450	0.000096
35.1500	0.000227
35.1550	0.000337
35.1600	0.000419
35.1650	0.000491
35.1700	0.000567
35.1750	0.000653
35.1800	0.000738
35.1850	0.000804
35.1900	0.000842
35.1950	0.000842
35.2000	0.000814
35.2050	0.000775
35.2100	0.000734
35.2150	0.000693
35.2200	0.000650
35.2250	0.000606
35.2300	0.000557
35.2350	0.000497
35.2400	0.000434
35.2450	0.000368
35.2500	0.000297
35.2550	0.000218
35.2600	0.000133
35.2650	0.000048
35.2700	-0.000027
35.2750	-0.000085
35.2800	-0.000137
35.2850	-0.000185
35.2900	-0.000222
35.2950	-0.000255
35.3000	-0.000294
35.3050	-0.000319
35.3100	-0.000319
35.3150	-0.000305
35.3200	-0.000292
35.3250	-0.000284
35.3300	-0.000276
35.3350	-0.000260
35.3400	-0.000228
35.3450	-0.000192
35.3500	-0.000167
35.3550	-0.000156
35.3600	-0.000157
35.3650	-0.000156
35.3700	-0.000152
35.3750	-0.000147
35.3800	-0.000143
35.3850	-0.000143
35.3900	-0.000144
35.3950	-0.000136
35.4000	-0.000124
35.4050	-0.000118
35.4100	-0.000123
35.4150	-0.000137
35.4200	-0.000157
35.4250	-0.000169
35.4300	-0.000167
35.4350	-0.000153
35.4400	-0.000131
35.4450	-0.000113
35.4500	-0.000102
35.4550	-0.000102
35.4600	-0.000111
35.4650	-0.000117
35.4700	-0.000114
35.4750	-0.000107
35.4800	-0.000097
35.4850	-0.000089
35.4900	-0.000085
35.4950	-0.000082
35.5000	-0.000075
35.5050	-0.000067
35.5100	-0.000062
35.5150	-0.000058
35.5200	-0.000053
35.5250	-0.000043
35.5300	-0.000037
35.5350	-0.000027
35.5400	-0.000005
35.5450	0.000022
35.5500	0.000045
35.5550	0.000060
35.5600	0.000072
35.5650	0.000094
35.5700	0.000120
35.5750	0.000144
35.5800	0.000165
35.5850	0.000183
35.5900	0.000192
35.5950	0.000197
35.6000	0.000202
35.6050	0.000207
35.6100	0.000214
35.6150	0.000217
35.6200	0.000211
35.6250	0.000198
35.6300	0.000178
35.6350	0.000156
35.6400	0.000139
35.6450	0.000130
35.6500	0.000126
35.6550	0.000119
35.6600	0.000106
35.6650	0.000089
35.6700	0.000071
35.6750	0.000057
35.6800	0.000050
35.6850	0.000043
35.6900	0.000033
35.6950	0.000022
35.7000	0.000015
35.7050	0.000014
35.7100	0.000016
35.7150	0.000018
35.7200	0.000019
35.7250	0.000023
35.7300	0.000027
35.7350	0.000029
35.7400	0.000026
35.7450	0.000021
35.7500	0.000015
35.7550	0.000010
35.7600	0.000005
35.7650	0.000000
35.7700	-0.000003
35.7750	-0.000006
35.7800	-0.000008
35.7850	-0.000011
35.7900	-0.000014
35.7950	-0.000015
35.8000	-0.000015
35.8050	-0.000013
35.8100	-0.000011
35.8150	-0.000011
35.8200	-0.000010
35.8250	-0.000010
35.8300	-0.000008
35.8350	-0.000005
35.8400	0.000001
35.8450	0.000005
35.8500	0.000007
35.8550	0.000010
35.8600	0.000014
35.8650	0.000017
35.8700	0.000020
35.8750	0.000022
35.8800	0.000024
35.8850	0.000026
35.8900	0.000029
35.8950	0.000031
35.9000	0.000031
35.9050	0.000030
35.9100	0.000028
35.9150	0.000025
35.9200	0.000022
35.9250	0.000019
35.9300	0.000016
35.9350	0.000013
35.9400	0.000009
35.9450	0.000006
35.9500	0.000005
35.9550	0.000003
35.9600	0.000001
35.9650	-0.000002
35.9700	-0.000005
35.9750	-0.000008
35.9800	-0.000010
35.9850	-0.000014
35.9900	-0.000018
35.9950	-0.000022
36.0000	-0.000025
36.0050	-0.000028
36.0100	-0.000031
36.0150	-0.000033
36.0200	-0.000034
36.0250	-0.000035
36.0300	-0.000035
36.0350	-0.000035
36.0400	-0.000035
36.0450	-0.000035
36.0500	-0.000035
36.0550	-0.000035
36.0600	-0.000035
36.0650	-0.000035
36.0700	-0.000036
36.0750	-0.000035
36.0800	-0.000034
36.0850	-0.000034
36.0900	-0.000034
36.0950	-0.000034
36.1000	-0.000033
36.1050	-0.000032
36.1100	-0.000032
36.1150	-0.000031
36.1200	-0.000031
36.1250	-0.000030
36.1300	-0.000029
36.1350	-0.000029
36.1400	-0.000028
36.1450	-0.000028
36.1500	-0.000027
36.1550	-0.000027
36.1600	-0.000026
36.1650	-0.000025
36.1700	-0.000025
36.1750	-0.000025
36.1800	-0.000024
36.1850	-0.000024
36.1900	-0.000023
36.1950	-0.000023
36.2000	-0.000022
36.2050	-0.000022
36.2100	-0.000022
36.2150	-0.000021
36.2200	-0.000021
36.2250	-0.000020
36.2300	-0.000020
36.2350	-0.000020
36.2400	-0.000019
36.2450	-0.000019
36.2500	-0.000019
36.2550	-0.000019
36.2600	-0.000018
36.2650	-0.000018
36.2700	-0.000018
36.2750	-0.000018
36.2800	-0.000018
36.2850	-0.000017
36.2900	-0.000017
36.2950	-0.000017
36.3000	-0.000017
36.3050	-0.000017
36.3100	-0.000017
36.3150	-0.000017
36.3200	-0.000017
36.3250	-0.000017
36.3300	-0.000017
36.3350	-0.000018
36.3400	-0.000018
