0.0000	-0.001747
0.0050	-0.002633
0.0100	-0.003686
0.0150	-0.003525
0.0200	-0.003452
0.0250	-0.003379
0.0300	-0.003308
0.0350	-0.003237
0.0400	-0.003167
0.0450	-0.003098
0.0500	-0.003033
0.0550	-0.002973
0.0600	-0.002921
0.0650	-0.002877
0.0700	-0.002842
0.0750	-0.002817
0.0800	-0.002800
0.0850	-0.002785
0.0900	-0.002769
0.0950	-0.002752
0.1000	-0.002736
0.1050	-0.002718
0.1100	-0.002705
0.1150	-0.002699
0.1200	-0.002697
0.1250	-0.002692
0.1300	-0.002681
0.1350	-0.002662
0.1400	-0.002631
0.1450	-0.002585
0.1500	-0.002523
0.1550	-0.002443
0.1600	-0.002347
0.1650	-0.002232
0.1700	-0.002092
0.1750	-0.001940
0.1800	-0.001795
0.1850	-0.001671
0.1900	-0.001567
0.1950	-0.001482
0.2000	-0.001411
0.2050	-0.001352
0.2100	-0.001306
0.2150	-0.001278
0.2200	-0.001276
0.2250	-0.001307
0.2300	-0.001374
0.2350	-0.001479
0.2400	-0.001629
0.2450	-0.001814
0.2500	-0.002010
0.2550	-0.002183
0.2600	-0.002313
0.2650	-0.002399
0.2700	-0.002451
0.2750	-0.002485
0.2800	-0.002506
0.2850	-0.002509
0.2900	-0.002480
0.2950	-0.002400
0.3000	-0.002241
0.3050	-0.001973
0.3100	-0.001590
0.3150	-0.001131
0.3200	-0.000652
0.3250	-0.000218
0.3300	0.000128
0.3350	0.000392
0.3400	0.000592
0.3450	0.000740
0.3500	0.000842
0.3550	0.000899
0.3600	0.000899
0.3650	0.000809
0.3700	0.000619
0.3750	0.000347
0.3800	0.000001
0.3850	-0.000407
0.3900	-0.000840
0.3950	-0.001262
0.4000	-0.001673
0.4050	-0.002098
0.4100	-0.002553
0.4150	-0.003035
0.4200	-0.003520
0.4250	-0.003982
0.4300	-0.004462
0.4350	-0.004996
0.4400	-0.005547
0.4450	-0.006039
0.4500	-0.006365
0.4550	-0.006414
0.4600	-0.006088
0.4650	-0.005269
0.4700	-0.003910
0.4750	-0.002124
0.4800	-0.000159
0.4850	0.001696
0.4900	0.003292
0.4950	0.004689
0.5000	0.005980
0.5050	0.007158
0.5100	0.008142
0.5150	0.008835
0.5200	0.009177
0.5250	0.009136
0.5300	0.008713
0.5350	0.007971
0.5400	0.006972
0.5450	0.005675
0.5500	0.003952
0.5550	0.001768
0.5600	-0.000546
0.5650	-0.002458
0.5700	-0.003679
0.5750	-0.004308
0.5800	-0.004604
0.5850	-0.004722
0.5900	-0.004687
0.5950	-0.004474
0.6000	-0.004102
0.6050	-0.003685
0.6100	-0.003365
0.6150	-0.003180
0.6200	-0.003036
0.6250	-0.002785
0.6300	-0.002289
0.6350	-0.001436
0.6400	-0.000156
0.6450	0.001536
0.6500	0.003453
0.6550	0.005243
0.6600	0.006568
0.6650	0.007246
0.6700	0.007339
0.6750	0.006984
0.6800	0.006318
0.6850	0.005515
0.6900	0.004644
0.6950	0.003669
0.7000	0.002485
0.7050	0.000988
0.7100	-0.000756
0.7150	-0.002582
0.7200	-0.004315
0.7250	-0.005742
0.7300	-0.006708
0.7350	-0.007187
0.7400	-0.007158
0.7450	-0.006494
0.7500	-0.004939
0.7550	-0.002071
0.7600	0.002341
0.7650	0.007539
0.7700	0.011916
0.7750	0.014396
0.7800	0.015027
0.7850	0.014468
0.7900	0.013471
0.7950	0.012543
0.8000	0.011841
0.8050	0.011256
0.8100	0.010533
0.8150	0.009364
0.8200	0.007520
0.8250	0.004925
0.8300	0.001867
0.8350	-0.000981
0.8400	-0.003005
0.8450	-0.003974
0.8500	-0.004048
0.8550	-0.003510
0.8600	-0.002645
0.8650	-0.001781
0.8700	-0.001255
0.8750	-0.001290
0.8800	-0.001905
0.8850	-0.002953
0.8900	-0.004163
0.8950	-0.005143
0.9000	-0.005558
0.9050	-0.005155
0.9100	-0.003601
0.9150	-0.000739
0.9200	0.003220
0.9250	0.007567
0.9300	0.011130
0.9350	0.012867
0.9400	0.012125
0.9450	0.008497
0.9500	0.002114
0.9550	-0.005634
0.9600	-0.012436
0.9650	-0.016717
0.9700	-0.018614
0.9750	-0.019409
0.9800	-0.020274
0.9850	-0.021615
0.9900	-0.023264
0.9950	-0.024839
1.0000	-0.026075
1.0050	-0.026808
1.0100	-0.026758
1.0150	-0.024786
1.0200	-0.019022
1.0250	-0.008932
1.0300	0.003799
1.0350	0.016891
1.0400	0.029206
1.0450	0.040166
1.0500	0.048540
1.0550	0.053370
1.0600	0.054866
1.0650	0.053802
1.0700	0.051014
1.0750	0.047312
1.0800	0.043431
1.0850	0.039626
1.0900	0.035366
1.0950	0.029368
1.1000	0.020343
1.1050	0.008977
1.1100	-0.001744
1.1150	-0.009123
1.1200	-0.012867
1.1250	-0.014493
1.1300	-0.015460
1.1350	-0.016217
1.1400	-0.016516
1.1450	-0.016093
1.1500	-0.014957
1.1550	-0.013420
1.1600	-0.011845
1.1650	-0.010263
1.1700	-0.008419
1.1750	-0.006202
1.1800	-0.003907
1.1850	-0.002004
1.1900	-0.000984
1.1950	-0.001104
1.2000	-0.002258
1.2050	-0.004216
1.2100	-0.006605
1.2150	-0.008835
1.2200	-0.010164
1.2250	-0.009944
1.2300	-0.007906
1.2350	-0.004143
1.2400	0.001443
1.2450	0.009334
1.2500	0.019580
1.2550	0.030856
1.2600	0.040248
1.2650	0.044707
1.2700	0.042040
1.2750	0.031111
1.2800	0.013914
1.2850	-0.003485
1.2900	-0.014771
1.2950	-0.018329
1.3000	-0.017248
1.3050	-0.015468
1.3100	-0.015204
1.3150	-0.016586
1.3200	-0.018414
1.3250	-0.019471
1.3300	-0.019226
1.3350	-0.017662
1.3400	-0.014921
1.3450	-0.011214
1.3500	-0.006864
1.3550	-0.002319
1.3600	0.001593
1.3650	0.003666
1.3700	0.002807
1.3750	-0.001813
1.3800	-0.010825
1.3850	-0.023058
1.3900	-0.034798
1.3950	-0.042740
1.4000	-0.046336
1.4050	-0.046832
1.4100	-0.045572
1.4150	-0.043326
1.4200	-0.040138
1.4250	-0.035832
1.4300	-0.030741
1.4350	-0.025498
1.4400	-0.020494
1.4450	-0.015362
1.4500	-0.008374
1.4550	0.002879
1.4600	0.018144
1.4650	0.033006
1.4700	0.043147
1.4750	0.048067
1.4800	0.050071
1.4850	0.051664
1.4900	0.053918
1.4950	0.056204
1.5000	0.056993
1.5050	0.054996
1.5100	0.049624
1.5150	0.041178
1.5200	0.031273
1.5250	0.022523
1.5300	0.016824
1.5350	0.014099
1.5400	0.012944
1.5450	0.011944
1.5500	0.010144
1.5550	0.007283
1.5600	0.003979
1.5650	0.001159
1.5700	-0.000307
1.5750	0.000289
1.5800	0.003050
1.5850	0.007510
1.5900	0.013226
1.5950	0.019716
1.6000	0.026468
1.6050	0.033381
1.6100	0.040494
1.6150	0.047354
1.6200	0.052853
1.6250	0.055298
1.6300	0.052384
1.6350	0.042511
1.6400	0.028044
1.6450	0.015062
1.6500	0.007709
1.6550	0.005085
1.6600	0.003769
1.6650	0.000927
1.6700	-0.004240
1.6750	-0.010518
1.6800	-0.016161
1.6850	-0.020530
1.6900	-0.024430
1.6950	-0.028982
1.7000	-0.034443
1.7050	-0.040164
1.7100	-0.045198
1.7150	-0.048746
1.7200	-0.050453
1.7250	-0.050134
1.7300	-0.046866
1.7350	-0.038193
1.7400	-0.021865
1.7450	0.000914
1.7500	0.026096
1.7550	0.049674
1.7600	0.069082
1.7650	0.083321
1.7700	0.092286
1.7750	0.094918
1.7800	0.088066
1.7850	0.069780
1.7900	0.043066
1.7950	0.014460
1.8000	-0.008717
1.8050	-0.021188
1.8100	-0.023458
1.8150	-0.020793
1.8200	-0.018766
1.8250	-0.021175
1.8300	-0.029336
1.8350	-0.041264
1.8400	-0.052536
1.8450	-0.059270
1.8500	-0.060429
1.8550	-0.057624
1.8600	-0.053085
1.8650	-0.047762
1.8700	-0.040130
1.8750	-0.026136
1.8800	-0.003390
1.8850	0.022922
1.8900	0.042301
1.8950	0.047967
1.9000	0.039864
1.9050	0.021868
1.9100	0.000516
1.9150	-0.016791
1.9200	-0.026215
1.9250	-0.029657
1.9300	-0.031675
1.9350	-0.035099
1.9400	-0.039634
1.9450	-0.043452
1.9500	-0.045088
1.9550	-0.044219
1.9600	-0.041437
1.9650	-0.037267
1.9700	-0.031772
1.9750	-0.024977
1.9800	-0.017231
1.9850	-0.009311
1.9900	-0.001944
1.9950	0.005051
2.0000	0.012726
2.0050	0.021990
2.0100	0.032557
2.0150	0.042684
2.0200	0.050422
2.0250	0.055166
2.0300	0.057810
2.0350	0.059839
2.0400	0.062266
2.0450	0.065130
2.0500	0.067657
2.0550	0.068830
2.0600	0.067855
2.0650	0.064351
2.0700	0.058463
2.0750	0.050107
2.0800	0.038641
2.0850	0.024314
2.0900	0.009474
2.0950	-0.002513
2.1000	-0.010022
2.1050	-0.014009
2.1100	-0.016117
2.1150	-0.017161
2.1200	-0.017032
2.1250	-0.015715
2.1300	-0.014010
2.1350	-0.012873
2.1400	-0.012723
2.1450	-0.012963
2.1500	-0.012526
2.1550	-0.011226
2.1600	-0.010153
2.1650	-0.010612
2.1700	-0.012773
2.1750	-0.015713
2.1800	-0.017805
2.1850	-0.017086
2.1900	-0.012306
2.1950	-0.003957
2.2000	0.005406
2.2050	0.012187
2.2100	0.013773
2.2150	0.009930
2.2200	0.002508
2.2250	-0.006200
2.2300	-0.014536
2.2350	-0.021832
2.2400	-0.028386
2.2450	-0.034545
2.2500	-0.040122
2.2550	-0.044520
2.2600	-0.046757
2.2650	-0.045149
2.2700	-0.036105
2.2750	-0.016142
2.2800	0.011242
2.2850	0.035246
2.2900	0.047697
2.2950	0.049328
2.3000	0.046054
2.3050	0.042553
2.3100	0.039951
2.3150	0.037143
2.3200	0.032207
2.3250	0.022841
2.3300	0.006820
2.3350	-0.014318
2.3400	-0.033524
2.3450	-0.044613
2.3500	-0.047833
2.3550	-0.047840
2.3600	-0.048854
2.3650	-0.052452
2.3700	-0.058295
2.3750	-0.065201
2.3800	-0.071832
2.3850	-0.077575
2.3900	-0.082149
2.3950	-0.084680
2.4000	-0.083554
2.4050	-0.075978
2.4100	-0.059633
2.4150	-0.035786
2.4200	-0.008691
2.4250	0.017907
2.4300	0.041340
2.4350	0.058501
2.4400	0.067324
2.4450	0.068614
2.4500	0.064561
2.4550	0.056913
2.4600	0.047999
2.4650	0.041383
2.4700	0.039737
2.4750	0.044373
2.4800	0.056265
2.4850	0.074506
2.4900	0.093665
2.4950	0.105185
2.5000	0.101959
2.5050	0.081897
2.5100	0.049879
2.5150	0.014556
2.5200	-0.015935
2.5250	-0.034975
2.5300	-0.040774
2.5350	-0.037301
2.5400	-0.029520
2.5450	-0.020185
2.5500	-0.010132
2.5550	0.000227
2.5600	0.009773
2.5650	0.016516
2.5700	0.018312
2.5750	0.014461
2.5800	0.007513
2.5850	0.002179
2.5900	0.001918
2.5950	0.007302
2.6000	0.016159
2.6050	0.024683
2.6100	0.030076
2.6150	0.032510
2.6200	0.034112
2.6250	0.036729
2.6300	0.040186
2.6350	0.042103
2.6400	0.038615
2.6450	0.027477
2.6500	0.012226
2.6550	-0.000297
2.6600	-0.006391
2.6650	-0.007545
2.6700	-0.007166
2.6750	-0.007627
2.6800	-0.009588
2.6850	-0.012112
2.6900	-0.014410
2.6950	-0.017042
2.7000	-0.021315
2.7050	-0.027940
2.7100	-0.035757
2.7150	-0.042297
2.7200	-0.045089
2.7250	-0.042705
2.7300	-0.035150
2.7350	-0.022978
2.7400	-0.007761
2.7450	0.007432
2.7500	0.019027
2.7550	0.025129
2.7600	0.025619
2.7650	0.021021
2.7700	0.013945
2.7750	0.008409
2.7800	0.007679
2.7850	0.012925
2.7900	0.022764
2.7950	0.033821
2.8000	0.042225
2.8050	0.045987
2.8100	0.045573
2.8150	0.042426
2.8200	0.037074
2.8250	0.027635
2.8300	0.012296
2.8350	-0.005853
2.8400	-0.020206
2.8450	-0.027054
2.8500	-0.027765
2.8550	-0.025672
2.8600	-0.023660
2.8650	-0.023216
2.8700	-0.024604
2.8750	-0.027884
2.8800	-0.032696
2.8850	-0.038365
2.8900	-0.044042
2.8950	-0.048836
2.9000	-0.052489
2.9050	-0.054876
2.9100	-0.055917
2.9150	-0.055546
2.9200	-0.053462
2.9250	-0.049787
2.9300	-0.045237
2.9350	-0.040189
2.9400	-0.034754
2.9450	-0.028905
2.9500	-0.020799
2.9550	-0.007091
2.9600	0.012813
2.9650	0.034040
2.9700	0.049898
2.9750	0.058240
2.9800	0.062017
2.9850	0.064554
2.9900	0.066489
2.9950	0.065937
3.0000	0.061305
3.0050	0.053559
3.0100	0.046459
3.0150	0.043796
3.0200	0.045859
3.0250	0.050215
3.0300	0.053030
3.0350	0.050714
3.0400	0.043044
3.0450	0.033855
3.0500	0.028766
3.0550	0.031026
3.0600	0.039577
3.0650	0.049928
3.0700	0.056812
3.0750	0.058109
3.0800	0.055371
3.0850	0.051208
3.0900	0.047147
3.0950	0.043220
3.1000	0.038043
3.1050	0.028388
3.1100	0.010965
3.1150	-0.013781
3.1200	-0.042029
3.1250	-0.069954
3.1300	-0.095242
3.1350	-0.115183
3.1400	-0.125279
3.1450	-0.122321
3.1500	-0.107009
3.1550	-0.084191
3.1600	-0.060340
3.1650	-0.041731
3.1700	-0.032313
3.1750	-0.030620
3.1800	-0.032443
3.1850	-0.034552
3.1900	-0.036169
3.1950	-0.037601
3.2000	-0.038619
3.2050	-0.039053
3.2100	-0.037486
3.2150	-0.032311
3.2200	-0.024179
3.2250	-0.015589
3.2300	-0.009664
3.2350	-0.008720
3.2400	-0.013479
3.2450	-0.024218
3.2500	-0.040523
3.2550	-0.059976
3.2600	-0.080226
3.2650	-0.099767
3.2700	-0.117039
3.2750	-0.130636
3.2800	-0.139853
3.2850	-0.145236
3.2900	-0.147641
3.2950	-0.147311
3.3000	-0.144491
3.3050	-0.139690
3.3100	-0.133527
3.3150	-0.127043
3.3200	-0.120852
3.3250	-0.115197
3.3300	-0.110814
3.3350	-0.108241
3.3400	-0.107671
3.3450	-0.109261
3.3500	-0.112663
3.3550	-0.116673
3.3600	-0.120651
3.3650	-0.124245
3.3700	-0.126221
3.3750	-0.125758
3.3800	-0.122348
3.3850	-0.116023
3.3900	-0.107502
3.3950	-0.098067
3.4000	-0.090593
3.4050	-0.088529
3.4100	-0.094418
3.4150	-0.108979
3.4200	-0.129075
3.4250	-0.148737
3.4300	-0.163021
3.4350	-0.170507
3.4400	-0.174315
3.4450	-0.178339
3.4500	-0.183473
3.4550	-0.188904
3.4600	-0.193686
3.4650	-0.196913
3.4700	-0.198790
3.4750	-0.200323
3.4800	-0.202265
3.4850	-0.205795
3.4900	-0.211345
3.4950	-0.217747
3.5000	-0.223338
3.5050	-0.227067
3.5100	-0.227294
3.5150	-0.220954
3.5200	-0.206119
3.5250	-0.183886
3.5300	-0.158196
3.5350	-0.132951
3.5400	-0.108940
3.5450	-0.084987
3.5500	-0.060997
3.5550	-0.038921
3.5600	-0.021972
3.5650	-0.010211
3.5700	0.002606
3.5750	0.022836
3.5800	0.051228
3.5850	0.083375
3.5900	0.114499
3.5950	0.143489
3.6000	0.171374
3.6050	0.198919
3.6100	0.223982
3.6150	0.241370
3.6200	0.248586
3.6250	0.248066
3.6300	0.243094
3.6350	0.234777
3.6400	0.222470
3.6450	0.205904
3.6500	0.186858
3.6550	0.167396
3.6600	0.149025
3.6650	0.134662
3.6700	0.125377
3.6750	0.118552
3.6800	0.110900
3.6850	0.099611
3.6900	0.083843
3.6950	0.068209
3.7000	0.060638
3.7050	0.065954
3.7100	0.083089
3.7150	0.106152
3.7200	0.129258
3.7250	0.150035
3.7300	0.169555
3.7350	0.188526
3.7400	0.204971
3.7450	0.215740
3.7500	0.219226
3.7550	0.216520
3.7600	0.208491
3.7650	0.196170
3.7700	0.181893
3.7750	0.167653
3.7800	0.153489
3.7850	0.138229
3.7900	0.121243
3.7950	0.102943
3.8000	0.085916
3.8050	0.072955
3.8100	0.064154
3.8150	0.058205
3.8200	0.053193
3.8250	0.048194
3.8300	0.043943
3.8350	0.040281
3.8400	0.036910
3.8450	0.033822
3.8500	0.030446
3.8550	0.026179
3.8600	0.020385
3.8650	0.012816
3.8700	0.004613
3.8750	-0.003110
3.8800	-0.009610
3.8850	-0.013874
3.8900	-0.016182
3.8950	-0.017136
3.9000	-0.016746
3.9050	-0.015496
3.9100	-0.014597
3.9150	-0.014749
3.9200	-0.016490
3.9250	-0.020679
3.9300	-0.027643
3.9350	-0.038514
3.9400	-0.055015
3.9450	-0.076328
3.9500	-0.099808
3.9550	-0.123111
3.9600	-0.143724
3.9650	-0.159113
3.9700	-0.167578
3.9750	-0.170289
3.9800	-0.166824
3.9850	-0.148715
3.9900	-0.106305
3.9950	-0.041729
4.0000	0.032296
4.0050	0.105162
4.0100	0.173858
4.0150	0.240857
4.0200	0.309798
4.0250	0.382221
4.0300	0.457027
4.0350	0.531581
4.0400	0.598675
4.0450	0.642588
4.0500	0.650419
4.0550	0.626248
4.0600	0.587781
4.0650	0.551255
4.0700	0.520705
4.0750	0.491884
4.0800	0.460095
4.0850	0.423037
4.0900	0.382464
4.0950	0.341794
4.1000	0.302561
4.1050	0.264933
4.1100	0.227909
4.1150	0.190370
4.1200	0.152552
4.1250	0.114341
4.1300	0.075688
4.1350	0.037479
4.1400	-0.000375
4.1450	-0.038241
4.1500	-0.076139
4.1550	-0.114261
4.1600	-0.152195
4.1650	-0.188804
4.1700	-0.220397
4.1750	-0.242929
4.1800	-0.256653
4.1850	-0.265065
4.1900	-0.271794
4.1950	-0.278589
4.2000	-0.285061
4.2050	-0.290024
4.2100	-0.294177
4.2150	-0.298927
4.2200	-0.305931
4.2250	-0.317857
4.2300	-0.336200
4.2350	-0.360705
4.2400	-0.388455
4.2450	-0.416295
4.2500	-0.442841
4.2550	-0.465895
4.2600	-0.482001
4.2650	-0.489240
4.2700	-0.488573
4.2750	-0.479137
4.2800	-0.456870
4.2850	-0.420793
4.2900	-0.375475
4.2950	-0.327635
4.3000	-0.281162
4.3050	-0.235844
4.3100	-0.189957
4.3150	-0.142449
4.3200	-0.093681
4.3250	-0.044392
4.3300	0.004765
4.3350	0.053299
4.3400	0.099974
4.3450	0.140494
4.3500	0.168988
4.3550	0.184968
4.3600	0.195520
4.3650	0.210259
4.3700	0.233917
4.3750	0.260772
4.3800	0.279940
4.3850	0.284331
4.3900	0.269895
4.3950	0.235548
4.4000	0.187789
4.4050	0.136269
4.4100	0.086487
4.4150	0.040344
4.4200	0.000550
4.4250	-0.027289
4.4300	-0.040361
4.4350	-0.043314
4.4400	-0.043715
4.4450	-0.045763
4.4500	-0.049612
4.4550	-0.054871
4.4600	-0.061177
4.4650	-0.068501
4.4700	-0.077621
4.4750	-0.089026
4.4800	-0.101995
4.4850	-0.114500
4.4900	-0.124556
4.4950	-0.131428
4.5000	-0.134672
4.5050	-0.133599
4.5100	-0.128746
4.5150	-0.119416
4.5200	-0.103520
4.5250	-0.080262
4.5300	-0.051536
4.5350	-0.020839
4.5400	0.009701
4.5450	0.039399
4.5500	0.069009
4.5550	0.099134
4.5600	0.128341
4.5650	0.155189
4.5700	0.180320
4.5750	0.205854
4.5800	0.232856
4.5850	0.260548
4.5900	0.288153
4.5950	0.315526
4.6000	0.342687
4.6050	0.369438
4.6100	0.396650
4.6150	0.426358
4.6200	0.457853
4.6250	0.485530
4.6300	0.503180
4.6350	0.506822
4.6400	0.490530
4.6450	0.446275
4.6500	0.375035
4.6550	0.290111
4.6600	0.204557
4.6650	0.123112
4.6700	0.043483
4.6750	-0.034776
4.6800	-0.100337
4.6850	-0.138509
4.6900	-0.148148
4.6950	-0.139288
4.7000	-0.119281
4.7050	-0.092236
4.7100	-0.067950
4.7150	-0.057463
4.7200	-0.064136
4.7250	-0.086002
4.7300	-0.118267
4.7350	-0.153913
4.7400	-0.185997
4.7450	-0.209194
4.7500	-0.221326
4.7550	-0.225649
4.7600	-0.227431
4.7650	-0.229079
4.7700	-0.230464
4.7750	-0.230603
4.7800	-0.228903
4.7850	-0.225489
4.7900	-0.221087
4.7950	-0.216250
4.8000	-0.210984
4.8050	-0.205242
4.8100	-0.199416
4.8150	-0.192816
4.8200	-0.184328
4.8250	-0.172118
4.8300	-0.152718
4.8350	-0.125311
4.8400	-0.094379
4.8450	-0.068087
4.8500	-0.050830
4.8550	-0.039227
4.8600	-0.027549
4.8650	-0.012284
4.8700	0.006241
4.8750	0.024087
4.8800	0.036348
4.8850	0.040140
4.8900	0.035269
4.8950	0.023939
4.9000	0.011038
4.9050	0.001553
4.9100	-0.001828
4.9150	0.000170
4.9200	0.004986
4.9250	0.011070
4.9300	0.017505
4.9350	0.025396
4.9400	0.037791
4.9450	0.057691
4.9500	0.085580
4.9550	0.114164
4.9600	0.133334
4.9650	0.139585
4.9700	0.133602
4.9750	0.115507
4.9800	0.086246
4.9850	0.050014
4.9900	0.011773
4.9950	-0.025949
5.0000	-0.063458
5.0050	-0.101821
5.0100	-0.139287
5.0150	-0.170432
5.0200	-0.189644
5.0250	-0.196128
5.0300	-0.194523
5.0350	-0.189356
5.0400	-0.181282
5.0450	-0.169872
5.0500	-0.155754
5.0550	-0.139157
5.0600	-0.118070
5.0650	-0.089312
5.0700	-0.052961
5.0750	-0.012628
5.0800	0.027605
5.0850	0.066457
5.0900	0.104881
5.0950	0.143246
5.1000	0.182162
5.1050	0.218714
5.1100	0.246017
5.1150	0.261466
5.1200	0.268503
5.1250	0.271852
5.1300	0.275880
5.1350	0.281891
5.1400	0.287842
5.1450	0.292122
5.1500	0.293096
5.1550	0.287045
5.1600	0.267903
5.1650	0.232874
5.1700	0.186938
5.1750	0.138499
5.1800	0.092352
5.1850	0.047827
5.1900	0.002950
5.1950	-0.043592
5.2000	-0.091563
5.2050	-0.136643
5.2100	-0.172451
5.2150	-0.196837
5.2200	-0.215133
5.2250	-0.233776
5.2300	-0.253581
5.2350	-0.271976
5.2400	-0.285855
5.2450	-0.294249
5.2500	-0.299148
5.2550	-0.302935
5.2600	-0.307264
5.2650	-0.313008
5.2700	-0.319832
5.2750	-0.328213
5.2800	-0.340359
5.2850	-0.356960
5.2900	-0.377961
5.2950	-0.400020
5.3000	-0.415504
5.3050	-0.419971
5.3100	-0.409952
5.3150	-0.379426
5.3200	-0.328489
5.3250	-0.266255
5.3300	-0.202694
5.3350	-0.141687
5.3400	-0.081782
5.3450	-0.020726
5.3500	0.043016
5.3550	0.109093
5.3600	0.173860
5.3650	0.228650
5.3700	0.263965
5.3750	0.279388
5.3800	0.284528
5.3850	0.289613
5.3900	0.298792
5.3950	0.311625
5.4000	0.326897
5.4050	0.345343
5.4100	0.368281
5.4150	0.394484
5.4200	0.421765
5.4250	0.448704
5.4300	0.473130
5.4350	0.489706
5.4400	0.486591
5.4450	0.452160
5.4500	0.388777
5.4550	0.311312
5.4600	0.233876
5.4650	0.161654
5.4700	0.091582
5.4750	0.019854
5.4800	-0.048519
5.4850	-0.098216
5.4900	-0.115500
5.4950	-0.100164
5.5000	-0.063755
5.5050	-0.021227
5.5100	0.014205
5.5150	0.034179
5.5200	0.038984
5.5250	0.035931
5.5300	0.032995
5.5350	0.033751
5.5400	0.037017
5.5450	0.040932
5.5500	0.043934
5.5550	0.045227
5.5600	0.044640
5.5650	0.041904
5.5700	0.036366
5.5750	0.027235
5.5800	0.014548
5.5850	-0.001816
5.5900	-0.022061
5.5950	-0.045611
5.6000	-0.071051
5.6050	-0.095025
5.6100	-0.112297
5.6150	-0.120878
5.6200	-0.122619
5.6250	-0.118306
5.6300	-0.105447
5.6350	-0.080899
5.6400	-0.046639
5.6450	-0.008651
5.6500	0.028739
5.6550	0.062769
5.6600	0.089385
5.6650	0.106170
5.6700	0.115582
5.6750	0.121927
5.6800	0.127967
5.6850	0.134372
5.6900	0.140942
5.6950	0.147268
5.7000	0.153374
5.7050	0.159877
5.7100	0.166144
5.7150	0.170385
5.7200	0.169127
5.7250	0.156234
5.7300	0.127753
5.7350	0.086616
5.7400	0.040851
5.7450	-0.002776
5.7500	-0.041159
5.7550	-0.070052
5.7600	-0.086580
5.7650	-0.094447
5.7700	-0.099878
5.7750	-0.107216
5.7800	-0.116855
5.7850	-0.126496
5.7900	-0.134953
5.7950	-0.142774
5.8000	-0.151085
5.8050	-0.161861
5.8100	-0.177774
5.8150	-0.199495
5.8200	-0.225003
5.8250	-0.251504
5.8300	-0.277180
5.8350	-0.301480
5.8400	-0.323329
5.8450	-0.340552
5.8500	-0.351554
5.8550	-0.356955
5.8600	-0.358360
5.8650	-0.356142
5.8700	-0.348848
5.8750	-0.334196
5.8800	-0.311559
5.8850	-0.283748
5.8900	-0.254929
5.8950	-0.227317
5.9000	-0.201237
5.9050	-0.177464
5.9100	-0.157618
5.9150	-0.142139
5.9200	-0.128963
5.9250	-0.114558
5.9300	-0.097205
5.9350	-0.077713
5.9400	-0.058009
5.9450	-0.039781
5.9500	-0.023639
5.9550	-0.009342
5.9600	0.004233
5.9650	0.017533
5.9700	0.029930
5.9750	0.041508
5.9800	0.053821
5.9850	0.069273
5.9900	0.089353
5.9950	0.112802
6.0000	0.136398
6.0050	0.157256
6.0100	0.173513
6.0150	0.185586
6.0200	0.196100
6.0250	0.207160
6.0300	0.219771
6.0350	0.234918
6.0400	0.253555
6.0450	0.275093
6.0500	0.297835
6.0550	0.320341
6.0600	0.340163
6.0650	0.354824
6.0700	0.363377
6.0750	0.366389
6.0800	0.364491
6.0850	0.354603
6.0900	0.332849
6.0950	0.300530
6.1000	0.263078
6.1050	0.225684
6.1100	0.189994
6.1150	0.154652
6.1200	0.118344
6.1250	0.080634
6.1300	0.042154
6.1350	0.005690
6.1400	-0.022992
6.1450	-0.039255
6.1500	-0.044787
6.1550	-0.045200
6.1600	-0.045178
6.1650	-0.045855
6.1700	-0.046178
6.1750	-0.045690
6.1800	-0.044962
6.1850	-0.044847
6.1900	-0.045421
6.1950	-0.046505
6.2000	-0.047838
6.2050	-0.048361
6.2100	-0.047204
6.2150	-0.044080
6.2200	-0.038312
6.2250	-0.027716
6.2300	-0.008753
6.2350	0.019423
6.2400	0.051736
6.2450	0.079613
6.2500	0.096922
6.2550	0.104328
6.2600	0.107378
6.2650	0.109902
6.2700	0.111236
6.2750	0.107713
6.2800	0.093375
6.2850	0.065506
6.2900	0.028779
6.2950	-0.009919
6.3000	-0.046556
6.3050	-0.081282
6.3100	-0.116179
6.3150	-0.152536
6.3200	-0.190635
6.3250	-0.229224
6.3300	-0.265704
6.3350	-0.294917
6.3400	-0.311705
6.3450	-0.317164
6.3500	-0.316631
6.3550	-0.314906
6.3600	-0.313669
6.3650	-0.311475
6.3700	-0.305318
6.3750	-0.291698
6.3800	-0.268947
6.3850	-0.238980
6.3900	-0.206651
6.3950	-0.176166
6.4000	-0.150845
6.4050	-0.132992
6.4100	-0.121765
6.4150	-0.114454
6.4200	-0.108731
6.4250	-0.104393
6.4300	-0.102107
6.4350	-0.102160
6.4400	-0.104503
6.4450	-0.108256
6.4500	-0.112547
6.4550	-0.116645
6.4600	-0.120030
6.4650	-0.122143
6.4700	-0.122543
6.4750	-0.121092
6.4800	-0.116691
6.4850	-0.107256
6.4900	-0.088860
6.4950	-0.058747
6.5000	-0.020618
6.5050	0.018990
6.5100	0.056862
6.5150	0.092133
6.5200	0.122023
6.5250	0.143094
6.5300	0.156345
6.5350	0.166111
6.5400	0.175739
6.5450	0.185179
6.5500	0.191573
6.5550	0.192690
6.5600	0.187538
6.5650	0.175296
6.5700	0.156444
6.5750	0.134561
6.5800	0.116551
6.5850	0.107928
6.5900	0.108499
6.5950	0.114522
6.6000	0.121836
6.6050	0.127873
6.6100	0.131325
6.6150	0.131458
6.6200	0.128294
6.6250	0.122485
6.6300	0.115039
6.6350	0.107208
6.6400	0.100187
6.6450	0.094663
6.6500	0.091009
6.6550	0.089226
6.6600	0.089328
6.6650	0.091643
6.6700	0.096356
6.6750	0.102360
6.6800	0.108565
6.6850	0.113980
6.6900	0.117339
6.6950	0.119157
6.7000	0.120608
6.7050	0.122324
6.7100	0.124382
6.7150	0.126356
6.7200	0.127389
6.7250	0.126342
6.7300	0.122549
6.7350	0.115479
6.7400	0.104086
6.7450	0.087489
6.7500	0.067111
6.7550	0.046624
6.7600	0.028744
6.7650	0.013408
6.7700	-0.001261
6.7750	-0.017783
6.7800	-0.037102
6.7850	-0.056717
6.7900	-0.072910
6.7950	-0.083130
6.8000	-0.087270
6.8050	-0.087586
6.8100	-0.086006
6.8150	-0.083183
6.8200	-0.079779
6.8250	-0.076196
6.8300	-0.073015
6.8350	-0.070980
6.8400	-0.069635
6.8450	-0.068998
6.8500	-0.069336
6.8550	-0.071173
6.8600	-0.076511
6.8650	-0.087619
6.8700	-0.107059
6.8750	-0.134425
6.8800	-0.165222
6.8850	-0.196104
6.8900	-0.225743
6.8950	-0.254711
6.9000	-0.284330
6.9050	-0.312686
6.9100	-0.335035
6.9150	-0.347359
6.9200	-0.349288
6.9250	-0.341215
6.9300	-0.320376
6.9350	-0.285748
6.9400	-0.242329
6.9450	-0.197020
6.9500	-0.153101
6.9550	-0.109938
6.9600	-0.066226
6.9650	-0.021115
6.9700	0.022894
6.9750	0.058308
6.9800	0.079908
6.9850	0.089838
6.9900	0.094427
6.9950	0.098331
7.0000	0.102168
7.0050	0.104501
7.0100	0.103968
7.0150	0.100554
7.0200	0.095504
7.0250	0.090356
7.0300	0.086010
7.0350	0.083525
7.0400	0.084424
7.0450	0.089325
7.0500	0.098913
7.0550	0.113374
7.0600	0.129795
7.0650	0.144034
7.0700	0.153373
7.0750	0.157682
7.0800	0.158383
7.0850	0.157080
7.0900	0.154980
7.0950	0.151482
7.1000	0.146354
7.1050	0.139495
7.1100	0.130527
7.1150	0.121047
7.1200	0.112970
7.1250	0.107280
7.1300	0.104128
7.1350	0.103298
7.1400	0.104877
7.1450	0.109003
7.1500	0.115550
7.1550	0.123783
7.1600	0.132412
7.1650	0.140041
7.1700	0.144700
7.1750	0.144832
7.1800	0.140022
7.1850	0.129610
7.1900	0.113526
7.1950	0.094430
7.2000	0.076817
7.2050	0.063195
7.2100	0.052934
7.2150	0.043865
7.2200	0.034147
7.2250	0.022952
7.2300	0.010490
7.2350	-0.002899
7.2400	-0.017956
7.2450	-0.035414
7.2500	-0.054269
7.2550	-0.071430
7.2600	-0.084031
7.2650	-0.091750
7.2700	-0.096295
7.2750	-0.099176
7.2800	-0.100511
7.2850	-0.099871
7.2900	-0.097757
7.2950	-0.095252
7.3000	-0.093152
7.3050	-0.092109
7.3100	-0.092421
7.3150	-0.093927
7.3200	-0.096466
7.3250	-0.099500
7.3300	-0.102215
7.3350	-0.104633
7.3400	-0.106634
7.3450	-0.108326
7.3500	-0.110417
7.3550	-0.113070
7.3600	-0.115900
7.3650	-0.118547
7.3700	-0.120771
7.3750	-0.122065
7.3800	-0.122096
7.3850	-0.120208
7.3900	-0.116045
7.3950	-0.108828
7.4000	-0.096806
7.4050	-0.079806
7.4100	-0.059235
7.4150	-0.037338
7.4200	-0.015941
7.4250	0.004765
7.4300	0.025194
7.4350	0.044890
7.4400	0.063245
7.4450	0.080370
7.4500	0.096298
7.4550	0.111266
7.4600	0.126220
7.4650	0.142279
7.4700	0.158570
7.4750	0.173088
7.4800	0.184660
7.4850	0.192558
7.4900	0.197214
7.4950	0.199412
7.5000	0.199008
7.5050	0.195467
7.5100	0.187913
7.5150	0.175988
7.5200	0.160405
7.5250	0.143196
7.5300	0.127014
7.5350	0.112978
7.5400	0.100886
7.5450	0.089631
7.5500	0.078869
7.5550	0.068637
7.5600	0.058208
7.5650	0.047798
7.5700	0.038003
7.5750	0.029176
7.5800	0.021229
7.5850	0.013660
7.5900	0.006135
7.5950	-0.001974
7.6000	-0.011157
7.6050	-0.021376
7.6100	-0.033069
7.6150	-0.046753
7.6200	-0.062451
7.6250	-0.079359
7.6300	-0.094975
7.6350	-0.107003
7.6400	-0.115099
7.6450	-0.120265
7.6500	-0.123600
7.6550	-0.125085
7.6600	-0.124597
7.6650	-0.122804
7.6700	-0.120433
7.6750	-0.118044
7.6800	-0.116313
7.6850	-0.115569
7.6900	-0.115251
7.6950	-0.114602
7.7000	-0.112847
7.7050	-0.109351
7.7100	-0.104361
7.7150	-0.098465
7.7200	-0.092202
7.7250	-0.086695
7.7300	-0.083049
7.7350	-0.081354
7.7400	-0.081736
7.7450	-0.083623
7.7500	-0.085547
7.7550	-0.087359
7.7600	-0.089358
7.7650	-0.091228
7.7700	-0.092511
7.7750	-0.092704
7.7800	-0.091383
7.7850	-0.088512
7.7900	-0.084246
7.7950	-0.079020
7.8000	-0.073708
7.8050	-0.069286
7.8100	-0.066382
7.8150	-0.064981
7.8200	-0.064812
7.8250	-0.065342
7.8300	-0.066126
7.8350	-0.066993
7.8400	-0.067800
7.8450	-0.068235
7.8500	-0.068082
7.8550	-0.067087
7.8600	-0.064652
7.8650	-0.060847
7.8700	-0.055988
7.8750	-0.050667
7.8800	-0.045904
7.8850	-0.041961
7.8900	-0.038865
7.8950	-0.036344
7.9000	-0.033411
7.9050	-0.029190
7.9100	-0.023090
7.9150	-0.014603
7.9200	-0.003679
7.9250	0.008391
7.9300	0.020414
7.9350	0.032097
7.9400	0.043207
7.9450	0.053783
7.9500	0.063158
7.9550	0.070130
7.9600	0.074119
7.9650	0.074814
7.9700	0.072064
7.9750	0.066911
7.9800	0.061337
7.9850	0.056702
7.9900	0.053861
7.9950	0.053372
8.0000	0.055349
8.0050	0.059679
8.0100	0.066066
8.0150	0.073876
8.0200	0.082162
8.0250	0.089674
8.0300	0.095483
8.0350	0.099473
8.0400	0.101490
8.0450	0.101420
8.0500	0.099594
8.0550	0.095769
8.0600	0.089738
8.0650	0.081070
8.0700	0.068389
8.0750	0.051851
8.0800	0.033051
8.0850	0.013804
8.0900	-0.003818
8.0950	-0.017597
8.1000	-0.026312
8.1050	-0.030886
8.1100	-0.032576
8.1150	-0.032053
8.1200	-0.029303
8.1250	-0.023225
8.1300	-0.013463
8.1350	-0.000996
8.1400	0.012810
8.1450	0.025545
8.1500	0.036080
8.1550	0.045396
8.1600	0.053742
8.1650	0.061211
8.1700	0.067590
8.1750	0.071586
8.1800	0.072332
8.1850	0.070040
8.1900	0.065178
8.1950	0.058676
8.2000	0.052491
8.2050	0.047539
8.2100	0.043251
8.2150	0.039204
8.2200	0.035167
8.2250	0.031089
8.2300	0.027073
8.2350	0.023376
8.2400	0.020362
8.2450	0.018330
8.2500	0.017223
8.2550	0.016843
8.2600	0.017118
8.2650	0.017910
8.2700	0.018880
8.2750	0.019655
8.2800	0.020022
8.2850	0.020043
8.2900	0.019783
8.2950	0.018975
8.3000	0.017654
8.3050	0.015906
8.3100	0.014017
8.3150	0.012595
8.3200	0.011676
8.3250	0.010892
8.3300	0.009781
8.3350	0.008104
8.3400	0.005781
8.3450	0.002850
8.3500	-0.000611
8.3550	-0.004580
8.3600	-0.008635
8.3650	-0.012709
8.3700	-0.016890
8.3750	-0.020557
8.3800	-0.023400
8.3850	-0.025334
8.3900	-0.026288
8.3950	-0.026553
8.4000	-0.026364
8.4050	-0.026237
8.4100	-0.026509
8.4150	-0.027045
8.4200	-0.027652
8.4250	-0.028104
8.4300	-0.027856
8.4350	-0.026369
8.4400	-0.023773
8.4450	-0.020178
8.4500	-0.016031
8.4550	-0.012614
8.4600	-0.010865
8.4650	-0.010536
8.4700	-0.010702
8.4750	-0.010886
8.4800	-0.010772
8.4850	-0.009913
8.4900	-0.008800
8.4950	-0.007955
8.5000	-0.007142
8.5050	-0.006475
8.5100	-0.006097
8.5150	-0.005543
8.5200	-0.004376
8.5250	-0.002672
8.5300	-0.000466
8.5350	0.002270
8.5400	0.005360
8.5450	0.008820
8.5500	0.012702
8.5550	0.016489
8.5600	0.019629
8.5650	0.021799
8.5700	0.022473
8.5750	0.021618
8.5800	0.019101
8.5850	0.014608
8.5900	0.008130
8.5950	-0.000403
8.6000	-0.010059
8.6050	-0.019206
8.6100	-0.027170
8.6150	-0.033535
8.6200	-0.038543
8.6250	-0.043300
8.6300	-0.048219
8.6350	-0.053362
8.6400	-0.058580
8.6450	-0.063453
8.6500	-0.067762
8.6550	-0.071497
8.6600	-0.074457
8.6650	-0.076618
8.6700	-0.078060
8.6750	-0.078386
8.6800	-0.077291
8.6850	-0.075059
8.6900	-0.072610
8.6950	-0.070518
8.7000	-0.068381
8.7050	-0.065738
8.7100	-0.062380
8.7150	-0.058016
8.7200	-0.052384
8.7250	-0.045057
8.7300	-0.035937
8.7350	-0.025546
8.7400	-0.013993
8.7450	-0.001400
8.7500	0.011247
8.7550	0.023212
8.7600	0.034669
8.7650	0.045669
8.7700	0.055659
8.7750	0.063836
8.7800	0.069865
8.7850	0.073129
8.7900	0.072756
8.7950	0.069002
8.8000	0.061713
8.8050	0.050003
8.8100	0.034186
8.8150	0.016011
8.8200	-0.001540
8.8250	-0.015231
8.8300	-0.023480
8.8350	-0.027210
8.8400	-0.028408
8.8450	-0.027860
8.8500	-0.025338
8.8550	-0.019738
8.8600	-0.009020
8.8650	0.006765
8.8700	0.023558
8.8750	0.036891
8.8800	0.044906
8.8850	0.048490
8.8900	0.050011
8.8950	0.050741
8.9000	0.050549
8.9050	0.048753
8.9100	0.044792
8.9150	0.038834
8.9200	0.031123
8.9250	0.021721
8.9300	0.010759
8.9350	-0.001528
8.9400	-0.013686
8.9450	-0.023402
8.9500	-0.029316
8.9550	-0.031820
8.9600	-0.031877
8.9650	-0.029552
8.9700	-0.024415
8.9750	-0.015618
8.9800	-0.002381
8.9850	0.014011
8.9900	0.029651
8.9950	0.040749
9.0000	0.046752
9.0050	0.049301
9.0100	0.049995
9.0150	0.049524
9.0200	0.047322
9.0250	0.043534
9.0300	0.039113
9.0350	0.034591
9.0400	0.030382
9.0450	0.026749
9.0500	0.023409
9.0550	0.019504
9.0600	0.014252
9.0650	0.007169
9.0700	-0.001584
9.0750	-0.010874
9.0800	-0.018752
9.0850	-0.023871
9.0900	-0.026149
9.0950	-0.026110
9.1000	-0.024501
9.1050	-0.021621
9.1100	-0.017467
9.1150	-0.011647
9.1200	-0.003708
9.1250	0.005905
9.1300	0.016251
9.1350	0.026430
9.1400	0.036138
9.1450	0.045962
9.1500	0.056171
9.1550	0.066447
9.1600	0.076347
9.1650	0.084911
9.1700	0.091486
9.1750	0.095963
9.1800	0.098332
9.1850	0.098748
9.1900	0.096808
9.1950	0.092191
9.2000	0.085264
9.2050	0.076902
9.2100	0.068801
9.2150	0.062331
9.2200	0.058063
9.2250	0.055631
9.2300	0.053959
9.2350	0.052553
9.2400	0.050913
9.2450	0.048560
9.2500	0.045651
9.2550	0.042048
9.2600	0.037903
9.2650	0.033773
9.2700	0.029552
9.2750	0.025057
9.2800	0.019827
9.2850	0.012754
9.2900	0.003163
9.2950	-0.008203
9.3000	-0.019353
9.3050	-0.028649
9.3100	-0.035946
9.3150	-0.042215
9.3200	-0.048380
9.3250	-0.054879
9.3300	-0.061218
9.3350	-0.066287
9.3400	-0.069809
9.3450	-0.071910
9.3500	-0.072628
9.3550	-0.072096
9.3600	-0.071044
9.3650	-0.070062
9.3700	-0.069382
9.3750	-0.069580
9.3800	-0.070388
9.3850	-0.071210
9.3900	-0.072089
9.3950	-0.072979
9.4000	-0.073752
9.4050	-0.074327
9.4100	-0.074462
9.4150	-0.074147
9.4200	-0.072978
9.4250	-0.070784
9.4300	-0.067707
9.4350	-0.063359
9.4400	-0.058137
9.4450	-0.052360
9.4500	-0.045812
9.4550	-0.038753
9.4600	-0.031693
9.4650	-0.025141
9.4700	-0.019763
9.4750	-0.016121
9.4800	-0.014166
9.4850	-0.013844
9.4900	-0.014728
9.4950	-0.016013
9.5000	-0.017315
9.5050	-0.018417
9.5100	-0.019017
9.5150	-0.019136
9.5200	-0.018887
9.5250	-0.018108
9.5300	-0.016713
9.5350	-0.014803
9.5400	-0.012452
9.5450	-0.009424
9.5500	-0.005684
9.5550	-0.001769
9.5600	0.001899
9.5650	0.005318
9.5700	0.008501
9.5750	0.011763
9.5800	0.015624
9.5850	0.020196
9.5900	0.025485
9.5950	0.031066
9.6000	0.036051
9.6050	0.040423
9.6100	0.044821
9.6150	0.049477
9.6200	0.054733
9.6250	0.060425
9.6300	0.066052
9.6350	0.071477
9.6400	0.075882
9.6450	0.078496
9.6500	0.079178
9.6550	0.078099
9.6600	0.075577
9.6650	0.071716
9.6700	0.066330
9.6750	0.059316
9.6800	0.051136
9.6850	0.042456
9.6900	0.034226
9.6950	0.027629
9.7000	0.022829
9.7050	0.019072
9.7100	0.015907
9.7150	0.013403
9.7200	0.011620
9.7250	0.010656
9.7300	0.010546
9.7350	0.010757
9.7400	0.011133
9.7450	0.011293
9.7500	0.010451
9.7550	0.008466
9.7600	0.005272
9.7650	0.000469
9.7700	-0.006276
9.7750	-0.014268
9.7800	-0.022307
9.7850	-0.029488
9.7900	-0.035354
9.7950	-0.040030
9.8000	-0.043996
9.8050	-0.048033
9.8100	-0.052590
9.8150	-0.057462
9.8200	-0.062571
9.8250	-0.067530
9.8300	-0.071653
9.8350	-0.074528
9.8400	-0.075835
9.8450	-0.075489
9.8500	-0.073247
9.8550	-0.068958
9.8600	-0.063004
9.8650	-0.056074
9.8700	-0.048884
9.8750	-0.042308
9.8800	-0.037173
9.8850	-0.033617
9.8900	-0.031395
9.8950	-0.030213
9.9000	-0.029487
9.9050	-0.028773
9.9100	-0.027989
9.9150	-0.026993
9.9200	-0.025856
9.9250	-0.024915
9.9300	-0.024118
9.9350	-0.023485
9.9400	-0.023141
9.9450	-0.023038
9.9500	-0.023375
9.9550	-0.023961
9.9600	-0.024383
9.9650	-0.024649
9.9700	-0.024681
9.9750	-0.024231
9.9800	-0.023188
9.9850	-0.021566
9.9900	-0.019537
9.9950	-0.017270
10.0000	-0.014567
10.0050	-0.011352
10.0100	-0.007765
10.0150	-0.003710
10.0200	0.000718
10.0250	0.005152
10.0300	0.009114
10.0350	0.012267
10.0400	0.014472
10.0450	0.015283
10.0500	0.014401
10.0550	0.011784
10.0600	0.007363
10.0650	0.001797
10.0700	-0.004055
10.0750	-0.009642
10.0800	-0.014397
10.0850	-0.017970
10.0900	-0.020458
10.0950	-0.022199
10.1000	-0.023294
10.1050	-0.023728
10.1100	-0.023290
10.1150	-0.022258
10.1200	-0.021026
10.1250	-0.019517
10.1300	-0.017773
10.1350	-0.015693
10.1400	-0.013374
10.1450	-0.010922
10.1500	-0.008483
10.1550	-0.006619
10.1600	-0.005621
10.1650	-0.005310
10.1700	-0.005432
10.1750	-0.006276
10.1800	-0.008091
10.1850	-0.010577
10.1900	-0.013473
10.1950	-0.016349
10.2000	-0.018779
10.2050	-0.020554
10.2100	-0.021489
10.2150	-0.021384
10.2200	-0.019963
10.2250	-0.017480
10.2300	-0.014588
10.2350	-0.011654
10.2400	-0.009111
10.2450	-0.007024
10.2500	-0.005043
10.2550	-0.003181
10.2600	-0.001520
10.2650	0.000129
10.2700	0.001997
10.2750	0.004293
10.2800	0.007220
10.2850	0.010629
10.2900	0.014123
10.2950	0.017325
10.3000	0.020198
10.3050	0.023184
10.3100	0.026396
10.3150	0.029741
10.3200	0.033046
10.3250	0.035496
10.3300	0.036507
10.3350	0.036073
10.3400	0.034159
10.3450	0.031063
10.3500	0.027589
10.3550	0.024302
10.3600	0.021571
10.3650	0.019600
10.3700	0.018096
10.3750	0.016997
10.3800	0.016477
10.3850	0.016745
10.3900	0.017892
10.3950	0.019981
10.4000	0.022943
10.4050	0.026148
10.4100	0.029141
10.4150	0.031516
10.4200	0.033120
10.4250	0.034035
10.4300	0.034261
10.4350	0.033997
10.4400	0.033515
10.4450	0.033150
10.4500	0.032819
10.4550	0.032088
10.4600	0.031148
10.4650	0.030446
10.4700	0.030109
10.4750	0.030368
10.4800	0.031129
10.4850	0.031939
10.4900	0.032230
10.4950	0.031675
10.5000	0.030443
10.5050	0.028585
10.5100	0.026350
10.5150	0.024166
10.5200	0.022144
10.5250	0.020357
10.5300	0.018861
10.5350	0.017442
10.5400	0.015942
10.5450	0.014515
10.5500	0.013290
10.5550	0.012285
10.5600	0.011525
10.5650	0.011403
10.5700	0.012278
10.5750	0.014077
10.5800	0.016844
10.5850	0.020438
10.5900	0.024485
10.5950	0.028485
10.6000	0.031610
10.6050	0.033164
10.6100	0.032607
10.6150	0.030301
10.6200	0.027323
10.6250	0.024052
10.6300	0.020661
10.6350	0.017373
10.6400	0.014435
10.6450	0.012049
10.6500	0.010184
10.6550	0.008772
10.6600	0.007688
10.6650	0.006793
10.6700	0.005756
10.6750	0.004419
10.6800	0.002765
10.6850	0.000647
10.6900	-0.002008
10.6950	-0.005109
10.7000	-0.008214
10.7050	-0.010996
10.7100	-0.013135
10.7150	-0.014466
10.7200	-0.015050
10.7250	-0.014725
10.7300	-0.013502
10.7350	-0.011258
10.7400	-0.008178
10.7450	-0.004877
10.7500	-0.001803
10.7550	0.000735
10.7600	0.002564
10.7650	0.003356
10.7700	0.003002
10.7750	0.001730
10.7800	-0.000043
10.7850	-0.001877
10.7900	-0.003553
10.7950	-0.004736
10.8000	-0.005295
10.8050	-0.005335
10.8100	-0.004833
10.8150	-0.003790
10.8200	-0.002495
10.8250	-0.001456
10.8300	-0.000938
10.8350	-0.001102
10.8400	-0.002067
10.8450	-0.003672
10.8500	-0.005793
10.8550	-0.008096
10.8600	-0.010312
10.8650	-0.012473
10.8700	-0.014612
10.8750	-0.016966
10.8800	-0.019632
10.8850	-0.022641
10.8900	-0.025940
10.8950	-0.029529
10.9000	-0.033662
10.9050	-0.038193
10.9100	-0.042574
10.9150	-0.046371
10.9200	-0.049387
10.9250	-0.051877
10.9300	-0.054042
10.9350	-0.055685
10.9400	-0.056591
10.9450	-0.056423
10.9500	-0.055045
10.9550	-0.052341
10.9600	-0.048554
10.9650	-0.044040
10.9700	-0.038976
10.9750	-0.033775
10.9800	-0.028346
10.9850	-0.022485
10.9900	-0.016203
10.9950	-0.009307
11.0000	-0.001636
11.0050	0.006603
11.0100	0.015000
11.0150	0.022996
11.0200	0.029834
11.0250	0.034962
11.0300	0.038094
11.0350	0.039284
11.0400	0.038723
11.0450	0.036471
11.0500	0.032762
11.0550	0.027906
11.0600	0.022296
11.0650	0.016869
11.0700	0.012551
11.0750	0.009538
11.0800	0.007909
11.0850	0.007555
11.0900	0.008045
11.0950	0.009139
11.1000	0.010538
11.1050	0.011821
11.1100	0.012772
11.1150	0.013565
11.1200	0.014298
11.1250	0.015166
11.1300	0.016272
11.1350	0.017138
11.1400	0.017571
11.1450	0.017507
11.1500	0.016642
11.1550	0.014824
11.1600	0.012027
11.1650	0.008108
11.1700	0.003289
11.1750	-0.001767
11.1800	-0.006491
11.1850	-0.010333
11.1900	-0.012877
11.1950	-0.014104
11.2000	-0.014176
11.2050	-0.013162
11.2100	-0.011361
11.2150	-0.009389
11.2200	-0.007557
11.2250	-0.005727
11.2300	-0.003699
11.2350	-0.001264
11.2400	0.001613
11.2450	0.004527
11.2500	0.007126
11.2550	0.009361
11.2600	0.011077
11.2650	0.012207
11.2700	0.012764
11.2750	0.012346
11.2800	0.010809
11.2850	0.008310
11.2900	0.005066
11.2950	0.001683
11.3000	-0.001272
11.3050	-0.003468
11.3100	-0.004680
11.3150	-0.004692
11.3200	-0.003384
11.3250	-0.000962
11.3300	0.002308
11.3350	0.006191
11.3400	0.010407
11.3450	0.014880
11.3500	0.019504
11.3550	0.023852
11.3600	0.027615
11.3650	0.030653
11.3700	0.032486
11.3750	0.032755
11.3800	0.031654
11.3850	0.029315
11.3900	0.026004
11.3950	0.022187
11.4000	0.017898
11.4050	0.013118
11.4100	0.008128
11.4150	0.003288
11.4200	-0.001338
11.4250	-0.005768
11.4300	-0.009870
11.4350	-0.013488
11.4400	-0.016712
11.4450	-0.019744
11.4500	-0.022465
11.4550	-0.024972
11.4600	-0.027389
11.4650	-0.029845
11.4700	-0.032605
11.4750	-0.035630
11.4800	-0.038993
11.4850	-0.042519
11.4900	-0.045624
11.4950	-0.048018
11.5000	-0.049544
11.5050	-0.050130
11.5100	-0.049679
11.5150	-0.048094
11.5200	-0.045464
11.5250	-0.042165
11.5300	-0.038879
11.5350	-0.035901
11.5400	-0.033183
11.5450	-0.030829
11.5500	-0.029095
11.5550	-0.028087
11.5600	-0.027336
11.5650	-0.026093
11.5700	-0.024018
11.5750	-0.020866
11.5800	-0.016672
11.5850	-0.011734
11.5900	-0.005774
11.5950	0.001184
11.6000	0.008712
11.6050	0.016268
11.6100	0.022930
11.6150	0.028216
11.6200	0.032207
11.6250	0.035071
11.6300	0.036923
11.6350	0.037754
11.6400	0.037455
11.6450	0.036080
11.6500	0.033698
11.6550	0.030144
11.6600	0.025489
11.6650	0.019997
11.6700	0.014000
11.6750	0.008050
11.6800	0.002564
11.6850	-0.002054
11.6900	-0.005581
11.6950	-0.008308
11.7000	-0.010649
11.7050	-0.012897
11.7100	-0.015105
11.7150	-0.017313
11.7200	-0.019471
11.7250	-0.021350
11.7300	-0.022769
11.7350	-0.023719
11.7400	-0.024099
11.7450	-0.023663
11.7500	-0.022538
11.7550	-0.021130
11.7600	-0.019884
11.7650	-0.019128
11.7700	-0.018976
11.7750	-0.019504
11.7800	-0.020671
11.7850	-0.022238
11.7900	-0.023801
11.7950	-0.025062
11.8000	-0.025839
11.8050	-0.025882
11.8100	-0.025037
11.8150	-0.023273
11.8200	-0.020635
11.8250	-0.017173
11.8300	-0.012951
11.8350	-0.008430
11.8400	-0.004041
11.8450	-0.000068
11.8500	0.003251
11.8550	0.005713
11.8600	0.007048
11.8650	0.007330
11.8700	0.006796
11.8750	0.005567
11.8800	0.003886
11.8850	0.002106
11.8900	0.000432
11.8950	-0.000640
11.9000	-0.000367
11.9050	0.001385
11.9100	0.004487
11.9150	0.009157
11.9200	0.015236
11.9250	0.022396
11.9300	0.030148
11.9350	0.037533
11.9400	0.043828
11.9450	0.048420
11.9500	0.050997
11.9550	0.052040
11.9600	0.052192
11.9650	0.051749
11.9700	0.050654
11.9750	0.048762
11.9800	0.046011
11.9850	0.042316
11.9900	0.037592
11.9950	0.031730
12.0000	0.024980
12.0050	0.017992
12.0100	0.011423
12.0150	0.005790
12.0200	0.001294
12.0250	-0.002002
12.0300	-0.004087
12.0350	-0.005212
12.0400	-0.005742
12.0450	-0.005978
12.0500	-0.006209
12.0550	-0.006529
12.0600	-0.006787
12.0650	-0.007162
12.0700	-0.008033
12.0750	-0.009515
12.0800	-0.011401
12.0850	-0.013150
12.0900	-0.014482
12.0950	-0.015456
12.1000	-0.016041
12.1050	-0.016313
12.1100	-0.016546
12.1150	-0.016972
12.1200	-0.017648
12.1250	-0.018281
12.1300	-0.018575
12.1350	-0.018641
12.1400	-0.018595
12.1450	-0.018485
12.1500	-0.018305
12.1550	-0.017525
12.1600	-0.015771
12.1650	-0.013484
12.1700	-0.011258
12.1750	-0.009584
12.1800	-0.008550
12.1850	-0.007830
12.1900	-0.007374
12.1950	-0.007076
12.2000	-0.006868
12.2050	-0.006782
12.2100	-0.006530
12.2150	-0.006116
12.2200	-0.005964
12.2250	-0.006379
12.2300	-0.007438
12.2350	-0.009103
12.2400	-0.011199
12.2450	-0.013412
12.2500	-0.015554
12.2550	-0.017234
12.2600	-0.017951
12.2650	-0.017822
12.2700	-0.016797
12.2750	-0.014789
12.2800	-0.011981
12.2850	-0.008651
12.2900	-0.005221
12.2950	-0.001757
12.3000	0.001263
12.3050	0.003541
12.3100	0.005349
12.3150	0.006822
12.3200	0.008222
12.3250	0.009734
12.3300	0.011486
12.3350	0.013645
12.3400	0.016331
12.3450	0.019169
12.3500	0.021873
12.3550	0.024584
12.3600	0.027314
12.3650	0.030014
12.3700	0.032410
12.3750	0.034253
12.3800	0.035391
12.3850	0.036025
12.3900	0.036535
12.3950	0.036985
12.4000	0.037261
12.4050	0.037097
12.4100	0.036309
12.4150	0.034831
12.4200	0.032762
12.4250	0.030551
12.4300	0.028582
12.4350	0.026993
12.4400	0.026081
12.4450	0.025864
12.4500	0.025835
12.4550	0.025636
12.4600	0.024999
12.4650	0.023954
12.4700	0.022748
12.4750	0.021591
12.4800	0.020722
12.4850	0.019939
12.4900	0.019079
12.4950	0.018452
12.5000	0.018064
12.5050	0.017460
12.5100	0.016813
12.5150	0.016247
12.5200	0.015610
12.5250	0.015159
12.5300	0.014819
12.5350	0.014415
12.5400	0.013979
12.5450	0.013319
12.5500	0.012485
12.5550	0.011812
12.5600	0.010575
12.5650	0.008224
12.5700	0.005128
12.5750	0.000984
12.5800	-0.004005
12.5850	-0.009032
12.5900	-0.013884
12.5950	-0.018210
12.6000	-0.021662
12.6050	-0.023894
12.6100	-0.024279
12.6150	-0.022740
12.6200	-0.019547
12.6250	-0.014845
12.6300	-0.009186
12.6350	-0.003303
12.6400	0.002600
12.6450	0.007999
12.6500	0.012114
12.6550	0.014730
12.6600	0.015654
12.6650	0.015203
12.6700	0.013719
12.6750	0.011110
12.6800	0.007295
12.6850	0.002301
12.6900	-0.003352
12.6950	-0.008874
12.7000	-0.013541
12.7050	-0.017388
12.7100	-0.020533
12.7150	-0.022584
12.7200	-0.023593
12.7250	-0.023707
12.7300	-0.022993
12.7350	-0.021778
12.7400	-0.020249
12.7450	-0.018453
12.7500	-0.016517
12.7550	-0.014681
12.7600	-0.012994
12.7650	-0.011532
12.7700	-0.010455
12.7750	-0.009880
12.7800	-0.009652
12.7850	-0.009614
12.7900	-0.009755
12.7950	-0.009787
12.8000	-0.009688
12.8050	-0.009294
12.8100	-0.008172
12.8150	-0.006193
12.8200	-0.003209
12.8250	0.000734
12.8300	0.005059
12.8350	0.009445
12.8400	0.013695
12.8450	0.017533
12.8500	0.020914
12.8550	0.023860
12.8600	0.026439
12.8650	0.028517
12.8700	0.029991
12.8750	0.031168
12.8800	0.032226
12.8850	0.032864
12.8900	0.033267
12.8950	0.033501
12.9000	0.033493
12.9050	0.033512
12.9100	0.033546
12.9150	0.033312
12.9200	0.032808
12.9250	0.032291
12.9300	0.031337
12.9350	0.029743
12.9400	0.027457
12.9450	0.024521
12.9500	0.021267
12.9550	0.017749
12.9600	0.014089
12.9650	0.010134
12.9700	0.005604
12.9750	0.000290
12.9800	-0.005839
12.9850	-0.012081
12.9900	-0.017820
12.9950	-0.022888
13.0000	-0.027321
13.0050	-0.031245
13.0100	-0.034500
13.0150	-0.037223
13.0200	-0.039576
13.0250	-0.041167
13.0300	-0.041710
13.0350	-0.041096
13.0400	-0.039106
13.0450	-0.035630
13.0500	-0.030327
13.0550	-0.022803
13.0600	-0.013408
13.0650	-0.002886
13.0700	0.007095
13.0750	0.014994
13.0800	0.020792
13.0850	0.024623
13.0900	0.026968
13.0950	0.028344
13.1000	0.029069
13.1050	0.029410
13.1100	0.029380
13.1150	0.029270
13.1200	0.029542
13.1250	0.030398
13.1300	0.031434
13.1350	0.032062
13.1400	0.032290
13.1450	0.032144
13.1500	0.031175
13.1550	0.029432
13.1600	0.027231
13.1650	0.024892
13.1700	0.022500
13.1750	0.019890
13.1800	0.017437
13.1850	0.014872
13.1900	0.011920
13.1950	0.008969
13.2000	0.006158
13.2050	0.003941
13.2100	0.002294
13.2150	0.001138
13.2200	0.000694
13.2250	0.000376
13.2300	-0.000172
13.2350	-0.000986
13.2400	-0.002176
13.2450	-0.003849
13.2500	-0.006107
13.2550	-0.008832
13.2600	-0.012086
13.2650	-0.015719
13.2700	-0.019687
13.2750	-0.023888
13.2800	-0.028107
13.2850	-0.032226
13.2900	-0.036000
13.2950	-0.039399
13.3000	-0.042362
13.3050	-0.044716
13.3100	-0.046129
13.3150	-0.046100
13.3200	-0.044519
13.3250	-0.041633
13.3300	-0.037534
13.3350	-0.032879
13.3400	-0.028099
13.3450	-0.023407
13.3500	-0.019874
13.3550	-0.017694
13.3600	-0.016698
13.3650	-0.016586
13.3700	-0.016571
13.3750	-0.016407
13.3800	-0.015787
13.3850	-0.014753
13.3900	-0.013319
13.3950	-0.011509
13.4000	-0.009710
13.4050	-0.007758
13.4100	-0.005531
13.4150	-0.003267
13.4200	-0.001504
13.4250	-0.000417
13.4300	0.000173
13.4350	0.000364
13.4400	0.000478
13.4450	0.000389
13.4500	-0.000062
13.4550	-0.000807
13.4600	-0.001670
13.4650	-0.002580
13.4700	-0.003445
13.4750	-0.004137
13.4800	-0.004969
13.4850	-0.005898
13.4900	-0.006807
13.4950	-0.007625
13.5000	-0.008307
13.5050	-0.009111
13.5100	-0.010163
13.5150	-0.011384
13.5200	-0.012437
13.5250	-0.013208
13.5300	-0.013515
13.5350	-0.012757
13.5400	-0.010935
13.5450	-0.008108
13.5500	-0.003998
13.5550	0.001030
13.5600	0.006404
13.5650	0.011591
13.5700	0.015859
13.5750	0.018979
13.5800	0.020840
13.5850	0.021312
13.5900	0.020760
13.5950	0.019469
13.6000	0.017804
13.6050	0.015929
13.6100	0.014025
13.6150	0.012317
13.6200	0.010943
13.6250	0.010650
13.6300	0.011466
13.6350	0.013302
13.6400	0.016178
13.6450	0.019642
13.6500	0.023795
13.6550	0.028384
13.6600	0.032533
13.6650	0.035703
13.6700	0.037458
13.6750	0.037401
13.6800	0.035559
13.6850	0.032076
13.6900	0.027159
13.6950	0.021422
13.7000	0.015350
13.7050	0.009357
13.7100	0.004229
13.7150	0.000129
13.7200	-0.002923
13.7250	-0.004739
13.7300	-0.005850
13.7350	-0.006449
13.7400	-0.006515
13.7450	-0.006153
13.7500	-0.005048
13.7550	-0.003212
13.7600	-0.000888
13.7650	0.001607
13.7700	0.003905
13.7750	0.005612
13.7800	0.006569
13.7850	0.006996
13.7900	0.006855
13.7950	0.006323
13.8000	0.005794
13.8050	0.005200
13.8100	0.004093
13.8150	0.002662
13.8200	0.001478
13.8250	0.000516
13.8300	-0.000358
13.8350	-0.001422
13.8400	-0.002728
13.8450	-0.003897
13.8500	-0.004981
13.8550	-0.005917
13.8600	-0.006578
13.8650	-0.007274
13.8700	-0.007819
13.8750	-0.008163
13.8800	-0.008351
13.8850	-0.008303
13.8900	-0.008412
13.8950	-0.008799
13.9000	-0.009729
13.9050	-0.011533
13.9100	-0.013979
13.9150	-0.016826
13.9200	-0.019812
13.9250	-0.022393
13.9300	-0.024130
13.9350	-0.024907
13.9400	-0.024597
13.9450	-0.023384
13.9500	-0.021840
13.9550	-0.019900
13.9600	-0.017492
13.9650	-0.014928
13.9700	-0.012343
13.9750	-0.009967
13.9800	-0.007707
13.9850	-0.005064
13.9900	-0.002101
13.9950	0.001252
14.0000	0.005138
14.0050	0.009029
14.0100	0.012664
14.0150	0.015810
14.0200	0.018314
14.0250	0.020074
14.0300	0.020826
14.0350	0.020715
14.0400	0.019766
14.0450	0.017972
14.0500	0.015487
14.0550	0.012102
14.0600	0.007629
14.0650	0.002280
14.0700	-0.003191
14.0750	-0.008143
14.0800	-0.012149
14.0850	-0.014809
14.0900	-0.016334
14.0950	-0.016789
14.1000	-0.015910
14.1050	-0.013748
14.1100	-0.010575
14.1150	-0.006868
14.1200	-0.003030
14.1250	0.000958
14.1300	0.004836
14.1350	0.008040
14.1400	0.010286
14.1450	0.011231
14.1500	0.010731
14.1550	0.008825
14.1600	0.005529
14.1650	0.001144
14.1700	-0.003908
14.1750	-0.009189
14.1800	-0.014419
14.1850	-0.019166
14.1900	-0.022987
14.1950	-0.026158
14.2000	-0.028528
14.2050	-0.029204
14.2100	-0.028022
14.2150	-0.025284
14.2200	-0.021215
14.2250	-0.016403
14.2300	-0.011456
14.2350	-0.006931
14.2400	-0.003292
14.2450	-0.000691
14.2500	0.000640
14.2550	0.001093
14.2600	0.001212
14.2650	0.001058
14.2700	0.000655
14.2750	-0.000090
14.2800	-0.001055
14.2850	-0.002264
14.2900	-0.003868
14.2950	-0.005935
14.3000	-0.008581
14.3050	-0.011532
14.3100	-0.014195
14.3150	-0.016252
14.3200	-0.017643
14.3250	-0.018068
14.3300	-0.017127
14.3350	-0.014857
14.3400	-0.011625
14.3450	-0.007455
14.3500	-0.002211
14.3550	0.003750
14.3600	0.009737
14.3650	0.015032
14.3700	0.019039
14.3750	0.021708
14.3800	0.022911
14.3850	0.022597
14.3900	0.021685
14.3950	0.020759
14.4000	0.019937
14.4050	0.019571
14.4100	0.019757
14.4150	0.020295
14.4200	0.020873
14.4250	0.021277
14.4300	0.021227
14.4350	0.020823
14.4400	0.020263
14.4450	0.019481
14.4500	0.018665
14.4550	0.017745
14.4600	0.016861
14.4650	0.016170
14.4700	0.015525
14.4750	0.015014
14.4800	0.014492
14.4850	0.013763
14.4900	0.012839
14.4950	0.011703
14.5000	0.010530
14.5050	0.009372
14.5100	0.008001
14.5150	0.006514
14.5200	0.004906
14.5250	0.003198
14.5300	0.001528
14.5350	-0.000271
14.5400	-0.002285
14.5450	-0.004310
14.5500	-0.006137
14.5550	-0.007771
14.5600	-0.009084
14.5650	-0.010026
14.5700	-0.010545
14.5750	-0.010307
14.5800	-0.009432
14.5850	-0.007854
14.5900	-0.005357
14.5950	-0.002326
14.6000	0.000917
14.6050	0.003515
14.6100	0.004587
14.6150	0.004131
14.6200	0.002383
14.6250	0.000041
14.6300	-0.002253
14.6350	-0.004417
14.6400	-0.006454
14.6450	-0.008307
14.6500	-0.010026
14.6550	-0.011691
14.6600	-0.013009
14.6650	-0.013796
14.6700	-0.014244
14.6750	-0.014354
14.6800	-0.014247
14.6850	-0.014054
14.6900	-0.013458
14.6950	-0.012379
14.7000	-0.010974
14.7050	-0.009264
14.7100	-0.007378
14.7150	-0.005331
14.7200	-0.003300
14.7250	-0.001775
14.7300	-0.000760
14.7350	-0.000115
14.7400	-0.000104
14.7450	-0.000605
14.7500	-0.001202
14.7550	-0.001731
14.7600	-0.002242
14.7650	-0.002701
14.7700	-0.002818
14.7750	-0.002575
14.7800	-0.002109
14.7850	-0.001249
14.7900	0.000157
14.7950	0.001992
14.8000	0.004031
14.8050	0.006105
14.8100	0.008234
14.8150	0.010499
14.8200	0.012778
14.8250	0.015055
14.8300	0.017401
14.8350	0.019706
14.8400	0.021939
14.8450	0.024233
14.8500	0.026345
14.8550	0.027759
14.8600	0.028655
14.8650	0.029230
14.8700	0.029258
14.8750	0.028890
14.8800	0.028211
14.8850	0.027186
14.8900	0.025762
14.8950	0.023715
14.9000	0.021135
14.9050	0.018139
14.9100	0.014848
14.9150	0.011879
14.9200	0.009676
14.9250	0.008093
14.9300	0.006843
14.9350	0.005700
14.9400	0.004673
14.9450	0.003743
14.9500	0.002799
14.9550	0.001936
14.9600	0.001388
14.9650	0.001112
14.9700	0.000726
14.9750	0.000226
14.9800	-0.000308
14.9850	-0.000868
14.9900	-0.001274
14.9950	-0.001510
15.0000	-0.001818
15.0050	-0.002276
15.0100	-0.002570
15.0150	-0.002509
15.0200	-0.002019
15.0250	-0.000951
15.0300	0.000494
15.0350	0.001827
15.0400	0.002920
15.0450	0.003744
15.0500	0.004126
15.0550	0.004158
15.0600	0.004059
15.0650	0.004023
15.0700	0.003862
15.0750	0.003117
15.0800	0.001852
15.0850	0.000291
15.0900	-0.001591
15.0950	-0.003713
15.1000	-0.005750
15.1050	-0.007382
15.1100	-0.008677
15.1150	-0.009900
15.1200	-0.011051
15.1250	-0.012096
15.1300	-0.013133
15.1350	-0.014409
15.1400	-0.016115
15.1450	-0.018212
15.1500	-0.020584
15.1550	-0.022746
15.1600	-0.024461
15.1650	-0.026039
15.1700	-0.027516
15.1750	-0.028742
15.1800	-0.029835
15.1850	-0.030756
15.1900	-0.031337
15.1950	-0.031814
15.2000	-0.032511
15.2050	-0.033493
15.2100	-0.034634
15.2150	-0.035483
15.2200	-0.035884
15.2250	-0.036143
15.2300	-0.036160
15.2350	-0.035884
15.2400	-0.035511
15.2450	-0.035188
15.2500	-0.035133
15.2550	-0.035445
15.2600	-0.036250
15.2650	-0.037607
15.2700	-0.038977
15.2750	-0.039775
15.2800	-0.040123
15.2850	-0.040052
15.2900	-0.039331
15.2950	-0.038071
15.3000	-0.036308
15.3050	-0.034004
15.3100	-0.031350
15.3150	-0.028579
15.3200	-0.025699
15.3250	-0.022732
15.3300	-0.019624
15.3350	-0.015920
15.3400	-0.011524
15.3450	-0.006738
15.3500	-0.002062
15.3550	0.002099
15.3600	0.005577
15.3650	0.008396
15.3700	0.010910
15.3750	0.013002
15.3800	0.014603
15.3850	0.015834
15.3900	0.016600
15.3950	0.017209
15.4000	0.017935
15.4050	0.018833
15.4100	0.019727
15.4150	0.020410
15.4200	0.021011
15.4250	0.021533
15.4300	0.021918
15.4350	0.022204
15.4400	0.022228
15.4450	0.021674
15.4500	0.020585
15.4550	0.018885
15.4600	0.016512
15.4650	0.013999
15.4700	0.011745
15.4750	0.009952
15.4800	0.008722
15.4850	0.007950
15.4900	0.007541
15.4950	0.007628
15.5000	0.008285
15.5050	0.009268
15.5100	0.010357
15.5150	0.011184
15.5200	0.011369
15.5250	0.011016
15.5300	0.010381
15.5350	0.009496
15.5400	0.008591
15.5450	0.007870
15.5500	0.007368
15.5550	0.007522
15.5600	0.008572
15.5650	0.010421
15.5700	0.012932
15.5750	0.015988
15.5800	0.019420
15.5850	0.023009
15.5900	0.026627
15.5950	0.030001
15.6000	0.032876
15.6050	0.035081
15.6100	0.036457
15.6150	0.036778
15.6200	0.036207
15.6250	0.035131
15.6300	0.033601
15.6350	0.031680
15.6400	0.029202
15.6450	0.026261
15.6500	0.023274
15.6550	0.020322
15.6600	0.017384
15.6650	0.014363
15.6700	0.011518
15.6750	0.009078
15.6800	0.006655
15.6850	0.004079
15.6900	0.001450
15.6950	-0.001319
15.7000	-0.004213
15.7050	-0.007085
15.7100	-0.010269
15.7150	-0.014051
15.7200	-0.017906
15.7250	-0.021441
15.7300	-0.024400
15.7350	-0.026553
15.7400	-0.027969
15.7450	-0.028622
15.7500	-0.028724
15.7550	-0.028251
15.7600	-0.027009
15.7650	-0.025266
15.7700	-0.023046
15.7750	-0.020617
15.7800	-0.018265
15.7850	-0.015959
15.7900	-0.013904
15.7950	-0.011976
15.8000	-0.010220
15.8050	-0.008821
15.8100	-0.007572
15.8150	-0.006054
15.8200	-0.004113
15.8250	-0.001966
15.8300	0.000543
15.8350	0.003199
15.8400	0.005484
15.8450	0.007502
15.8500	0.009218
15.8550	0.010722
15.8600	0.012418
15.8650	0.014178
15.8700	0.015850
15.8750	0.017416
15.8800	0.018641
15.8850	0.019522
15.8900	0.020309
15.8950	0.020713
15.9000	0.020661
15.9050	0.020434
15.9100	0.019670
15.9150	0.018273
15.9200	0.016306
15.9250	0.013694
15.9300	0.010612
15.9350	0.007183
15.9400	0.003380
15.9450	-0.000616
15.9500	-0.004425
15.9550	-0.007967
15.9600	-0.011195
15.9650	-0.014039
15.9700	-0.016548
15.9750	-0.018650
15.9800	-0.020214
15.9850	-0.021083
15.9900	-0.021132
15.9950	-0.020211
16.0000	-0.018191
16.0050	-0.015377
16.0100	-0.012084
16.0150	-0.008538
16.0200	-0.005265
16.0250	-0.002782
16.0300	-0.001253
16.0350	-0.000569
16.0400	-0.000564
16.0450	-0.001001
16.0500	-0.001467
16.0550	-0.001435
16.0600	-0.000933
16.0650	-0.000234
16.0700	0.000684
16.0750	0.001624
16.0800	0.002530
16.0850	0.003378
16.0900	0.003693
16.0950	0.003512
16.1000	0.003055
16.1050	0.002174
16.1100	0.000940
16.1150	-0.000442
16.1200	-0.001683
16.1250	-0.002513
16.1300	-0.002751
16.1350	-0.002680
16.1400	-0.002482
16.1450	-0.001920
16.1500	-0.001292
16.1550	-0.001082
16.1600	-0.001438
16.1650	-0.002190
16.1700	-0.003299
16.1750	-0.004694
16.1800	-0.005954
16.1850	-0.006893
16.1900	-0.007583
16.1950	-0.008059
16.2000	-0.008274
16.2050	-0.008170
16.2100	-0.007775
16.2150	-0.007023
16.2200	-0.005856
16.2250	-0.004337
16.2300	-0.002374
16.2350	-0.000001
16.2400	0.002590
16.2450	0.005296
16.2500	0.007917
16.2550	0.010361
16.2600	0.012561
16.2650	0.014035
16.2700	0.014574
16.2750	0.014433
16.2800	0.013873
16.2850	0.013070
16.2900	0.012201
16.2950	0.011538
16.3000	0.011018
16.3050	0.010591
16.3100	0.010312
16.3150	0.009889
16.3200	0.009033
16.3250	0.007795
16.3300	0.006281
16.3350	0.004489
16.3400	0.002543
16.3450	0.000549
16.3500	-0.001426
16.3550	-0.003213
16.3600	-0.004856
16.3650	-0.006511
16.3700	-0.008079
16.3750	-0.009402
16.3800	-0.010597
16.3850	-0.011708
16.3900	-0.012454
16.3950	-0.012970
16.4000	-0.013425
16.4050	-0.013765
16.4100	-0.014148
16.4150	-0.014581
16.4200	-0.014897
16.4250	-0.014975
16.4300	-0.014821
16.4350	-0.014223
16.4400	-0.013269
16.4450	-0.012287
16.4500	-0.011305
16.4550	-0.010390
16.4600	-0.009719
16.4650	-0.009391
16.4700	-0.009286
16.4750	-0.009283
16.4800	-0.009278
16.4850	-0.009298
16.4900	-0.009108
16.4950	-0.008593
16.5000	-0.007895
16.5050	-0.007013
16.5100	-0.005925
16.5150	-0.004188
16.5200	-0.001522
16.5250	0.001787
16.5300	0.005547
16.5350	0.009770
16.5400	0.014365
16.5450	0.019019
16.5500	0.023365
16.5550	0.027023
16.5600	0.029640
16.5650	0.031164
16.5700	0.031540
16.5750	0.030798
16.5800	0.029043
16.5850	0.026464
16.5900	0.023371
16.5950	0.019992
16.6000	0.016500
16.6050	0.012852
16.6100	0.009554
16.6150	0.006953
16.6200	0.004882
16.6250	0.003393
16.6300	0.002460
16.6350	0.002025
16.6400	0.001800
16.6450	0.001495
16.6500	0.000996
16.6550	0.000313
16.6600	-0.000300
16.6650	-0.000480
16.6700	-0.000206
16.6750	0.000246
16.6800	0.000623
16.6850	0.000525
16.6900	-0.000172
16.6950	-0.001292
16.7000	-0.002745
16.7050	-0.004277
16.7100	-0.005852
16.7150	-0.007584
16.7200	-0.009096
16.7250	-0.010337
16.7300	-0.011416
16.7350	-0.012005
16.7400	-0.011855
16.7450	-0.010967
16.7500	-0.009512
16.7550	-0.007814
16.7600	-0.005856
16.7650	-0.003454
16.7700	-0.000974
16.7750	0.001035
16.7800	0.002289
16.7850	0.002807
16.7900	0.002659
16.7950	0.001990
16.8000	0.000925
16.8050	-0.000484
16.8100	-0.002085
16.8150	-0.003768
16.8200	-0.005479
16.8250	-0.007160
16.8300	-0.008574
16.8350	-0.009764
16.8400	-0.010942
16.8450	-0.011982
16.8500	-0.013063
16.8550	-0.014285
16.8600	-0.015330
16.8650	-0.016245
16.8700	-0.016853
16.8750	-0.016996
16.8800	-0.016896
16.8850	-0.016032
16.8900	-0.014257
16.8950	-0.011982
16.9000	-0.009374
16.9050	-0.006679
16.9100	-0.003976
16.9150	-0.001560
16.9200	0.000228
16.9250	0.001618
16.9300	0.002883
16.9350	0.003934
16.9400	0.004861
16.9450	0.005839
16.9500	0.006822
16.9550	0.008115
16.9600	0.010034
16.9650	0.012339
16.9700	0.014543
16.9750	0.016365
16.9800	0.017861
16.9850	0.019062
16.9900	0.019829
16.9950	0.020277
17.0000	0.020679
17.0050	0.020874
17.0100	0.020797
17.0150	0.020730
17.0200	0.020684
17.0250	0.020503
17.0300	0.020096
17.0350	0.019175
17.0400	0.017711
17.0450	0.015892
17.0500	0.013555
17.0550	0.010905
17.0600	0.008326
17.0650	0.005812
17.0700	0.003323
17.0750	0.000894
17.0800	-0.001555
17.0850	-0.004051
17.0900	-0.006621
17.0950	-0.009481
17.1000	-0.012610
17.1050	-0.015760
17.1100	-0.018742
17.1150	-0.021314
17.1200	-0.023089
17.1250	-0.023733
17.1300	-0.023283
17.1350	-0.021961
17.1400	-0.020148
17.1450	-0.018283
17.1500	-0.016325
17.1550	-0.014356
17.1600	-0.012729
17.1650	-0.011606
17.1700	-0.011006
17.1750	-0.011032
17.1800	-0.011784
17.1850	-0.012988
17.1900	-0.014356
17.1950	-0.015959
17.2000	-0.017826
17.2050	-0.019763
17.2100	-0.021445
17.2150	-0.022814
17.2200	-0.023622
17.2250	-0.023460
17.2300	-0.022302
17.2350	-0.020269
17.2400	-0.017692
17.2450	-0.014510
17.2500	-0.010840
17.2550	-0.007292
17.2600	-0.004061
17.2650	-0.001582
17.2700	-0.000168
17.2750	0.000272
17.2800	-0.000432
17.2850	-0.002146
17.2900	-0.004385
17.2950	-0.006509
17.3000	-0.008015
17.3050	-0.008738
17.3100	-0.009076
17.3150	-0.009344
17.3200	-0.009373
17.3250	-0.009133
17.3300	-0.008517
17.3350	-0.007829
17.3400	-0.007479
17.3450	-0.007163
17.3500	-0.006482
17.3550	-0.005347
17.3600	-0.003955
17.3650	-0.002698
17.3700	-0.001835
17.3750	-0.001389
17.3800	-0.001561
17.3850	-0.002457
17.3900	-0.003790
17.3950	-0.005540
17.4000	-0.007771
17.4050	-0.010301
17.4100	-0.012905
17.4150	-0.015426
17.4200	-0.017507
17.4250	-0.018915
17.4300	-0.019489
17.4350	-0.018976
17.4400	-0.017694
17.4450	-0.015936
17.4500	-0.013980
17.4550	-0.012250
17.4600	-0.010570
17.4650	-0.008553
17.4700	-0.005955
17.4750	-0.003148
17.4800	-0.000508
17.4850	0.001685
17.4900	0.002868
17.4950	0.003319
17.5000	0.003374
17.5050	0.003344
17.5100	0.003475
17.5150	0.003662
17.5200	0.003887
17.5250	0.004037
17.5300	0.004100
17.5350	0.003913
17.5400	0.003381
17.5450	0.002736
17.5500	0.001989
17.5550	0.001193
17.5600	0.000536
17.5650	0.000046
17.5700	-0.000231
17.5750	-0.000304
17.5800	-0.000141
17.5850	0.000303
17.5900	0.000878
17.5950	0.001270
17.6000	0.001358
17.6050	0.001309
17.6100	0.001291
17.6150	0.001113
17.6200	0.000626
17.6250	-0.000179
17.6300	-0.001598
17.6350	-0.003405
17.6400	-0.005327
17.6450	-0.007454
17.6500	-0.009488
17.6550	-0.011168
17.6600	-0.012500
17.6650	-0.013488
17.6700	-0.014387
17.6750	-0.014980
17.6800	-0.014823
17.6850	-0.014198
17.6900	-0.013059
17.6950	-0.011085
17.7000	-0.007950
17.7050	-0.003464
17.7100	0.001944
17.7150	0.007637
17.7200	0.012913
17.7250	0.017044
17.7300	0.019444
17.7350	0.019981
17.7400	0.019092
17.7450	0.016813
17.7500	0.013285
17.7550	0.009371
17.7600	0.005296
17.7650	0.001160
17.7700	-0.002868
17.7750	-0.006550
17.7800	-0.009607
17.7850	-0.011803
17.7900	-0.012688
17.7950	-0.012263
17.8000	-0.010581
17.8050	-0.007827
17.8100	-0.004342
17.8150	-0.000659
17.8200	0.002633
17.8250	0.005273
17.8300	0.007110
17.8350	0.008457
17.8400	0.009685
17.8450	0.010908
17.8500	0.012204
17.8550	0.013568
17.8600	0.014685
17.8650	0.015375
17.8700	0.015611
17.8750	0.014978
17.8800	0.013709
17.8850	0.012204
17.8900	0.010607
17.8950	0.009290
17.9000	0.008496
17.9050	0.008323
17.9100	0.008636
17.9150	0.009260
17.9200	0.009939
17.9250	0.010385
17.9300	0.010537
17.9350	0.010359
17.9400	0.010182
17.9450	0.010446
17.9500	0.011000
17.9550	0.011590
17.9600	0.011993
17.9650	0.011978
17.9700	0.011494
17.9750	0.010770
17.9800	0.010047
17.9850	0.009281
17.9900	0.008546
17.9950	0.007872
18.0000	0.007331
18.0050	0.006896
18.0100	0.006516
18.0150	0.006679
18.0200	0.007495
18.0250	0.008795
18.0300	0.010604
18.0350	0.012750
18.0400	0.015261
18.0450	0.017713
18.0500	0.019555
18.0550	0.020802
18.0600	0.021156
18.0650	0.020624
18.0700	0.019447
18.0750	0.017609
18.0800	0.015276
18.0850	0.012631
18.0900	0.009854
18.0950	0.007192
18.1000	0.004764
18.1050	0.002765
18.1100	0.001368
18.1150	0.000414
18.1200	-0.000063
18.1250	0.000078
18.1300	0.000764
18.1350	0.001882
18.1400	0.003522
18.1450	0.005504
18.1500	0.007456
18.1550	0.009234
18.1600	0.010728
18.1650	0.012010
18.1700	0.013187
18.1750	0.014201
18.1800	0.014994
18.1850	0.015610
18.1900	0.015993
18.1950	0.016232
18.2000	0.016376
18.2050	0.016361
18.2100	0.016121
18.2150	0.015625
18.2200	0.015006
18.2250	0.014347
18.2300	0.013959
18.2350	0.013766
18.2400	0.013547
18.2450	0.013281
18.2500	0.013077
18.2550	0.013168
18.2600	0.013499
18.2650	0.014203
18.2700	0.015085
18.2750	0.015674
18.2800	0.015930
18.2850	0.015764
18.2900	0.015232
18.2950	0.014568
18.3000	0.013472
18.3050	0.011748
18.3100	0.009501
18.3150	0.006709
18.3200	0.003626
18.3250	0.000280
18.3300	-0.003530
18.3350	-0.007372
18.3400	-0.010872
18.3450	-0.013934
18.3500	-0.016486
18.3550	-0.018598
18.3600	-0.020466
18.3650	-0.022415
18.3700	-0.024241
18.3750	-0.025730
18.3800	-0.026976
18.3850	-0.027649
18.3900	-0.027691
18.3950	-0.027601
18.4000	-0.027648
18.4050	-0.027913
18.4100	-0.028303
18.4150	-0.028756
18.4200	-0.029496
18.4250	-0.030270
18.4300	-0.030590
18.4350	-0.030778
18.4400	-0.030839
18.4450	-0.030487
18.4500	-0.029774
18.4550	-0.028440
18.4600	-0.026534
18.4650	-0.024066
18.4700	-0.021202
18.4750	-0.018165
18.4800	-0.014738
18.4850	-0.011064
18.4900	-0.007274
18.4950	-0.003620
18.5000	-0.000279
18.5050	0.002767
18.5100	0.005215
18.5150	0.006897
18.5200	0.007539
18.5250	0.007371
18.5300	0.007031
18.5350	0.006479
18.5400	0.005791
18.5450	0.005038
18.5500	0.004077
18.5550	0.003006
18.5600	0.002021
18.5650	0.001283
18.5700	0.000970
18.5750	0.001055
18.5800	0.001233
18.5850	0.001237
18.5900	0.000957
18.5950	0.000517
18.6000	-0.000070
18.6050	-0.000725
18.6100	-0.001720
18.6150	-0.003210
18.6200	-0.004753
18.6250	-0.006255
18.6300	-0.007521
18.6350	-0.008423
18.6400	-0.009220
18.6450	-0.009967
18.6500	-0.010808
18.6550	-0.012029
18.6600	-0.013435
18.6650	-0.014894
18.6700	-0.016671
18.6750	-0.018489
18.6800	-0.019880
18.6850	-0.020750
18.6900	-0.021162
18.6950	-0.021130
18.7000	-0.020706
18.7050	-0.020166
18.7100	-0.019572
18.7150	-0.018941
18.7200	-0.018139
18.7250	-0.016892
18.7300	-0.015480
18.7350	-0.014162
18.7400	-0.013018
18.7450	-0.012129
18.7500	-0.011260
18.7550	-0.010209
18.7600	-0.008909
18.7650	-0.007586
18.7700	-0.006583
18.7750	-0.005895
18.7800	-0.005668
18.7850	-0.006094
18.7900	-0.006847
18.7950	-0.007355
18.8000	-0.007149
18.8050	-0.006264
18.8100	-0.005092
18.8150	-0.003732
18.8200	-0.002019
18.8250	0.000045
18.8300	0.002304
18.8350	0.004504
18.8400	0.006271
18.8450	0.007430
18.8500	0.008111
18.8550	0.008583
18.8600	0.008944
18.8650	0.009315
18.8700	0.009815
18.8750	0.010222
18.8800	0.010536
18.8850	0.011000
18.8900	0.011694
18.8950	0.012669
18.9000	0.013698
18.9050	0.014431
18.9100	0.014794
18.9150	0.014859
18.9200	0.014850
18.9250	0.014651
18.9300	0.013909
18.9350	0.012574
18.9400	0.010860
18.9450	0.009224
18.9500	0.007758
18.9550	0.006187
18.9600	0.004485
18.9650	0.002863
18.9700	0.001624
18.9750	0.000921
18.9800	0.000693
18.9850	0.001039
18.9900	0.001901
18.9950	0.003057
19.0000	0.004510
19.0050	0.005868
19.0100	0.006781
19.0150	0.007082
19.0200	0.006574
19.0250	0.005453
19.0300	0.003898
19.0350	0.002156
19.0400	0.000310
19.0450	-0.001684
19.0500	-0.003822
19.0550	-0.006158
19.0600	-0.008658
19.0650	-0.011615
19.0700	-0.014601
19.0750	-0.016690
19.0800	-0.017827
19.0850	-0.018173
19.0900	-0.017620
19.0950	-0.016051
19.1000	-0.013779
19.1050	-0.011120
19.1100	-0.008436
19.1150	-0.005934
19.1200	-0.003513
19.1250	-0.001639
19.1300	-0.000921
19.1350	-0.001311
19.1400	-0.002446
19.1450	-0.004165
19.1500	-0.005990
19.1550	-0.007783
19.1600	-0.009597
19.1650	-0.011156
19.1700	-0.012133
19.1750	-0.011930
19.1800	-0.010479
19.1850	-0.008077
19.1900	-0.005173
19.1950	-0.002189
19.2000	0.000820
19.2050	0.003857
19.2100	0.006859
19.2150	0.009705
19.2200	0.012215
19.2250	0.014149
19.2300	0.015601
19.2350	0.016752
19.2400	0.017767
19.2450	0.018892
19.2500	0.019990
19.2550	0.020959
19.2600	0.022065
19.2650	0.023262
19.2700	0.024503
19.2750	0.025776
19.2800	0.026839
19.2850	0.027699
19.2900	0.028340
19.2950	0.028457
19.3000	0.027886
19.3050	0.026741
19.3100	0.025002
19.3150	0.022822
19.3200	0.020467
19.3250	0.017975
19.3300	0.015429
19.3350	0.012913
19.3400	0.010653
19.3450	0.008716
19.3500	0.006916
19.3550	0.004985
19.3600	0.002739
19.3650	0.000385
19.3700	-0.002103
19.3750	-0.004647
19.3800	-0.006970
19.3850	-0.008961
19.3900	-0.010454
19.3950	-0.011413
19.4000	-0.011817
19.4050	-0.011656
19.4100	-0.010996
19.4150	-0.009806
19.4200	-0.008112
19.4250	-0.006268
19.4300	-0.004358
19.4350	-0.002413
19.4400	-0.000658
19.4450	0.000913
19.4500	0.002190
19.4550	0.002923
19.4600	0.002963
19.4650	0.002327
19.4700	0.001275
19.4750	0.000031
19.4800	-0.001028
19.4850	-0.001556
19.4900	-0.001571
19.4950	-0.001199
19.5000	-0.000500
19.5050	0.000714
19.5100	0.002322
19.5150	0.003953
19.5200	0.005229
19.5250	0.005864
19.5300	0.005679
19.5350	0.004658
19.5400	0.003124
19.5450	0.001282
19.5500	-0.000971
19.5550	-0.003586
19.5600	-0.006239
19.5650	-0.009012
19.5700	-0.012103
19.5750	-0.015615
19.5800	-0.019264
19.5850	-0.022441
19.5900	-0.025031
19.5950	-0.026965
19.6000	-0.028147
19.6050	-0.028657
19.6100	-0.028286
19.6150	-0.026972
19.6200	-0.024863
19.6250	-0.022180
19.6300	-0.018996
19.6350	-0.015235
19.6400	-0.011454
19.6450	-0.007806
19.6500	-0.004073
19.6550	-0.000436
19.6600	0.002618
19.6650	0.004617
19.6700	0.005964
19.6750	0.007083
19.6800	0.007868
19.6850	0.008550
19.6900	0.009392
19.6950	0.010038
19.7000	0.010159
19.7050	0.009860
19.7100	0.009304
19.7150	0.008625
19.7200	0.008015
19.7250	0.007765
19.7300	0.007924
19.7350	0.008327
19.7400	0.009011
19.7450	0.009920
19.7500	0.010853
19.7550	0.011802
19.7600	0.012599
19.7650	0.013018
19.7700	0.013072
19.7750	0.012631
19.7800	0.011486
19.7850	0.009458
19.7900	0.006330
19.7950	0.002291
19.8000	-0.002166
19.8050	-0.006512
19.8100	-0.010088
19.8150	-0.012560
19.8200	-0.014027
19.8250	-0.014755
19.8300	-0.014797
19.8350	-0.014236
19.8400	-0.013350
19.8450	-0.012179
19.8500	-0.010697
19.8550	-0.008982
19.8600	-0.007117
19.8650	-0.004848
19.8700	-0.002125
19.8750	0.000635
19.8800	0.003082
19.8850	0.004600
19.8900	0.004968
19.8950	0.004712
19.9000	0.003991
19.9050	0.002907
19.9100	0.001745
19.9150	0.000659
19.9200	-0.000064
19.9250	-0.000426
19.9300	-0.000615
19.9350	-0.000644
19.9400	-0.000861
19.9450	-0.001841
19.9500	-0.003641
19.9550	-0.006028
19.9600	-0.008499
19.9650	-0.010218
19.9700	-0.010901
19.9750	-0.010531
19.9800	-0.009128
19.9850	-0.007075
19.9900	-0.004792
19.9950	-0.002472
20.0000	-0.000164
20.0050	0.001865
20.0100	0.003511
20.0150	0.005087
20.0200	0.006543
20.0250	0.007517
20.0300	0.007984
20.0350	0.008138
20.0400	0.008044
20.0450	0.007792
20.0500	0.007493
20.0550	0.006868
20.0600	0.005976
20.0650	0.005072
20.0700	0.004084
20.0750	0.003032
20.0800	0.001908
20.0850	0.000986
20.0900	0.000311
20.0950	-0.000561
20.1000	-0.001685
20.1050	-0.002848
20.1100	-0.003825
20.1150	-0.004300
20.1200	-0.003894
20.1250	-0.002608
20.1300	-0.000965
20.1350	0.000799
20.1400	0.002838
20.1450	0.004980
20.1500	0.006857
20.1550	0.008351
20.1600	0.009570
20.1650	0.010716
20.1700	0.011922
20.1750	0.013353
20.1800	0.014936
20.1850	0.016548
20.1900	0.017853
20.1950	0.018412
20.2000	0.018475
20.2050	0.018140
20.2100	0.017395
20.2150	0.016685
20.2200	0.016104
20.2250	0.015528
20.2300	0.015094
20.2350	0.014872
20.2400	0.014890
20.2450	0.014975
20.2500	0.014919
20.2550	0.014750
20.2600	0.014417
20.2650	0.013712
20.2700	0.012603
20.2750	0.011154
20.2800	0.009193
20.2850	0.006925
20.2900	0.004797
20.2950	0.002913
20.3000	0.001148
20.3050	-0.000502
20.3100	-0.001745
20.3150	-0.002260
20.3200	-0.001772
20.3250	-0.000412
20.3300	0.001287
20.3350	0.002784
20.3400	0.003810
20.3450	0.004262
20.3500	0.003878
20.3550	0.002497
20.3600	0.000158
20.3650	-0.002931
20.3700	-0.006186
20.3750	-0.008916
20.3800	-0.010781
20.3850	-0.011957
20.3900	-0.012525
20.3950	-0.012201
20.4000	-0.010922
20.4050	-0.008760
20.4100	-0.005914
20.4150	-0.002651
20.4200	0.000959
20.4250	0.004505
20.4300	0.007243
20.4350	0.008967
20.4400	0.009857
20.4450	0.010174
20.4500	0.010273
20.4550	0.010292
20.4600	0.010066
20.4650	0.009667
20.4700	0.009281
20.4750	0.008724
20.4800	0.007876
20.4850	0.006814
20.4900	0.005545
20.4950	0.004033
20.5000	0.002448
20.5050	0.000887
20.5100	-0.000655
20.5150	-0.001862
20.5200	-0.002511
20.5250	-0.002742
20.5300	-0.002652
20.5350	-0.002471
20.5400	-0.002462
20.5450	-0.002371
20.5500	-0.002182
20.5550	-0.002096
20.5600	-0.002197
20.5650	-0.002464
20.5700	-0.002545
20.5750	-0.002279
20.5800	-0.001736
20.5850	-0.001187
20.5900	-0.000687
20.5950	0.000105
20.6000	0.001384
20.6050	0.003102
20.6100	0.005020
20.6150	0.006862
20.6200	0.008713
20.6250	0.010600
20.6300	0.012070
20.6350	0.012925
20.6400	0.013160
20.6450	0.012903
20.6500	0.012220
20.6550	0.011052
20.6600	0.009617
20.6650	0.008189
20.6700	0.007186
20.6750	0.006573
20.6800	0.006058
20.6850	0.005597
20.6900	0.005381
20.6950	0.005807
20.7000	0.006774
20.7050	0.008126
20.7100	0.009907
20.7150	0.011839
20.7200	0.013580
20.7250	0.014792
20.7300	0.015119
20.7350	0.014674
20.7400	0.013622
20.7450	0.012015
20.7500	0.009984
20.7550	0.007482
20.7600	0.004678
20.7650	0.001972
20.7700	-0.000580
20.7750	-0.002924
20.7800	-0.004726
20.7850	-0.005903
20.7900	-0.006590
20.7950	-0.006916
20.8000	-0.007086
20.8050	-0.007258
20.8100	-0.007201
20.8150	-0.006644
20.8200	-0.005672
20.8250	-0.004358
20.8300	-0.002874
20.8350	-0.001524
20.8400	-0.000504
20.8450	0.000012
20.8500	-0.000059
20.8550	-0.000652
20.8600	-0.001732
20.8650	-0.003305
20.8700	-0.005359
20.8750	-0.007622
20.8800	-0.009686
20.8850	-0.011334
20.8900	-0.012705
20.8950	-0.013846
20.9000	-0.014371
20.9050	-0.014177
20.9100	-0.013363
20.9150	-0.012039
20.9200	-0.010497
20.9250	-0.009088
20.9300	-0.007910
20.9350	-0.006981
20.9400	-0.006432
20.9450	-0.006142
20.9500	-0.006173
20.9550	-0.006625
20.9600	-0.007343
20.9650	-0.008351
20.9700	-0.009572
20.9750	-0.010794
20.9800	-0.011851
20.9850	-0.012667
20.9900	-0.013028
20.9950	-0.012713
21.0000	-0.011869
21.0050	-0.010488
21.0100	-0.008524
21.0150	-0.005891
21.0200	-0.002745
21.0250	0.000489
21.0300	0.003782
21.0350	0.006570
21.0400	0.008490
21.0450	0.009684
21.0500	0.009619
21.0550	0.008388
21.0600	0.006692
21.0650	0.004671
21.0700	0.002153
21.0750	-0.000757
21.0800	-0.003801
21.0850	-0.006735
21.0900	-0.009325
21.0950	-0.011489
21.1000	-0.013039
21.1050	-0.013978
21.1100	-0.014389
21.1150	-0.014409
21.1200	-0.014235
21.1250	-0.013706
21.1300	-0.012928
21.1350	-0.012138
21.1400	-0.011246
21.1450	-0.010694
21.1500	-0.010658
21.1550	-0.010819
21.1600	-0.011082
21.1650	-0.011175
21.1700	-0.011010
21.1750	-0.010604
21.1800	-0.009702
21.1850	-0.008069
21.1900	-0.005819
21.1950	-0.003030
21.2000	-0.000012
21.2050	0.002745
21.2100	0.005049
21.2150	0.006435
21.2200	0.006628
21.2250	0.005970
21.2300	0.004761
21.2350	0.003088
21.2400	0.001095
21.2450	-0.000918
21.2500	-0.002669
21.2550	-0.003818
21.2600	-0.004265
21.2650	-0.004325
21.2700	-0.004055
21.2750	-0.003240
21.2800	-0.001877
21.2850	-0.000133
21.2900	0.001665
21.2950	0.003053
21.3000	0.003753
21.3050	0.003773
21.3100	0.003085
21.3150	0.001799
21.3200	0.000207
21.3250	-0.001701
21.3300	-0.003759
21.3350	-0.005738
21.3400	-0.007375
21.3450	-0.008382
21.3500	-0.008682
21.3550	-0.008326
21.3600	-0.007543
21.3650	-0.006187
21.3700	-0.004283
21.3750	-0.002127
21.3800	0.000301
21.3850	0.002889
21.3900	0.005372
21.3950	0.007707
21.4000	0.010060
21.4050	0.012321
21.4100	0.013940
21.4150	0.014575
21.4200	0.014255
21.4250	0.013258
21.4300	0.012165
21.4350	0.010949
21.4400	0.009313
21.4450	0.007367
21.4500	0.005199
21.4550	0.002818
21.4600	0.000238
21.4650	-0.002225
21.4700	-0.004517
21.4750	-0.006715
21.4800	-0.008652
21.4850	-0.010291
21.4900	-0.011441
21.4950	-0.012005
21.5000	-0.012194
21.5050	-0.012076
21.5100	-0.011537
21.5150	-0.010432
21.5200	-0.008894
21.5250	-0.007065
21.5300	-0.004854
21.5350	-0.002617
21.5400	-0.000721
21.5450	0.000871
21.5500	0.002100
21.5550	0.003128
21.5600	0.004007
21.5650	0.004565
21.5700	0.005056
21.5750	0.005754
21.5800	0.006706
21.5850	0.007849
21.5900	0.009148
21.5950	0.010532
21.6000	0.011752
21.6050	0.012620
21.6100	0.013147
21.6150	0.013392
21.6200	0.013408
21.6250	0.013259
21.6300	0.012784
21.6350	0.011847
21.6400	0.010460
21.6450	0.008952
21.6500	0.007675
21.6550	0.006513
21.6600	0.005478
21.6650	0.004687
21.6700	0.004159
21.6750	0.003794
21.6800	0.003223
21.6850	0.002327
21.6900	0.001200
21.6950	-0.000003
21.7000	-0.000970
21.7050	-0.001726
21.7100	-0.002461
21.7150	-0.002879
21.7200	-0.002793
21.7250	-0.002313
21.7300	-0.001250
21.7350	0.000453
21.7400	0.002810
21.7450	0.005699
21.7500	0.008581
21.7550	0.011356
21.7600	0.013946
21.7650	0.015895
21.7700	0.017140
21.7750	0.017625
21.7800	0.017524
21.7850	0.017272
21.7900	0.016767
21.7950	0.016042
21.8000	0.015383
21.8050	0.014621
21.8100	0.013364
21.8150	0.011794
21.8200	0.010078
21.8250	0.008496
21.8300	0.007442
21.8350	0.006587
21.8400	0.005918
21.8450	0.005585
21.8500	0.005486
21.8550	0.005759
21.8600	0.006223
21.8650	0.006508
21.8700	0.006635
21.8750	0.006442
21.8800	0.005934
21.8850	0.005425
21.8900	0.004785
21.8950	0.004052
21.9000	0.003388
21.9050	0.002789
21.9100	0.002188
21.9150	0.001365
21.9200	0.000348
21.9250	-0.000547
21.9300	-0.001197
21.9350	-0.001618
21.9400	-0.001920
21.9450	-0.002328
21.9500	-0.002731
21.9550	-0.003011
21.9600	-0.003063
21.9650	-0.002758
21.9700	-0.002456
21.9750	-0.002475
21.9800	-0.002639
21.9850	-0.002778
21.9900	-0.002847
21.9950	-0.002838
22.0000	-0.002942
22.0050	-0.003344
22.0100	-0.003938
22.0150	-0.004501
22.0200	-0.004714
22.0250	-0.004473
22.0300	-0.004020
22.0350	-0.003085
22.0400	-0.001677
22.0450	-0.000279
22.0500	0.001298
22.0550	0.003068
22.0600	0.004638
22.0650	0.005830
22.0700	0.006618
22.0750	0.007114
22.0800	0.007375
22.0850	0.007589
22.0900	0.007856
22.0950	0.008000
22.1000	0.008078
22.1050	0.007904
22.1100	0.007168
22.1150	0.006062
22.1200	0.004789
22.1250	0.003447
22.1300	0.001962
22.1350	0.000122
22.1400	-0.001849
22.1450	-0.003843
22.1500	-0.005969
22.1550	-0.008003
22.1600	-0.009678
22.1650	-0.010778
22.1700	-0.011196
22.1750	-0.010971
22.1800	-0.010129
22.1850	-0.008903
22.1900	-0.007371
22.1950	-0.005412
22.2000	-0.003389
22.2050	-0.001548
22.2100	0.000221
22.2150	0.001857
22.2200	0.003208
22.2250	0.004398
22.2300	0.005678
22.2350	0.006766
22.2400	0.007479
22.2450	0.008027
22.2500	0.008451
22.2550	0.008824
22.2600	0.009277
22.2650	0.009786
22.2700	0.010183
22.2750	0.010345
22.2800	0.010369
22.2850	0.010423
22.2900	0.010614
22.2950	0.010809
22.3000	0.010889
22.3050	0.010856
22.3100	0.010625
22.3150	0.010307
22.3200	0.009973
22.3250	0.009294
22.3300	0.008074
22.3350	0.006533
22.3400	0.004944
22.3450	0.003332
22.3500	0.001582
22.3550	0.000040
22.3600	-0.000959
22.3650	-0.001553
22.3700	-0.001786
22.3750	-0.001771
22.3800	-0.001504
22.3850	-0.000827
22.3900	-0.000091
22.3950	0.000219
22.4000	0.000333
22.4050	0.000734
22.4100	0.001510
22.4150	0.002421
22.4200	0.003210
22.4250	0.003950
22.4300	0.004750
22.4350	0.005539
22.4400	0.006075
22.4450	0.006589
22.4500	0.007252
22.4550	0.007653
22.4600	0.007792
22.4650	0.007673
22.4700	0.007246
22.4750	0.006775
22.4800	0.006300
22.4850	0.005623
22.4900	0.004568
22.4950	0.003174
22.5000	0.001557
22.5050	-0.000311
22.5100	-0.002315
22.5150	-0.004187
22.5200	-0.005578
22.5250	-0.006576
22.5300	-0.007519
22.5350	-0.008164
22.5400	-0.008481
22.5450	-0.008798
22.5500	-0.009172
22.5550	-0.009372
22.5600	-0.009151
22.5650	-0.008741
22.5700	-0.008413
22.5750	-0.008354
22.5800	-0.008496
22.5850	-0.008722
22.5900	-0.009248
22.5950	-0.009952
22.6000	-0.010827
22.6050	-0.011884
22.6100	-0.013023
22.6150	-0.014116
22.6200	-0.014893
22.6250	-0.015380
22.6300	-0.015387
22.6350	-0.014870
22.6400	-0.014169
22.6450	-0.013336
22.6500	-0.012419
22.6550	-0.011373
22.6600	-0.010011
22.6650	-0.008437
22.6700	-0.006803
22.6750	-0.005240
22.6800	-0.004093
22.6850	-0.003477
22.6900	-0.003230
22.6950	-0.003424
22.7000	-0.004122
22.7050	-0.005309
22.7100	-0.006877
22.7150	-0.008440
22.7200	-0.009751
22.7250	-0.010784
22.7300	-0.011444
22.7350	-0.011540
22.7400	-0.011131
22.7450	-0.010317
22.7500	-0.009104
22.7550	-0.007677
22.7600	-0.006377
22.7650	-0.005366
22.7700	-0.004628
22.7750	-0.004506
22.7800	-0.005087
22.7850	-0.005872
22.7900	-0.006434
22.7950	-0.006828
22.8000	-0.007248
22.8050	-0.007587
22.8100	-0.007765
22.8150	-0.007539
22.8200	-0.006831
22.8250	-0.006116
22.8300	-0.005688
22.8350	-0.005517
22.8400	-0.005334
22.8450	-0.004839
22.8500	-0.004286
22.8550	-0.004195
22.8600	-0.004601
22.8650	-0.005216
22.8700	-0.005780
22.8750	-0.006436
22.8800	-0.007290
22.8850	-0.008065
22.8900	-0.008734
22.8950	-0.009045
22.9000	-0.008855
22.9050	-0.008446
22.9100	-0.007875
22.9150	-0.007224
22.9200	-0.006661
22.9250	-0.006384
22.9300	-0.006384
22.9350	-0.006437
22.9400	-0.006399
22.9450	-0.006245
22.9500	-0.006052
22.9550	-0.005770
22.9600	-0.005484
22.9650	-0.005218
22.9700	-0.004957
22.9750	-0.004726
22.9800	-0.004434
22.9850	-0.004194
22.9900	-0.004138
22.9950	-0.004161
23.0000	-0.004010
23.0050	-0.003673
23.0100	-0.003367
23.0150	-0.003275
23.0200	-0.003554
23.0250	-0.004031
23.0300	-0.004223
23.0350	-0.004125
23.0400	-0.004001
23.0450	-0.003995
23.0500	-0.004434
23.0550	-0.005255
23.0600	-0.006027
23.0650	-0.006444
23.0700	-0.006381
23.0750	-0.006228
23.0800	-0.006273
23.0850	-0.006392
23.0900	-0.006570
23.0950	-0.006700
23.1000	-0.006772
23.1050	-0.007097
23.1100	-0.007758
23.1150	-0.008353
23.1200	-0.008572
23.1250	-0.008460
23.1300	-0.007901
23.1350	-0.006914
23.1400	-0.005555
23.1450	-0.003828
23.1500	-0.001841
23.1550	0.000451
23.1600	0.002850
23.1650	0.005130
23.1700	0.007384
23.1750	0.009540
23.1800	0.011338
23.1850	0.012703
23.1900	0.013569
23.1950	0.013831
23.2000	0.013747
23.2050	0.013521
23.2100	0.012983
23.2150	0.012228
23.2200	0.011311
23.2250	0.010295
23.2300	0.009513
23.2350	0.008837
23.2400	0.008030
23.2450	0.007175
23.2500	0.006256
23.2550	0.005349
23.2600	0.004561
23.2650	0.003937
23.2700	0.003681
23.2750	0.003757
23.2800	0.004003
23.2850	0.004322
23.2900	0.004515
23.2950	0.004581
23.3000	0.004516
23.3050	0.004150
23.3100	0.003501
23.3150	0.002579
23.3200	0.001492
23.3250	0.000319
23.3300	-0.000876
23.3350	-0.001971
23.3400	-0.002769
23.3450	-0.003017
23.3500	-0.002831
23.3550	-0.002277
23.3600	-0.001648
23.3650	-0.001185
23.3700	-0.000642
23.3750	0.000035
23.3800	0.000914
23.3850	0.001881
23.3900	0.002751
23.3950	0.003766
23.4000	0.005088
23.4050	0.006778
23.4100	0.008608
23.4150	0.010174
23.4200	0.011289
23.4250	0.011628
23.4300	0.011230
23.4350	0.010477
23.4400	0.009333
23.4450	0.007818
23.4500	0.006250
23.4550	0.004747
23.4600	0.003406
23.4650	0.002522
23.4700	0.002014
23.4750	0.001824
23.4800	0.002218
23.4850	0.003070
23.4900	0.003998
23.4950	0.004814
23.5000	0.005366
23.5050	0.005320
23.5100	0.004596
23.5150	0.003500
23.5200	0.002534
23.5250	0.001776
23.5300	0.000945
23.5350	0.000201
23.5400	-0.000246
23.5450	-0.000195
23.5500	0.000470
23.5550	0.001589
23.5600	0.003119
23.5650	0.004911
23.5700	0.006735
23.5750	0.008537
23.5800	0.010109
23.5850	0.011247
23.5900	0.011907
23.5950	0.011903
23.6000	0.011127
23.6050	0.009602
23.6100	0.007467
23.6150	0.004994
23.6200	0.002318
23.6250	-0.000484
23.6300	-0.003327
23.6350	-0.005863
23.6400	-0.007761
23.6450	-0.009009
23.6500	-0.009704
23.6550	-0.010068
23.6600	-0.010081
23.6650	-0.009473
23.6700	-0.008221
23.6750	-0.006407
23.6800	-0.004306
23.6850	-0.002190
23.6900	-0.000092
23.6950	0.001607
23.7000	0.002427
23.7050	0.002168
23.7100	0.001078
23.7150	-0.000286
23.7200	-0.001537
23.7250	-0.002359
23.7300	-0.002720
23.7350	-0.002894
23.7400	-0.002862
23.7450	-0.002594
23.7500	-0.001977
23.7550	-0.000910
23.7600	0.000290
23.7650	0.001344
23.7700	0.002131
23.7750	0.002587
23.7800	0.002571
23.7850	0.002042
23.7900	0.001173
23.7950	0.000159
23.8000	-0.000782
23.8050	-0.001563
23.8100	-0.002253
23.8150	-0.002846
23.8200	-0.003139
23.8250	-0.003287
23.8300	-0.003657
23.8350	-0.004062
23.8400	-0.004258
23.8450	-0.004013
23.8500	-0.003059
23.8550	-0.001433
23.8600	0.000680
23.8650	0.003176
23.8700	0.005834
23.8750	0.008420
23.8800	0.010915
23.8850	0.013113
23.8900	0.014785
23.8950	0.015854
23.9000	0.016281
23.9050	0.016087
23.9100	0.015337
23.9150	0.014224
23.9200	0.012932
23.9250	0.011442
23.9300	0.009713
23.9350	0.007902
23.9400	0.006069
23.9450	0.004274
23.9500	0.002665
23.9550	0.001140
23.9600	-0.000535
23.9650	-0.002356
23.9700	-0.003886
23.9750	-0.004957
23.9800	-0.005669
23.9850	-0.005980
23.9900	-0.005904
23.9950	-0.005271
24.0000	-0.004200
24.0050	-0.003031
24.0100	-0.001941
24.0150	-0.001261
24.0200	-0.001124
24.0250	-0.001458
24.0300	-0.002257
24.0350	-0.003424
24.0400	-0.004930
24.0450	-0.006632
24.0500	-0.008234
24.0550	-0.009525
24.0600	-0.010245
24.0650	-0.010450
24.0700	-0.010534
24.0750	-0.010638
24.0800	-0.010812
24.0850	-0.011055
24.0900	-0.011191
24.0950	-0.011219
24.1000	-0.011089
24.1050	-0.010610
24.1100	-0.009687
24.1150	-0.008364
24.1200	-0.006853
24.1250	-0.005258
24.1300	-0.003720
24.1350	-0.002556
24.1400	-0.001811
24.1450	-0.001313
24.1500	-0.001145
24.1550	-0.001329
24.1600	-0.001715
24.1650	-0.002155
24.1700	-0.002558
24.1750	-0.003030
24.1800	-0.003560
24.1850	-0.004148
24.1900	-0.004799
24.1950	-0.005421
24.2000	-0.005917
24.2050	-0.006173
24.2100	-0.006301
24.2150	-0.006406
24.2200	-0.006422
24.2250	-0.006228
24.2300	-0.005671
24.2350	-0.004614
24.2400	-0.002926
24.2450	-0.000852
24.2500	0.001245
24.2550	0.003342
24.2600	0.005289
24.2650	0.006859
24.2700	0.008043
24.2750	0.008921
24.2800	0.009534
24.2850	0.009839
24.2900	0.009845
24.2950	0.009598
24.3000	0.009121
24.3050	0.008683
24.3100	0.008543
24.3150	0.008606
24.3200	0.008653
24.3250	0.008613
24.3300	0.008458
24.3350	0.008029
24.3400	0.007368
24.3450	0.006524
24.3500	0.005445
24.3550	0.004292
24.3600	0.003175
24.3650	0.001970
24.3700	0.000624
24.3750	-0.000715
24.3800	-0.001943
24.3850	-0.002913
24.3900	-0.003364
24.3950	-0.003338
24.4000	-0.002944
24.4050	-0.002102
24.4100	-0.000863
24.4150	0.000768
24.4200	0.002619
24.4250	0.004378
24.4300	0.006010
24.4350	0.007327
24.4400	0.008021
24.4450	0.008082
24.4500	0.007683
24.4550	0.006850
24.4600	0.005583
24.4650	0.004159
24.4700	0.002875
24.4750	0.001691
24.4800	0.000449
24.4850	-0.000622
24.4900	-0.001173
24.4950	-0.001127
24.5000	-0.000587
24.5050	0.000181
24.5100	0.000974
24.5150	0.001788
24.5200	0.002446
24.5250	0.002683
24.5300	0.002286
24.5350	0.001174
24.5400	-0.000276
24.5450	-0.001731
24.5500	-0.003015
24.5550	-0.004063
24.5600	-0.004898
24.5650	-0.005423
24.5700	-0.005722
24.5750	-0.005864
24.5800	-0.005814
24.5850	-0.005491
24.5900	-0.004758
24.5950	-0.003811
24.6000	-0.002864
24.6050	-0.001925
24.6100	-0.001259
24.6150	-0.000863
24.6200	-0.000373
24.6250	0.000290
24.6300	0.001054
24.6350	0.001871
24.6400	0.002747
24.6450	0.003711
24.6500	0.004851
24.6550	0.006308
24.6600	0.008124
24.6650	0.010284
24.6700	0.012575
24.6750	0.014633
24.6800	0.016358
24.6850	0.017565
24.6900	0.017828
24.6950	0.017133
24.7000	0.015660
24.7050	0.013449
24.7100	0.010822
24.7150	0.008244
24.7200	0.006067
24.7250	0.004501
24.7300	0.003356
24.7350	0.002598
24.7400	0.002537
24.7450	0.003102
24.7500	0.003953
24.7550	0.004957
24.7600	0.006123
24.7650	0.007236
24.7700	0.007873
24.7750	0.007836
24.7800	0.007254
24.7850	0.006393
24.7900	0.005276
24.7950	0.003812
24.8000	0.002089
24.8050	0.000182
24.8100	-0.001815
24.8150	-0.003825
24.8200	-0.005674
24.8250	-0.007066
24.8300	-0.008087
24.8350	-0.009019
24.8400	-0.009892
24.8450	-0.010425
24.8500	-0.010238
24.8550	-0.009433
24.8600	-0.008614
24.8650	-0.008074
24.8700	-0.007757
24.8750	-0.007637
24.8800	-0.007758
24.8850	-0.008119
24.8900	-0.008451
24.8950	-0.008655
24.9000	-0.008886
24.9050	-0.009101
24.9100	-0.009240
24.9150	-0.009309
24.9200	-0.009250
24.9250	-0.009093
24.9300	-0.009031
24.9350	-0.008982
24.9400	-0.008565
24.9450	-0.007659
24.9500	-0.006382
24.9550	-0.004780
24.9600	-0.003018
24.9650	-0.001421
24.9700	-0.000111
24.9750	0.000851
24.9800	0.001381
24.9850	0.001369
24.9900	0.000798
24.9950	0.000048
25.0000	-0.000525
25.0050	-0.000912
25.0100	-0.001105
25.0150	-0.001096
25.0200	-0.001093
25.0250	-0.001185
25.0300	-0.001173
25.0350	-0.000839
25.0400	-0.000169
25.0450	0.000680
25.0500	0.001550
25.0550	0.002373
25.0600	0.003116
25.0650	0.003844
25.0700	0.004540
25.0750	0.004970
25.0800	0.005104
25.0850	0.005076
25.0900	0.004971
25.0950	0.004928
25.1000	0.004762
25.1050	0.004114
25.1100	0.003104
25.1150	0.001913
25.1200	0.000452
25.1250	-0.001283
25.1300	-0.003102
25.1350	-0.004832
25.1400	-0.006390
25.1450	-0.007740
25.1500	-0.009004
25.1550	-0.010111
25.1600	-0.010818
25.1650	-0.011077
25.1700	-0.010906
25.1750	-0.010336
25.1800	-0.009400
25.1850	-0.008245
25.1900	-0.007264
25.1950	-0.006581
25.2000	-0.005935
25.2050	-0.005203
25.2100	-0.004524
25.2150	-0.003970
25.2200	-0.003311
25.2250	-0.002250
25.2300	-0.000818
25.2350	0.000670
25.2400	0.002014
25.2450	0.003037
25.2500	0.003657
25.2550	0.003922
25.2600	0.003887
25.2650	0.003730
25.2700	0.003652
25.2750	0.003631
25.2800	0.003485
25.2850	0.003097
25.2900	0.002451
25.2950	0.001743
25.3000	0.001039
25.3050	0.000185
25.3100	-0.000804
25.3150	-0.001731
25.3200	-0.002568
25.3250	-0.003510
25.3300	-0.004384
25.3350	-0.005066
25.3400	-0.005497
25.3450	-0.005361
25.3500	-0.004666
25.3550	-0.003713
25.3600	-0.002707
25.3650	-0.001558
25.3700	-0.000322
25.3750	0.000797
25.3800	0.001817
25.3850	0.002772
25.3900	0.003721
25.3950	0.004599
25.4000	0.005287
25.4050	0.005763
25.4100	0.006157
25.4150	0.006590
25.4200	0.006786
25.4250	0.006581
25.4300	0.006234
25.4350	0.006005
25.4400	0.005888
25.4450	0.005817
25.4500	0.005703
25.4550	0.005279
25.4600	0.004474
25.4650	0.003396
25.4700	0.002106
25.4750	0.000788
25.4800	-0.000323
25.4850	-0.001062
25.4900	-0.001365
25.4950	-0.001182
25.5000	-0.000512
25.5050	0.000467
25.5100	0.001536
25.5150	0.002379
25.5200	0.002575
25.5250	0.002106
25.5300	0.001225
25.5350	-0.000210
25.5400	-0.002196
25.5450	-0.004334
25.5500	-0.006316
25.5550	-0.007990
25.5600	-0.009418
25.5650	-0.010465
25.5700	-0.010988
25.5750	-0.011005
25.5800	-0.010326
25.5850	-0.009099
25.5900	-0.007767
25.5950	-0.006571
25.6000	-0.005647
25.6050	-0.004998
25.6100	-0.004632
25.6150	-0.004539
25.6200	-0.004475
25.6250	-0.004371
25.6300	-0.004374
25.6350	-0.004461
25.6400	-0.004839
25.6450	-0.005620
25.6500	-0.006300
25.6550	-0.006672
25.6600	-0.006949
25.6650	-0.007353
25.6700	-0.007863
25.6750	-0.008259
25.6800	-0.008397
25.6850	-0.008204
25.6900	-0.007727
25.6950	-0.007172
25.7000	-0.006702
25.7050	-0.006092
25.7100	-0.005158
25.7150	-0.004005
25.7200	-0.002725
25.7250	-0.001496
25.7300	-0.000462
25.7350	0.000277
25.7400	0.000474
25.7450	0.000284
25.7500	-0.000096
25.7550	-0.000755
25.7600	-0.001557
25.7650	-0.002313
25.7700	-0.002931
25.7750	-0.003295
25.7800	-0.003415
25.7850	-0.003311
25.7900	-0.002759
25.7950	-0.001992
25.8000	-0.001466
25.8050	-0.001035
25.8100	-0.000450
25.8150	0.000191
25.8200	0.000680
25.8250	0.000840
25.8300	0.000780
25.8350	0.000669
25.8400	0.000342
25.8450	-0.000245
25.8500	-0.000963
25.8550	-0.001690
25.8600	-0.002382
25.8650	-0.003028
25.8700	-0.003640
25.8750	-0.004388
25.8800	-0.005425
25.8850	-0.006632
25.8900	-0.007744
25.8950	-0.008733
25.9000	-0.009648
25.9050	-0.010345
25.9100	-0.010637
25.9150	-0.010262
25.9200	-0.008898
25.9250	-0.006524
25.9300	-0.003438
25.9350	0.000091
25.9400	0.003773
25.9450	0.007287
25.9500	0.010537
25.9550	0.013557
25.9600	0.016223
25.9650	0.018116
25.9700	0.018824
25.9750	0.018546
25.9800	0.017717
25.9850	0.016374
25.9900	0.014588
25.9950	0.012524
26.0000	0.010138
26.0050	0.007628
26.0100	0.005349
26.0150	0.003488
26.0200	0.002109
26.0250	0.001181
26.0300	0.000812
26.0350	0.001125
26.0400	0.002090
26.0450	0.003460
26.0500	0.004954
26.0550	0.006336
26.0600	0.007195
26.0650	0.007268
26.0700	0.006540
26.0750	0.005217
26.0800	0.003949
26.0850	0.003280
26.0900	0.003219
26.0950	0.003581
26.1000	0.004161
26.1050	0.004547
26.1100	0.004103
26.1150	0.002522
26.1200	-0.000186
26.1250	-0.003831
26.1300	-0.008017
26.1350	-0.012247
26.1400	-0.015808
26.1450	-0.018209
26.1500	-0.019123
26.1550	-0.018546
26.1600	-0.016975
26.1650	-0.014909
26.1700	-0.012961
26.1750	-0.011626
26.1800	-0.010913
26.1850	-0.010515
26.1900	-0.010126
26.1950	-0.009605
26.2000	-0.008965
26.2050	-0.008336
26.2100	-0.007923
26.2150	-0.008019
26.2200	-0.008718
26.2250	-0.009841
26.2300	-0.011116
26.2350	-0.012130
26.2400	-0.012339
26.2450	-0.011387
26.2500	-0.009347
26.2550	-0.006478
26.2600	-0.003293
26.2650	-0.000350
26.2700	0.002051
26.2750	0.003853
26.2800	0.005327
26.2850	0.006706
26.2900	0.008029
26.2950	0.009292
26.3000	0.010386
26.3050	0.011073
26.3100	0.011192
26.3150	0.010809
26.3200	0.009762
26.3250	0.008005
26.3300	0.006051
26.3350	0.004388
26.3400	0.003414
26.3450	0.003158
26.3500	0.003283
26.3550	0.003563
26.3600	0.003786
26.3650	0.003506
26.3700	0.002405
26.3750	0.000474
26.3800	-0.002187
26.3850	-0.005080
26.3900	-0.007634
26.3950	-0.009571
26.4000	-0.010786
26.4050	-0.011166
26.4100	-0.010788
26.4150	-0.009739
26.4200	-0.008067
26.4250	-0.006260
26.4300	-0.004637
26.4350	-0.003356
26.4400	-0.002657
26.4450	-0.002411
26.4500	-0.002231
26.4550	-0.001720
26.4600	-0.000804
26.4650	0.000386
26.4700	0.001748
26.4750	0.003218
26.4800	0.004815
26.4850	0.006481
26.4900	0.007934
26.4950	0.009013
26.5000	0.009605
26.5050	0.009652
26.5100	0.009414
26.5150	0.008864
26.5200	0.008126
26.5250	0.007341
26.5300	0.006368
26.5350	0.005381
26.5400	0.004344
26.5450	0.003327
26.5500	0.002611
26.5550	0.002045
26.5600	0.001585
26.5650	0.001453
26.5700	0.001820
26.5750	0.002537
26.5800	0.003345
26.5850	0.004319
26.5900	0.005525
26.5950	0.006704
26.6000	0.007519
26.6050	0.007645
26.6100	0.006999
26.6150	0.005976
26.6200	0.004699
26.6250	0.003226
26.6300	0.001938
26.6350	0.000842
26.6400	-0.000031
26.6450	-0.000299
26.6500	0.000253
26.6550	0.001418
26.6600	0.002722
26.6650	0.003831
26.6700	0.004600
26.6750	0.005071
26.6800	0.005417
26.6850	0.005763
26.6900	0.006024
26.6950	0.005857
26.7000	0.004981
26.7050	0.003430
26.7100	0.001418
26.7150	-0.000871
26.7200	-0.003066
26.7250	-0.004901
26.7300	-0.006261
26.7350	-0.006865
26.7400	-0.006762
26.7450	-0.006200
26.7500	-0.005353
26.7550	-0.004508
26.7600	-0.003618
26.7650	-0.002662
26.7700	-0.001833
26.7750	-0.000986
26.7800	-0.000243
26.7850	0.000038
26.7900	-0.000279
26.7950	-0.001133
26.8000	-0.002220
26.8050	-0.003364
26.8100	-0.004642
26.8150	-0.006026
26.8200	-0.007399
26.8250	-0.008662
26.8300	-0.009519
26.8350	-0.009696
26.8400	-0.009347
26.8450	-0.008830
26.8500	-0.008446
26.8550	-0.008153
26.8600	-0.007632
26.8650	-0.006980
26.8700	-0.006552
26.8750	-0.006434
26.8800	-0.006501
26.8850	-0.006582
26.8900	-0.006570
26.8950	-0.006512
26.9000	-0.006352
26.9050	-0.005870
26.9100	-0.005108
26.9150	-0.004334
26.9200	-0.003638
26.9250	-0.003016
26.9300	-0.002587
26.9350	-0.002329
26.9400	-0.002054
26.9450	-0.001665
26.9500	-0.001299
26.9550	-0.001186
26.9600	-0.001390
26.9650	-0.001801
26.9700	-0.002115
26.9750	-0.002078
26.9800	-0.001593
26.9850	-0.000786
26.9900	-0.000175
26.9950	-0.000059
27.0000	-0.000276
27.0050	-0.000625
27.0100	-0.000838
27.0150	-0.000809
27.0200	-0.000702
27.0250	-0.000544
27.0300	-0.000302
27.0350	0.000111
27.0400	0.000851
27.0450	0.001808
27.0500	0.002884
27.0550	0.004193
27.0600	0.005712
27.0650	0.007229
27.0700	0.008520
27.0750	0.009157
27.0800	0.008834
27.0850	0.007829
27.0900	0.006410
27.0950	0.004672
27.1000	0.002850
27.1050	0.001074
27.1100	-0.000549
27.1150	-0.001771
27.1200	-0.002415
27.1250	-0.002455
27.1300	-0.002132
27.1350	-0.001705
27.1400	-0.001195
27.1450	-0.000504
27.1500	0.000370
27.1550	0.001286
27.1600	0.002177
27.1650	0.002811
27.1700	0.003170
27.1750	0.003617
27.1800	0.004146
27.1850	0.004592
27.1900	0.004932
27.1950	0.005252
27.2000	0.005651
27.2050	0.006224
27.2100	0.007011
27.2150	0.007817
27.2200	0.008535
27.2250	0.009194
27.2300	0.009705
27.2350	0.010024
27.2400	0.009978
27.2450	0.009444
27.2500	0.008695
27.2550	0.007917
27.2600	0.007115
27.2650	0.006285
27.2700	0.005367
27.2750	0.004463
27.2800	0.003681
27.2850	0.003074
27.2900	0.002832
27.2950	0.002804
27.3000	0.002777
27.3050	0.002756
27.3100	0.002733
27.3150	0.002682
27.3200	0.002642
27.3250	0.002710
27.3300	0.002791
27.3350	0.002860
27.3400	0.003107
27.3450	0.003623
27.3500	0.004168
27.3550	0.004350
27.3600	0.004030
27.3650	0.003441
27.3700	0.002947
27.3750	0.002648
27.3800	0.002538
27.3850	0.002648
27.3900	0.002882
27.3950	0.002974
27.4000	0.002685
27.4050	0.002091
27.4100	0.001116
27.4150	-0.000424
27.4200	-0.002424
27.4250	-0.004617
27.4300	-0.006568
27.4350	-0.007977
27.4400	-0.008766
27.4450	-0.008939
27.4500	-0.008659
27.4550	-0.008146
27.4600	-0.007504
27.4650	-0.006693
27.4700	-0.005742
27.4750	-0.004883
27.4800	-0.004389
27.4850	-0.004190
27.4900	-0.003741
27.4950	-0.002886
27.5000	-0.002090
27.5050	-0.001414
27.5100	-0.000675
27.5150	0.000089
27.5200	0.000883
27.5250	0.001557
27.5300	0.001980
27.5350	0.002037
27.5400	0.001673
27.5450	0.001183
27.5500	0.000765
27.5550	0.000387
27.5600	-0.000087
27.5650	-0.000729
27.5700	-0.001387
27.5750	-0.001845
27.5800	-0.002052
27.5850	-0.002039
27.5900	-0.001949
27.5950	-0.001941
27.6000	-0.001926
27.6050	-0.001749
27.6100	-0.001120
27.6150	0.000151
27.6200	0.001804
27.6250	0.003482
27.6300	0.005035
27.6350	0.006362
27.6400	0.007390
27.6450	0.008312
27.6500	0.009168
27.6550	0.009650
27.6600	0.009612
27.6650	0.008989
27.6700	0.007716
27.6750	0.006098
27.6800	0.004409
27.6850	0.002669
27.6900	0.000873
27.6950	-0.001017
27.7000	-0.002812
27.7050	-0.004132
27.7100	-0.004764
27.7150	-0.004625
27.7200	-0.003734
27.7250	-0.002184
27.7300	-0.000128
27.7350	0.002100
27.7400	0.004100
27.7450	0.005470
27.7500	0.005984
27.7550	0.005895
27.7600	0.005427
27.7650	0.004298
27.7700	0.002361
27.7750	-0.000072
27.7800	-0.002399
27.7850	-0.004271
27.7900	-0.005780
27.7950	-0.006912
27.8000	-0.007761
27.8050	-0.008542
27.8100	-0.009185
27.8150	-0.009619
27.8200	-0.009789
27.8250	-0.009651
27.8300	-0.009388
27.8350	-0.008997
27.8400	-0.008327
27.8450	-0.007434
27.8500	-0.006394
27.8550	-0.005180
27.8600	-0.003906
27.8650	-0.002698
27.8700	-0.001412
27.8750	0.000008
27.8800	0.001423
27.8850	0.002732
27.8900	0.003773
27.8950	0.004468
27.9000	0.004986
27.9050	0.005636
27.9100	0.006487
27.9150	0.007169
27.9200	0.007466
27.9250	0.007483
27.9300	0.007456
27.9350	0.007409
27.9400	0.007153
27.9450	0.006576
27.9500	0.005631
27.9550	0.004568
27.9600	0.003693
27.9650	0.003187
27.9700	0.003088
27.9750	0.003213
27.9800	0.003405
27.9850	0.003570
27.9900	0.003720
27.9950	0.003805
28.0000	0.003679
28.0050	0.003306
28.0100	0.002733
28.0150	0.002061
28.0200	0.001188
28.0250	-0.000038
28.0300	-0.001322
28.0350	-0.002417
28.0400	-0.003405
28.0450	-0.004320
28.0500	-0.005118
28.0550	-0.005740
28.0600	-0.006160
28.0650	-0.006401
28.0700	-0.006484
28.0750	-0.006506
28.0800	-0.006424
28.0850	-0.005969
28.0900	-0.005177
28.0950	-0.004454
28.1000	-0.003878
28.1050	-0.003196
28.1100	-0.002501
28.1150	-0.002106
28.1200	-0.002001
28.1250	-0.002025
28.1300	-0.002190
28.1350	-0.002484
28.1400	-0.002859
28.1450	-0.003318
28.1500	-0.003776
28.1550	-0.004115
28.1600	-0.004219
28.1650	-0.004144
28.1700	-0.004019
28.1750	-0.003648
28.1800	-0.002999
28.1850	-0.002403
28.1900	-0.002058
28.1950	-0.001967
28.2000	-0.001974
28.2050	-0.001983
28.2100	-0.001930
28.2150	-0.001596
28.2200	-0.000888
28.2250	-0.000087
28.2300	0.000473
28.2350	0.000633
28.2400	0.000256
28.2450	-0.000438
28.2500	-0.001129
28.2550	-0.001666
28.2600	-0.001883
28.2650	-0.001779
28.2700	-0.001206
28.2750	-0.000010
28.2800	0.001484
28.2850	0.002874
28.2900	0.003982
28.2950	0.004948
28.3000	0.006016
28.3050	0.007111
28.3100	0.008165
28.3150	0.009347
28.3200	0.010615
28.3250	0.011719
28.3300	0.012699
28.3350	0.013632
28.3400	0.014379
28.3450	0.014891
28.3500	0.015104
28.3550	0.014840
28.3600	0.014122
28.3650	0.013212
28.3700	0.012316
28.3750	0.011444
28.3800	0.010615
28.3850	0.009923
28.3900	0.009386
28.3950	0.009155
28.4000	0.009255
28.4050	0.009294
28.4100	0.009027
28.4150	0.008338
28.4200	0.007348
28.4250	0.006456
28.4300	0.005716
28.4350	0.004970
28.4400	0.004194
28.4450	0.003484
28.4500	0.002932
28.4550	0.002460
28.4600	0.001884
28.4650	0.001156
28.4700	0.000369
28.4750	-0.000398
28.4800	-0.001112
28.4850	-0.001618
28.4900	-0.001782
28.4950	-0.001780
28.5000	-0.001866
28.5050	-0.002137
28.5100	-0.002560
28.5150	-0.003135
28.5200	-0.003934
28.5250	-0.004914
28.5300	-0.005833
28.5350	-0.006464
28.5400	-0.006754
28.5450	-0.006695
28.5500	-0.006403
28.5550	-0.005913
28.5600	-0.005224
28.5650	-0.004620
28.5700	-0.004354
28.5750	-0.004274
28.5800	-0.004088
28.5850	-0.003709
28.5900	-0.003237
28.5950	-0.002866
28.6000	-0.002678
28.6050	-0.002624
28.6100	-0.002562
28.6150	-0.002337
28.6200	-0.002025
28.6250	-0.001774
28.6300	-0.001644
28.6350	-0.001515
28.6400	-0.001165
28.6450	-0.000718
28.6500	-0.000427
28.6550	-0.000351
28.6600	-0.000412
28.6650	-0.000484
28.6700	-0.000487
28.6750	-0.000454
28.6800	-0.000407
28.6850	-0.000354
28.6900	-0.000267
28.6950	-0.000028
28.7000	0.000303
28.7050	0.000599
28.7100	0.000950
28.7150	0.001493
28.7200	0.002156
28.7250	0.002742
28.7300	0.003029
28.7350	0.003015
28.7400	0.002938
28.7450	0.002890
28.7500	0.002904
28.7550	0.002953
28.7600	0.002849
28.7650	0.002472
28.7700	0.001967
28.7750	0.001499
28.7800	0.001107
28.7850	0.000924
28.7900	0.001214
28.7950	0.002029
28.8000	0.002990
28.8050	0.003889
28.8100	0.004878
28.8150	0.006060
28.8200	0.007349
28.8250	0.008539
28.8300	0.009432
28.8350	0.009838
28.8400	0.009738
28.8450	0.009268
28.8500	0.008508
28.8550	0.007591
28.8600	0.006715
28.8650	0.005858
28.8700	0.004843
28.8750	0.003642
28.8800	0.002382
28.8850	0.000919
28.8900	-0.000948
28.8950	-0.002915
28.9000	-0.004671
28.9050	-0.006175
28.9100	-0.007391
28.9150	-0.008147
28.9200	-0.008430
28.9250	-0.008481
28.9300	-0.008545
28.9350	-0.008718
28.9400	-0.008833
28.9450	-0.008815
28.9500	-0.008669
28.9550	-0.008258
28.9600	-0.007553
28.9650	-0.006805
28.9700	-0.006396
28.9750	-0.006529
28.9800	-0.007099
28.9850	-0.007821
28.9900	-0.008457
28.9950	-0.008869
29.0000	-0.008980
29.0050	-0.008864
29.0100	-0.008533
29.0150	-0.007844
29.0200	-0.006890
29.0250	-0.005820
29.0300	-0.004735
29.0350	-0.003723
29.0400	-0.002812
29.0450	-0.002092
29.0500	-0.001492
29.0550	-0.000808
29.0600	-0.000155
29.0650	0.000167
29.0700	0.000072
29.0750	-0.000314
29.0800	-0.000812
29.0850	-0.001467
29.0900	-0.002240
29.0950	-0.002949
29.1000	-0.003707
29.1050	-0.004557
29.1100	-0.005380
29.1150	-0.006036
29.1200	-0.006218
29.1250	-0.005773
29.1300	-0.004915
29.1350	-0.004021
29.1400	-0.003199
29.1450	-0.002453
29.1500	-0.001975
29.1550	-0.001791
29.1600	-0.001507
29.1650	-0.000741
29.1700	0.000430
29.1750	0.001809
29.1800	0.003286
29.1850	0.004776
29.1900	0.006236
29.1950	0.007503
29.2000	0.008356
29.2050	0.008593
29.2100	0.008139
29.2150	0.007135
29.2200	0.005625
29.2250	0.003575
29.2300	0.001165
29.2350	-0.001231
29.2400	-0.003283
29.2450	-0.004883
29.2500	-0.006111
29.2550	-0.007025
29.2600	-0.007744
29.2650	-0.008348
29.2700	-0.008675
29.2750	-0.008576
29.2800	-0.007856
29.2850	-0.006417
29.2900	-0.004534
29.2950	-0.002560
29.3000	-0.000600
29.3050	0.001200
29.3100	0.002472
29.3150	0.002988
29.3200	0.002775
29.3250	0.001995
29.3300	0.000711
29.3350	-0.001079
29.3400	-0.003258
29.3450	-0.005480
29.3500	-0.007222
29.3550	-0.008216
29.3600	-0.008654
29.3650	-0.008833
29.3700	-0.008667
29.3750	-0.007934
29.3800	-0.006695
29.3850	-0.005171
29.3900	-0.003547
29.3950	-0.001970
29.4000	-0.000467
29.4050	0.001004
29.4100	0.002190
29.4150	0.002824
29.4200	0.003013
29.4250	0.003022
29.4300	0.003050
29.4350	0.003142
29.4400	0.003287
29.4450	0.003389
29.4500	0.003248
29.4550	0.002790
29.4600	0.002216
29.4650	0.001830
29.4700	0.001868
29.4750	0.002284
29.4800	0.002777
29.4850	0.003125
29.4900	0.003289
29.4950	0.003449
29.5000	0.003768
29.5050	0.004176
29.5100	0.004656
29.5150	0.005253
29.5200	0.005872
29.5250	0.006427
29.5300	0.006880
29.5350	0.007115
29.5400	0.006965
29.5450	0.006471
29.5500	0.005917
29.5550	0.005379
29.5600	0.004662
29.5650	0.003657
29.5700	0.002472
29.5750	0.001165
29.5800	-0.000281
29.5850	-0.001798
29.5900	-0.003314
29.5950	-0.004718
29.6000	-0.005840
29.6050	-0.006705
29.6100	-0.007493
29.6150	-0.008175
29.6200	-0.008626
29.6250	-0.008847
29.6300	-0.008870
29.6350	-0.008764
29.6400	-0.008524
29.6450	-0.007990
29.6500	-0.007099
29.6550	-0.006049
29.6600	-0.005165
29.6650	-0.004572
29.6700	-0.004233
29.6750	-0.003999
29.6800	-0.003546
29.6850	-0.002694
29.6900	-0.001592
29.6950	-0.000471
29.7000	0.000637
29.7050	0.001732
29.7100	0.002675
29.7150	0.003340
29.7200	0.003694
29.7250	0.003769
29.7300	0.003669
29.7350	0.003494
29.7400	0.003278
29.7450	0.003116
29.7500	0.003059
29.7550	0.003061
29.7600	0.003121
29.7650	0.003215
29.7700	0.003409
29.7750	0.003756
29.7800	0.004282
29.7850	0.004989
29.7900	0.005579
29.7950	0.005853
29.8000	0.005972
29.8050	0.006006
29.8100	0.005757
29.8150	0.005175
29.8200	0.004459
29.8250	0.003690
29.8300	0.002864
29.8350	0.002006
29.8400	0.001139
29.8450	0.000348
29.8500	-0.000318
29.8550	-0.000800
29.8600	-0.001044
29.8650	-0.001107
29.8700	-0.001023
29.8750	-0.000648
29.8800	0.000115
29.8850	0.001064
29.8900	0.002034
29.8950	0.002945
29.9000	0.003814
29.9050	0.004688
29.9100	0.005340
29.9150	0.005577
29.9200	0.005374
29.9250	0.004687
29.9300	0.003558
29.9350	0.002089
29.9400	0.000314
29.9450	-0.001656
29.9500	-0.003515
29.9550	-0.004932
29.9600	-0.005709
29.9650	-0.005939
29.9700	-0.005917
29.9750	-0.005932
29.9800	-0.005976
29.9850	-0.005666
29.9900	-0.004879
29.9950	-0.003838
30.0000	-0.002740
30.0050	-0.001773
30.0100	-0.001020
30.0150	-0.000529
30.0200	-0.000401
30.0250	-0.000737
30.0300	-0.001549
30.0350	-0.002587
30.0400	-0.003555
30.0450	-0.004357
30.0500	-0.005040
30.0550	-0.005588
30.0600	-0.005859
30.0650	-0.005680
30.0700	-0.005031
30.0750	-0.004254
30.0800	-0.003771
30.0850	-0.003565
30.0900	-0.003262
30.0950	-0.002711
30.1000	-0.002030
30.1050	-0.001399
30.1100	-0.000853
30.1150	0.000022
30.1200	0.001444
30.1250	0.002918
30.1300	0.004065
30.1350	0.004889
30.1400	0.005328
30.1450	0.005323
30.1500	0.004981
30.1550	0.004405
30.1600	0.003640
30.1650	0.002887
30.1700	0.002330
30.1750	0.001924
30.1800	0.001662
30.1850	0.001702
30.1900	0.002122
30.1950	0.002747
30.2000	0.003419
30.2050	0.004231
30.2100	0.005101
30.2150	0.005622
30.2200	0.005678
30.2250	0.005532
30.2300	0.005347
30.2350	0.005047
30.2400	0.004505
30.2450	0.003780
30.2500	0.003018
30.2550	0.002200
30.2600	0.001196
30.2650	0.000033
30.2700	-0.001062
30.2750	-0.001933
30.2800	-0.002535
30.2850	-0.002663
30.2900	-0.002164
30.2950	-0.001250
30.3000	-0.000245
30.3050	0.000842
30.3100	0.002036
30.3150	0.003098
30.3200	0.003936
30.3250	0.004597
30.3300	0.004995
30.3350	0.005077
30.3400	0.004911
30.3450	0.004466
30.3500	0.003704
30.3550	0.002856
30.3600	0.002120
30.3650	0.001413
30.3700	0.000555
30.3750	-0.000398
30.3800	-0.001052
30.3850	-0.001234
30.3900	-0.001187
30.3950	-0.001122
30.4000	-0.001143
30.4050	-0.001240
30.4100	-0.001275
30.4150	-0.001111
30.4200	-0.000666
30.4250	-0.000080
30.4300	0.000421
30.4350	0.000695
30.4400	0.000632
30.4450	0.000267
30.4500	-0.000247
30.4550	-0.000696
30.4600	-0.000752
30.4650	-0.000329
30.4700	0.000246
30.4750	0.000544
30.4800	0.000429
30.4850	0.000141
30.4900	-0.000119
30.4950	-0.000384
30.5000	-0.000750
30.5050	-0.001259
30.5100	-0.001853
30.5150	-0.002405
30.5200	-0.002878
30.5250	-0.003213
30.5300	-0.003261
30.5350	-0.002815
30.5400	-0.001940
30.5450	-0.001044
30.5500	-0.000227
30.5550	0.000591
30.5600	0.001481
30.5650	0.002394
30.5700	0.003072
30.5750	0.003432
30.5800	0.003568
30.5850	0.003583
30.5900	0.003512
30.5950	0.003339
30.6000	0.003072
30.6050	0.002721
30.6100	0.002212
30.6150	0.001478
30.6200	0.000650
30.6250	-0.000084
30.6300	-0.000615
30.6350	-0.000841
30.6400	-0.000719
30.6450	-0.000285
30.6500	0.000386
30.6550	0.001128
30.6600	0.001811
30.6650	0.002364
30.6700	0.002623
30.6750	0.002551
30.6800	0.002263
30.6850	0.001708
30.6900	0.000817
30.6950	-0.000284
30.7000	-0.001331
30.7050	-0.002101
30.7100	-0.002646
30.7150	-0.003085
30.7200	-0.003476
30.7250	-0.003922
30.7300	-0.004473
30.7350	-0.005133
30.7400	-0.005857
30.7450	-0.006488
30.7500	-0.006860
30.7550	-0.006980
30.7600	-0.006971
30.7650	-0.006858
30.7700	-0.006587
30.7750	-0.006242
30.7800	-0.005858
30.7850	-0.005233
30.7900	-0.004422
30.7950	-0.003844
30.8000	-0.003674
30.8050	-0.003738
30.8100	-0.003814
30.8150	-0.003788
30.8200	-0.003677
30.8250	-0.003560
30.8300	-0.003502
30.8350	-0.003478
30.8400	-0.003352
30.8450	-0.002927
30.8500	-0.002172
30.8550	-0.001430
30.8600	-0.001046
30.8650	-0.000964
30.8700	-0.000927
30.8750	-0.000837
30.8800	-0.000732
30.8850	-0.000672
30.8900	-0.000744
30.8950	-0.000905
30.9000	-0.000983
30.9050	-0.000862
30.9100	-0.000517
30.9150	0.000057
30.9200	0.000750
30.9250	0.001256
30.9300	0.001411
30.9350	0.001329
30.9400	0.001173
30.9450	0.000973
30.9500	0.000614
30.9550	0.000031
30.9600	-0.000583
30.9650	-0.000974
30.9700	-0.001293
30.9750	-0.001868
30.9800	-0.002621
30.9850	-0.003209
30.9900	-0.003492
30.9950	-0.003565
31.0000	-0.003569
31.0050	-0.003514
31.0100	-0.003374
31.0150	-0.003043
31.0200	-0.002352
31.0250	-0.001515
31.0300	-0.000914
31.0350	-0.000572
31.0400	-0.000304
31.0450	-0.000025
31.0500	0.000214
31.0550	0.000276
31.0600	0.000161
31.0650	-0.000010
31.0700	-0.000214
31.0750	-0.000452
31.0800	-0.000658
31.0850	-0.000727
31.0900	-0.000681
31.0950	-0.000553
31.1000	-0.000345
31.1050	-0.000257
31.1100	-0.000437
31.1150	-0.000756
31.1200	-0.001054
31.1250	-0.001284
31.1300	-0.001401
31.1350	-0.001273
31.1400	-0.000879
31.1450	-0.000248
31.1500	0.000721
31.1550	0.002002
31.1600	0.003334
31.1650	0.004495
31.1700	0.005474
31.1750	0.006309
31.1800	0.006946
31.1850	0.007220
31.1900	0.006901
31.1950	0.005923
31.2000	0.004402
31.2050	0.002505
31.2100	0.000424
31.2150	-0.001677
31.2200	-0.003618
31.2250	-0.005199
31.2300	-0.006349
31.2350	-0.007073
31.2400	-0.007351
31.2450	-0.007093
31.2500	-0.006235
31.2550	-0.004967
31.2600	-0.003515
31.2650	-0.001930
31.2700	-0.000239
31.2750	0.001518
31.2800	0.003166
31.2850	0.004484
31.2900	0.005392
31.2950	0.005814
31.3000	0.005770
31.3050	0.005365
31.3100	0.004656
31.3150	0.003714
31.3200	0.002627
31.3250	0.001425
31.3300	0.000254
31.3350	-0.000520
31.3400	-0.000775
31.3450	-0.000738
31.3500	-0.000625
31.3550	-0.000361
31.3600	0.000228
31.3650	0.000951
31.3700	0.001514
31.3750	0.001918
31.3800	0.002166
31.3850	0.002069
31.3900	0.001497
31.3950	0.000586
31.4000	-0.000394
31.4050	-0.001292
31.4100	-0.002116
31.4150	-0.002736
31.4200	-0.003030
31.4250	-0.003055
31.4300	-0.002899
31.4350	-0.002640
31.4400	-0.002250
31.4450	-0.001684
31.4500	-0.000949
31.4550	-0.000022
31.4600	0.001073
31.4650	0.002273
31.4700	0.003412
31.4750	0.004366
31.4800	0.005206
31.4850	0.005900
31.4900	0.006499
31.4950	0.007220
31.5000	0.008019
31.5050	0.008682
31.5100	0.009166
31.5150	0.009448
31.5200	0.009437
31.5250	0.009243
31.5300	0.008976
31.5350	0.008716
31.5400	0.008628
31.5450	0.008709
31.5500	0.008877
31.5550	0.009062
31.5600	0.009037
31.5650	0.008614
31.5700	0.007879
31.5750	0.006925
31.5800	0.005778
31.5850	0.004558
31.5900	0.003331
31.5950	0.002211
31.6000	0.001271
31.6050	0.000431
31.6100	-0.000215
31.6150	-0.000539
31.6200	-0.000673
31.6250	-0.000893
31.6300	-0.001249
31.6350	-0.001575
31.6400	-0.001777
31.6450	-0.001851
31.6500	-0.001843
31.6550	-0.001667
31.6600	-0.001228
31.6650	-0.000616
31.6700	0.000108
31.6750	0.000950
31.6800	0.001813
31.6850	0.002485
31.6900	0.002717
31.6950	0.002304
31.7000	0.001407
31.7050	0.000415
31.7100	-0.000511
31.7150	-0.001389
31.7200	-0.002265
31.7250	-0.003195
31.7300	-0.004148
31.7350	-0.004883
31.7400	-0.005233
31.7450	-0.005312
31.7500	-0.005208
31.7550	-0.004897
31.7600	-0.004522
31.7650	-0.004424
31.7700	-0.004885
31.7750	-0.005757
31.7800	-0.006634
31.7850	-0.007309
31.7900	-0.007657
31.7950	-0.007473
31.8000	-0.006649
31.8050	-0.005348
31.8100	-0.003773
31.8150	-0.002043
31.8200	-0.000248
31.8250	0.001476
31.8300	0.002829
31.8350	0.003521
31.8400	0.003488
31.8450	0.002940
31.8500	0.002218
31.8550	0.001424
31.8600	0.000575
31.8650	-0.000060
31.8700	-0.000255
31.8750	-0.000034
31.8800	0.000435
31.8850	0.000959
31.8900	0.001195
31.8950	0.000882
31.9000	0.000242
31.9050	-0.000320
31.9100	-0.000530
31.9150	-0.000351
31.9200	0.000139
31.9250	0.000855
31.9300	0.001515
31.9350	0.001828
31.9400	0.001827
31.9450	0.001715
31.9500	0.001746
31.9550	0.002216
31.9600	0.003097
31.9650	0.003927
31.9700	0.004402
31.9750	0.004814
31.9800	0.005475
31.9850	0.006169
31.9900	0.006591
31.9950	0.006802
32.0000	0.006959
32.0050	0.006986
32.0100	0.006695
32.0150	0.006032
32.0200	0.005225
32.0250	0.004536
32.0300	0.004017
32.0350	0.003569
32.0400	0.003185
32.0450	0.002887
32.0500	0.002683
32.0550	0.002663
32.0600	0.002763
32.0650	0.002837
32.0700	0.002845
32.0750	0.002841
32.0800	0.002946
32.0850	0.003108
32.0900	0.003186
32.0950	0.003190
32.1000	0.003176
32.1050	0.003045
32.1100	0.002660
32.1150	0.002161
32.1200	0.001680
32.1250	0.001219
32.1300	0.001066
32.1350	0.001438
32.1400	0.002180
32.1450	0.003101
32.1500	0.004027
32.1550	0.004884
32.1600	0.005674
32.1650	0.006312
32.1700	0.006716
32.1750	0.006783
32.1800	0.006372
32.1850	0.005455
32.1900	0.004199
32.1950	0.002847
32.2000	0.001382
32.2050	-0.000307
32.2100	-0.002173
32.2150	-0.004114
32.2200	-0.005834
32.2250	-0.006970
32.2300	-0.007463
32.2350	-0.007585
32.2400	-0.007586
32.2450	-0.007557
32.2500	-0.007478
32.2550	-0.007013
32.2600	-0.005905
32.2650	-0.004328
32.2700	-0.002647
32.2750	-0.001256
32.2800	-0.000190
32.2850	0.000695
32.2900	0.001340
32.2950	0.001682
32.3000	0.001660
32.3050	0.001336
32.3100	0.000860
32.3150	0.000349
32.3200	-0.000064
32.3250	-0.000211
32.3300	0.000027
32.3350	0.000500
32.3400	0.001112
32.3450	0.002040
32.3500	0.003264
32.3550	0.004507
32.3600	0.005574
32.3650	0.006290
32.3700	0.006465
32.3750	0.006029
32.3800	0.005109
32.3850	0.003941
32.3900	0.002615
32.3950	0.001257
32.4000	0.000142
32.4050	-0.000616
32.4100	-0.001176
32.4150	-0.001705
32.4200	-0.002165
32.4250	-0.002344
32.4300	-0.002223
32.4350	-0.002105
32.4400	-0.002250
32.4450	-0.002587
32.4500	-0.002864
32.4550	-0.002945
32.4600	-0.002894
32.4650	-0.002907
32.4700	-0.003031
32.4750	-0.003109
32.4800	-0.003065
32.4850	-0.002842
32.4900	-0.002366
32.4950	-0.001792
32.5000	-0.001360
32.5050	-0.001227
32.5100	-0.001385
32.5150	-0.001636
32.5200	-0.001716
32.5250	-0.001393
32.5300	-0.000773
32.5350	-0.000081
32.5400	0.000708
32.5450	0.001485
32.5500	0.002049
32.5550	0.002474
32.5600	0.002912
32.5650	0.003187
32.5700	0.003040
32.5750	0.002606
32.5800	0.002175
32.5850	0.001966
32.5900	0.001912
32.5950	0.001638
32.6000	0.001021
32.6050	0.000339
32.6100	-0.000114
32.6150	-0.000174
32.6200	0.000167
32.6250	0.000656
32.6300	0.001081
32.6350	0.001423
32.6400	0.001683
32.6450	0.001777
32.6500	0.001617
32.6550	0.001227
32.6600	0.000660
32.6650	0.000099
32.6700	-0.000388
32.6750	-0.001018
32.6800	-0.001778
32.6850	-0.002342
32.6900	-0.002432
32.6950	-0.001980
32.7000	-0.001257
32.7050	-0.000649
32.7100	-0.000350
32.7150	-0.000386
32.7200	-0.000325
32.7250	0.000188
32.7300	0.001070
32.7350	0.001861
32.7400	0.002287
32.7450	0.002583
32.7500	0.003083
32.7550	0.003707
32.7600	0.004214
32.7650	0.004457
32.7700	0.004480
32.7750	0.004432
32.7800	0.004403
32.7850	0.004452
32.7900	0.004532
32.7950	0.004584
32.8000	0.004572
32.8050	0.004479
32.8100	0.004238
32.8150	0.003818
32.8200	0.003351
32.8250	0.002768
32.8300	0.001886
32.8350	0.000703
32.8400	-0.000643
32.8450	-0.001825
32.8500	-0.002526
32.8550	-0.002829
32.8600	-0.003008
32.8650	-0.003112
32.8700	-0.003096
32.8750	-0.002985
32.8800	-0.002908
32.8850	-0.002886
32.8900	-0.002758
32.8950	-0.002477
32.9000	-0.002105
32.9050	-0.001859
32.9100	-0.002033
32.9150	-0.002601
32.9200	-0.003358
32.9250	-0.004191
32.9300	-0.004981
32.9350	-0.005661
32.9400	-0.006361
32.9450	-0.007066
32.9500	-0.007533
32.9550	-0.007800
32.9600	-0.008048
32.9650	-0.008296
32.9700	-0.008441
32.9750	-0.008314
32.9800	-0.007958
32.9850	-0.007673
32.9900	-0.007665
32.9950	-0.007853
33.0000	-0.008093
33.0050	-0.008306
33.0100	-0.008446
33.0150	-0.008473
33.0200	-0.008429
33.0250	-0.008284
33.0300	-0.007902
33.0350	-0.007484
33.0400	-0.007280
33.0450	-0.007215
33.0500	-0.007085
33.0550	-0.006688
33.0600	-0.006054
33.0650	-0.005401
33.0700	-0.004833
33.0750	-0.004220
33.0800	-0.003431
33.0850	-0.002558
33.0900	-0.001681
33.0950	-0.000839
33.1000	-0.000134
33.1050	0.000469
33.1100	0.001006
33.1150	0.001428
33.1200	0.001785
33.1250	0.002217
33.1300	0.002856
33.1350	0.003711
33.1400	0.004685
33.1450	0.005662
33.1500	0.006517
33.1550	0.007132
33.1600	0.007444
33.1650	0.007355
33.1700	0.006780
33.1750	0.005915
33.1800	0.004984
33.1850	0.003980
33.1900	0.002856
33.1950	0.001612
33.2000	0.000401
33.2050	-0.000508
33.2100	-0.001117
33.2150	-0.001642
33.2200	-0.002136
33.2250	-0.002528
33.2300	-0.002794
33.2350	-0.003001
33.2400	-0.003366
33.2450	-0.003980
33.2500	-0.004558
33.2550	-0.004826
33.2600	-0.004776
33.2650	-0.004494
33.2700	-0.003988
33.2750	-0.003247
33.2800	-0.002419
33.2850	-0.001615
33.2900	-0.000955
33.2950	-0.000584
33.3000	-0.000441
33.3050	-0.000420
33.3100	-0.000405
33.3150	-0.000322
33.3200	-0.000218
33.3250	-0.000150
33.3300	-0.000127
33.3350	-0.000130
33.3400	-0.000143
33.3450	-0.000202
33.3500	-0.000440
33.3550	-0.000895
33.3600	-0.001548
33.3650	-0.002418
33.3700	-0.003349
33.3750	-0.004071
33.3800	-0.004415
33.3850	-0.004451
33.3900	-0.004558
33.3950	-0.005050
33.4000	-0.005803
33.4050	-0.006561
33.4100	-0.007155
33.4150	-0.007640
33.4200	-0.008075
33.4250	-0.008305
33.4300	-0.008248
33.4350	-0.007825
33.4400	-0.006984
33.4450	-0.005893
33.4500	-0.004721
33.4550	-0.003483
33.4600	-0.002173
33.4650	-0.000846
33.4700	0.000387
33.4750	0.001384
33.4800	0.001937
33.4850	0.002124
33.4900	0.002261
33.4950	0.002511
33.5000	0.002897
33.5050	0.003258
33.5100	0.003432
33.5150	0.003469
33.5200	0.003597
33.5250	0.003934
33.5300	0.004435
33.5350	0.005052
33.5400	0.005605
33.5450	0.005901
33.5500	0.005951
33.5550	0.005768
33.5600	0.005411
33.5650	0.004991
33.5700	0.004424
33.5750	0.003571
33.5800	0.002407
33.5850	0.001116
33.5900	0.000040
33.5950	-0.000713
33.6000	-0.001264
33.6050	-0.001565
33.6100	-0.001455
33.6150	-0.000958
33.6200	-0.000339
33.6250	0.000194
33.6300	0.000717
33.6350	0.001228
33.6400	0.001480
33.6450	0.001352
33.6500	0.001054
33.6550	0.000763
33.6600	0.000479
33.6650	0.000174
33.6700	-0.000159
33.6750	-0.000346
33.6800	-0.000271
33.6850	-0.000080
33.6900	0.000108
33.6950	0.000407
33.7000	0.000957
33.7050	0.001580
33.7100	0.001948
33.7150	0.001965
33.7200	0.001683
33.7250	0.001256
33.7300	0.000850
33.7350	0.000382
33.7400	-0.000226
33.7450	-0.000874
33.7500	-0.001591
33.7550	-0.002484
33.7600	-0.003322
33.7650	-0.003775
33.7700	-0.003835
33.7750	-0.003618
33.7800	-0.003157
33.7850	-0.002553
33.7900	-0.002008
33.7950	-0.001512
33.8000	-0.000928
33.8050	-0.000369
33.8100	0.000060
33.8150	0.000582
33.8200	0.001268
33.8250	0.001922
33.8300	0.002559
33.8350	0.003170
33.8400	0.003565
33.8450	0.003669
33.8500	0.003594
33.8550	0.003520
33.8600	0.003529
33.8650	0.003552
33.8700	0.003465
33.8750	0.003212
33.8800	0.002889
33.8850	0.002527
33.8900	0.002103
33.8950	0.001636
33.9000	0.001051
33.9050	0.000443
33.9100	0.000010
33.9150	-0.000277
33.9200	-0.000540
33.9250	-0.000811
33.9300	-0.001114
33.9350	-0.001392
33.9400	-0.001564
33.9450	-0.001695
33.9500	-0.001792
33.9550	-0.001832
33.9600	-0.001841
33.9650	-0.001841
33.9700	-0.001842
33.9750	-0.001872
33.9800	-0.001976
33.9850	-0.002085
33.9900	-0.002148
33.9950	-0.002148
34.0000	-0.002011
34.0050	-0.001790
34.0100	-0.001521
34.0150	-0.001107
34.0200	-0.000605
34.0250	-0.000217
34.0300	-0.000072
34.0350	-0.000152
34.0400	-0.000358
34.0450	-0.000603
34.0500	-0.000884
34.0550	-0.001320
34.0600	-0.001891
34.0650	-0.002495
34.0700	-0.003053
34.0750	-0.003445
34.0800	-0.003680
34.0850	-0.003858
34.0900	-0.004083
34.0950	-0.004434
34.1000	-0.004827
34.1050	-0.005118
34.1100	-0.005245
34.1150	-0.005181
34.1200	-0.004947
34.1250	-0.004572
34.1300	-0.004042
34.1350	-0.003323
34.1400	-0.002466
34.1450	-0.001604
34.1500	-0.000808
34.1550	-0.000029
34.1600	0.000759
34.1650	0.001455
34.1700	0.001882
34.1750	0.002002
34.1800	0.001973
34.1850	0.001920
34.1900	0.001890
34.1950	0.001749
34.2000	0.001392
34.2050	0.000955
34.2100	0.000638
34.2150	0.000623
34.2200	0.000971
34.2250	0.001526
34.2300	0.001959
34.2350	0.002131
34.2400	0.002221
34.2450	0.002385
34.2500	0.002599
34.2550	0.002739
34.2600	0.002706
34.2650	0.002412
34.2700	0.001841
34.2750	0.001090
34.2800	0.000323
34.2850	-0.000376
34.2900	-0.001133
34.2950	-0.001965
34.3000	-0.002824
34.3050	-0.003610
34.3100	-0.004166
34.3150	-0.004454
34.3200	-0.004406
34.3250	-0.003992
34.3300	-0.003312
34.3350	-0.002533
34.3400	-0.001803
34.3450	-0.001128
34.3500	-0.000483
34.3550	0.000127
34.3600	0.000593
34.3650	0.000812
34.3700	0.000831
34.3750	0.000799
34.3800	0.000824
34.3850	0.000878
34.3900	0.000916
34.3950	0.000927
34.4000	0.000931
34.4050	0.001019
34.4100	0.001272
34.4150	0.001602
34.4200	0.001870
34.4250	0.002009
34.4300	0.002011
34.4350	0.001951
34.4400	0.001885
34.4450	0.001823
34.4500	0.001815
34.4550	0.001871
34.4600	0.001865
34.4650	0.001683
34.4700	0.001328
34.4750	0.001035
34.4800	0.001077
34.4850	0.001419
34.4900	0.001799
34.4950	0.001921
34.5000	0.001713
34.5050	0.001293
34.5100	0.000777
34.5150	0.000269
34.5200	-0.000178
34.5250	-0.000607
34.5300	-0.001052
34.5350	-0.001438
34.5400	-0.001688
34.5450	-0.001801
34.5500	-0.001822
34.5550	-0.001786
34.5600	-0.001683
34.5650	-0.001548
34.5700	-0.001423
34.5750	-0.001205
34.5800	-0.000789
34.5850	-0.000245
34.5900	0.000304
34.5950	0.000743
34.6000	0.001056
34.6050	0.001344
34.6100	0.001606
34.6150	0.001734
34.6200	0.001699
34.6250	0.001555
34.6300	0.001409
34.6350	0.001330
34.6400	0.001364
34.6450	0.001565
34.6500	0.001939
34.6550	0.002439
34.6600	0.002977
34.6650	0.003566
34.6700	0.004206
34.6750	0.004782
34.6800	0.005264
34.6850	0.005614
34.6900	0.005786
34.6950	0.005800
34.7000	0.005570
34.7050	0.005055
34.7100	0.004390
34.7150	0.003703
34.7200	0.003032
34.7250	0.002364
34.7300	0.001693
34.7350	0.001023
34.7400	0.000369
34.7450	-0.000176
34.7500	-0.000501
34.7550	-0.000592
34.7600	-0.000489
34.7650	-0.000225
34.7700	0.000073
34.7750	0.000230
34.7800	0.000222
34.7850	0.000146
34.7900	0.000074
34.7950	-0.000038
34.8000	-0.000251
34.8050	-0.000484
34.8100	-0.000612
34.8150	-0.000641
34.8200	-0.000613
34.8250	-0.000481
34.8300	-0.000187
34.8350	0.000263
34.8400	0.000831
34.8450	0.001488
34.8500	0.002123
34.8550	0.002605
34.8600	0.002916
34.8650	0.003022
34.8700	0.002895
34.8750	0.002633
34.8800	0.002338
34.8850	0.002022
34.8900	0.001730
34.8950	0.001533
34.9000	0.001375
34.9050	0.001154
34.9100	0.000898
34.9150	0.000714
34.9200	0.000637
34.9250	0.000629
34.9300	0.000634
34.9350	0.000617
34.9400	0.000572
34.9450	0.000483
34.9500	0.000323
34.9550	0.000103
34.9600	-0.000130
34.9650	-0.000358
34.9700	-0.000608
34.9750	-0.000888
34.9800	-0.001144
34.9850	-0.001294
34.9900	-0.001324
34.9950	-0.001282
35.0000	-0.001222
35.0050	-0.001126
35.0100	-0.000949
35.0150	-0.000710
35.0200	-0.000448
35.0250	-0.000210
35.0300	-0.000005
35.0350	0.000187
35.0400	0.000352
35.0450	0.000445
35.0500	0.000472
35.0550	0.000499
35.0600	0.000577
35.0650	0.000690
35.0700	0.000798
35.0750	0.000856
35.0800	0.000856
35.0850	0.000824
35.0900	0.000779
35.0950	0.000720
35.1000	0.000653
35.1050	0.000593
35.1100	0.000525
35.1150	0.000434
35.1200	0.000342
35.1250	0.000264
35.1300	0.000162
35.1350	0.000016
35.1400	-0.000129
35.1450	-0.000233
35.1500	-0.000262
35.1550	-0.000194
35.1600	-0.000060
35.1650	0.000069
35.1700	0.000132
35.1750	0.000117
35.1800	0.000110
35.1850	0.000175
35.1900	0.000271
35.1950	0.000345
35.2000	0.000373
35.2050	0.000374
35.2100	0.000364
35.2150	0.000345
35.2200	0.000334
35.2250	0.000326
35.2300	0.000311
35.2350	0.000293
35.2400	0.000265
35.2450	0.000214
35.2500	0.000151
35.2550	0.000078
35.2600	-0.000010
35.2650	-0.000084
35.2700	-0.000123
35.2750	-0.000142
35.2800	-0.000184
35.2850	-0.000277
35.2900	-0.000395
35.2950	-0.000505
35.3000	-0.000599
35.3050	-0.000683
35.3100	-0.000769
35.3150	-0.000859
35.3200	-0.000920
35.3250	-0.000931
35.3300	-0.000894
35.3350	-0.000809
35.3400	-0.000702
35.3450	-0.000612
35.3500	-0.000542
35.3550	-0.000486
35.3600	-0.000451
35.3650	-0.000453
35.3700	-0.000495
35.3750	-0.000539
35.3800	-0.000556
35.3850	-0.000551
35.3900	-0.000538
35.3950	-0.000526
35.4000	-0.000517
35.4050	-0.000510
35.4100	-0.000503
35.4150	-0.000496
35.4200	-0.000491
35.4250	-0.000482
35.4300	-0.000468
35.4350	-0.000448
35.4400	-0.000407
35.4450	-0.000343
35.4500	-0.000287
35.4550	-0.000263
35.4600	-0.000261
35.4650	-0.000267
35.4700	-0.000266
35.4750	-0.000234
35.4800	-0.000181
35.4850	-0.000143
35.4900	-0.000136
35.4950	-0.000153
35.5000	-0.000176
35.5050	-0.000191
35.5100	-0.000193
35.5150	-0.000183
35.5200	-0.000165
35.5250	-0.000153
35.5300	-0.000154
35.5350	-0.000169
35.5400	-0.000196
35.5450	-0.000232
35.5500	-0.000273
35.5550	-0.000313
35.5600	-0.000352
35.5650	-0.000388
35.5700	-0.000410
35.5750	-0.000412
35.5800	-0.000402
35.5850	-0.000387
35.5900	-0.000372
35.5950	-0.000362
35.6000	-0.000358
35.6050	-0.000357
35.6100	-0.000363
35.6150	-0.000366
35.6200	-0.000359
35.6250	-0.000341
35.6300	-0.000314
35.6350	-0.000286
35.6400	-0.000263
35.6450	-0.000242
35.6500	-0.000225
35.6550	-0.000214
35.6600	-0.000214
35.6650	-0.000220
35.6700	-0.000223
35.6750	-0.000221
35.6800	-0.000216
35.6850	-0.000208
35.6900	-0.000196
35.6950	-0.000179
35.7000	-0.000159
35.7050	-0.000136
35.7100	-0.000108
35.7150	-0.000079
35.7200	-0.000053
35.7250	-0.000032
35.7300	-0.000014
35.7350	0.000005
35.7400	0.000025
35.7450	0.000043
35.7500	0.000058
35.7550	0.000070
35.7600	0.000077
35.7650	0.000077
35.7700	0.000074
35.7750	0.000069
35.7800	0.000062
35.7850	0.000054
35.7900	0.000045
35.7950	0.000034
35.8000	0.000021
35.8050	0.000011
35.8100	0.000004
35.8150	0.000001
35.8200	-0.000003
35.8250	-0.000010
35.8300	-0.000018
35.8350	-0.000026
35.8400	-0.000028
35.8450	-0.000027
35.8500	-0.000027
35.8550	-0.000028
35.8600	-0.000030
35.8650	-0.000033
35.8700	-0.000034
35.8750	-0.000034
35.8800	-0.000032
35.8850	-0.000030
35.8900	-0.000029
35.8950	-0.000029
35.9000	-0.000031
35.9050	-0.000033
35.9100	-0.000033
35.9150	-0.000033
35.9200	-0.000033
35.9250	-0.000033
35.9300	-0.000034
35.9350	-0.000036
35.9400	-0.000037
35.9450	-0.000036
35.9500	-0.000036
35.9550	-0.000036
35.9600	-0.000035
35.9650	-0.000032
35.9700	-0.000026
35.9750	-0.000021
35.9800	-0.000017
35.9850	-0.000013
35.9900	-0.000008
35.9950	-0.000004
36.0000	-0.000001
36.0050	0.000001
36.0100	0.000002
36.0150	0.000004
36.0200	0.000005
36.0250	0.000005
36.0300	0.000005
36.0350	0.000005
36.0400	0.000005
36.0450	0.000005
36.0500	0.000006
36.0550	0.000006
36.0600	0.000006
36.0650	0.000007
36.0700	0.000009
36.0750	0.000009
36.0800	0.000010
36.0850	0.000010
36.0900	0.000011
36.0950	0.000012
36.1000	0.000012
36.1050	0.000012
36.1100	0.000012
36.1150	0.000013
36.1200	0.000014
36.1250	0.000015
36.1300	0.000016
36.1350	0.000017
36.1400	0.000018
36.1450	0.000019
36.1500	0.000020
36.1550	0.000021
36.1600	0.000022
36.1650	0.000022
36.1700	0.000023
36.1750	0.000024
36.1800	0.000024
36.1850	0.000025
36.1900	0.000025
36.1950	0.000026
36.2000	0.000027
36.2050	0.000027
36.2100	0.000028
36.2150	0.000028
36.2200	0.000029
36.2250	0.000029
36.2300	0.000030
36.2350	0.000030
36.2400	0.000031
36.2450	0.000031
36.2500	0.000031
36.2550	0.000032
36.2600	0.000032
36.2650	0.000033
36.2700	0.000033
36.2750	0.000033
36.2800	0.000034
36.2850	0.000034
36.2900	0.000035
36.2950	0.000035
36.3000	0.000035
36.3050	0.000036
36.3100	0.000036
36.3150	0.000036
36.3200	0.000037
36.3250	0.000037
36.3300	0.000037
36.3350	0.000038
36.3400	0.000038
